run_id,island_id,seq,eval_index,generation,t_wall,t_mono_ns,individual_id,parent_ids,operator,fitness,objective,feasible,constraint_violation,is_island_best,genome_encoding,genome_hash,genome_repr,genome_repr_mode,genome_precision_decimals,genome_dim,origin_island,origin_individual_id
run-20260903T230838Z-4891f68f,1,1,0,0,1788476919.098844,5867875000000,i01-g000000-n000000000,,init,170.4218668666648,,,,1,real_vector,b326301b5b797a316456b1298e41bab2,"[-3.2240777093048454,-1.9122443699833687,3.9062074526749493,3.936048221820802,1.0715457663712016,4.370361647279178,4.284044328086048,-2.3233619868991187,2.170500129117338,-2.796701077425813]",full,4,10,,
run-20260903T230838Z-4891f68f,1,2,1,0,1788476919.098844,5867875000000,i01-g000000-n000000001,,init,207.64334549848306,,,,,real_vector,7a057a82a02ae05e1ed1a4348df461c5,IAgDPUYu5z9NG7X9/W0RwCR3ae4DpwzAwRY93aARE0DwHivKhs3Zvw8V+AaTHADAmAr3+EGr4j8AiuCy6zivP7UCtosReRFA36H+l2TKBcA=,compact,4,10,,
run-20260903T230838Z-4891f68f,1,3,2,0,1788476919.099843,5867875000000,i01-g000000-n000000002,,init,181.61488758584838,,,,,real_vector,e83152117efae286d8ec4df9ff1a8933,f2/6b/xLEcB5EuWQt40RQB+/PWFMSRFAoMf2hzbCx7/sVOZvGNcAwGSz6FcMXAVAzlhu+1rADUB0jAAs68z8PwAt1A3O46C/LpEq6LkN878=,compact,4,10,,
run-20260903T230838Z-4891f68f,1,4,3,0,1788476919.099843,5867875000000,i01-g000000-n000000003,,init,154.30231161400877,,,,1,real_vector,0268293fa0742575a6e6be6bd2327305,"[-0.7841628800574076,-3.927890168117591,0.9693903794332872,-2.2822492027318866,-2.5270686102808373,-4.069970119348242,1.5190656276972456,4.9145119540045785,-0.3403042753402836,1.9824481228675825]",full,4,10,,
run-20260903T230838Z-4891f68f,1,5,4,0,1788476919.099843,5867875000000,i01-g000000-n000000004,,init,194.95603280365486,,,,,real_vector,9720ea2f3ed93536853eeec4131adcc4,vIc+963u/T+6xdneZGgKQLi75zP8I/6/2DvDpuU9978QvSxjCtPbP8DER0ZqTeE/3sRMS1k6C0D85aQLcZwFQGitaoXFnhHAdhHGRqNDCMA=,compact,4,10,,
run-20260903T230838Z-4891f68f,1,6,5,0,1788476919.099843,5867875000000,i01-g000000-n000000005,,init,218.49830674584092,,,,,real_vector,529cc015ecdebdbc45e0dabdd37280cf,yhpg2VYaAsA10DhqWJoTQN39/caZgxJAEC3QmgcEA0AgvNESd971P1gv0M3hiQFAuEctN/ha5T9kA2E0Iv4FQEq6+CIjvQZAT0sePD3xEUA=,compact,4,10,,
run-20260903T230838Z-4891f68f,1,7,6,0,1788476919.099843,5867875000000,i01-g000000-n000000006,,init,188.39931319554418,,,,,real_vector,51284b9618049776612cbacc80279d4b,SrdY9UBjD8Dtw9WUiuISQIgHARqSNOE/IOCtyGitzL/FyeZieWESwDMygQ/rsBBA8J8E0Emb9L9jm25p9toQQMBAOp89YbU/zNnUR4ap8j8=,compact,4,10,,
run-20260903T230838Z-4891f68f,1,8,7,0,1788476919.099843,5867875000000,i01-g000000-n000000007,,init,224.53239844928822,,,,,real_vector,a83f14a61fb1c4195663736411fd8052,w+m9IXrHEEBPfYm7ge0RQARPp6IxcvU/qgOtFpWsCUAVlHgZf08SQBTngx6rrvO/kk0ZGGm+EsDSF3VwmHgJwMRRftJEy/Y/hIaDnAZI8T8=,compact,4,10,,
run-20260903T230838Z-4891f68f,1,9,8,0,1788476919.099843,5867875000000,i01-g000000-n000000008,,init,151.93347581732456,,,,1,real_vector,f72bac0adcd4153bb76031367d2a8c70,"[-3.048780010614379,-0.9389153579810419,-2.519681003237937,1.3846975245096766,2.143463161386908,2.318217381315251,-2.6135123206763433,2.201730319427779,0.19406933272652171,3.302049048118344]",full,4,10,,
run-20260903T230838Z-4891f68f,1,10,9,0,1788476919.099843,5867875000000,i01-g000000-n000000009,,init,211.56303802885594,,,,,real_vector,7d557355958648dca21c4c8894439a5d,Lt9ux5uOD0BN/85qOVsFwCiV/+zd6ee/oP6/7rg/9z9e442ZG34OQGquwFOiCwRATYob31uNDcCP4/kSYgESQJYuQgq71QhArJnQgSn8AUA=,compact,4,10,,
run-20260903T230838Z-4891f68f,1,11,10,0,1788476919.099843,5867875000000,i01-g000000-n000000010,,init,181.4702705868184,,,,,real_vector,0230f5e5a820a645c3738af7cc77662e,TFndjMsw87/pSbXK6kAFwFh4cn1WcPM/wJYMqSxh6z/62cOfuDAJQFOUHBY+sRPALh+SoGzDEsCIf9jcQW3sP0nO/lW7ORLAcnEC42pfEMA=,compact,4,10,,
run-20260903T230838Z-4891f68f,1,12,11,0,1788476919.099843,5867875000000,i01-g000000-n000000011,,init,215.93232630167557,,,,,real_vector,7c076a9d2f0be64c310b72305af52218,gKhyqHFF1L9qmmmfzQAEQMgJygUNYwTASLRhwp9HBsBcoxU9PLEIwDPxmyuIvBLAI4vO/kUkFMB5AfLbwSURQGmCeX7DqxNA0hJseVCQ/r8=,compact,4,10,,
run-20260903T230838Z-4891f68f,1,13,12,0,1788476919.099843,5867875000000,i01-g000000-n000000012,,init,177.8856205902486,,,,,real_vector,cdee95195c8e4d5f3012d71699408b2a,gPEGNMjf3r+SAHyYA1kGwBjjRcyGR+y/sLRlwNFn57/7wujWuHoNwFFDFhdoYRBAcYhN2wFGE8AEsvxHWS73P+ZjV8M1fAlAYNzngT7S1D8=,compact,4,10,,
run-20260903T230838Z-4891f68f,1,14,13,0,1788476919.099843,5867875000000,i01-g000000-n000000013,,init,222.1186401032578,,,,,real_vector,9a21a26e5f62f3940280cb2723685c82,CBZgc/EaC8CY2Bfu98QDQOwql+sPsvi/xTSebmApEkD+WsK9BNkKwB7tFPvIGwlAiLOJvNdiAcAeGpXhvcMHQETchr7fBPs/vnz6WuxeDcA=,compact,4,10,,
run-20260903T230838Z-4891f68f,1,15,14,0,1788476919.099843,5867875000000,i01-g000000-n000000014,,init,189.14212077518653,,,,,real_vector,c9b353ecbc92fbbefcbc135a43107c2e,JNpZpHGd9T/XP0nT+1sDwDh8yFMmmRDAJvJwtv/OB0AXYlEneNEMwFzz9qqaZvG/uoEK+X75AUBhKuZhCkwQQJSby7Yovg3AWvgDTZt2CkA=,compact,4,10,,
run-20260903T230838Z-4891f68f,1,16,15,0,1788476919.100842,5867875000000,i01-g000000-n000000015,,init,212.36036684385738,,,,,real_vector,0fa985beaa75f44357d602234a7b8c14,UmOc3/2k9r8pPNjt30oNwCrWHaBlrQFArMVS7sVSEsC42pz5wQH+vwBAvrOsw9A/SllswWRpE8Ar0zfZ9koUQNJPvsQQqQ7AmBrZ0M9B9j8=,compact,4,10,,
run-20260903T230838Z-4891f68f,1,17,16,0,1788476919.100842,5867875000000,i01-g000000-n000000016,,init,201.74452621614108,,,,,real_vector,9ae189255e429f18ea54548f8440e085,cjDYDQ04EcCVVejSVE8RQFhv75c36Ps/0DtKw5dxC8AOt4a3BIkPQDDj7ryavNO/YNn999wE3L+wyBpsyTXlv2hAVUulTeI/8F/TRVoW878=,compact,4,10,,
run-20260903T230838Z-4891f68f,1,18,17,0,1788476919.100842,5867875000000,i01-g000000-n000000017,,init,202.9504727410934,,,,,real_vector,20aa788a712ed1c3affe6f17d15ae6d8,nyjAlU/pEcC2BlWx2DECwEXTLv7FhBJAUos2LZXD9r94nVkbf6PmP3F23/lEtgbAcRrVh9vxE0B4w7zz94rlv3qUMxOLWvS/4mOuMTwgAUA=,compact,4,10,,
run-20260903T230838Z-4891f68f,0,1,0,0,1788476919.098844,5867875000000,i00-g000000-n000000000,,init,208.50914945314747,,,,1,real_vector,f4088b6dd93f59060cdb464f71754bb1,"[-3.0986918496991893,2.395458097562133,0.29095500764516125,-4.152484026208794,-1.6326971925257783,-5.029794892052938,-2.1398605220901836,-4.776717535114833,-4.6287484621998765,3.9144189483152205]",full,4,10,,
run-20260903T230838Z-4891f68f,0,2,1,0,1788476919.098844,5867875000000,i00-g000000-n000000001,,init,176.50375914989178,,,,1,real_vector,0c33f4506439b9756f1b4fd3424dc340,"[-0.4802964200464519,-2.1467766643759685,1.6607682386717748,3.9470212017281954,-1.4987230929389228,-0.9039086550177551,4.628179174586516,-0.9479820251744266,2.3954887809438006,4.926834947580283]",full,4,10,,
run-20260903T230838Z-4891f68f,0,3,2,0,1788476919.099843,5867875000000,i00-g000000-n000000002,,init,112.23416811369633,,,,1,real_vector,3d55b83275798ac89636f7afd89de5ed,"[-4.02245472966629,-2.9299074279494346,1.5787143757401187,-0.15609876541187617,0.8391051883228986,2.003245020468216,-1.7370436169727315,-2.1762443012384005,-0.18888733734709362,1.5933659378690042]",full,4,10,,
run-20260903T230838Z-4891f68f,0,4,3,0,1788476919.099843,5867875000000,i00-g000000-n000000003,,init,198.36907748592733,,,,,real_vector,8c3668968fa8566c20ff2e73c1f8b86f,KAy7r5zjE8DwAZxmyefbvzAHuhPeQdu/hsTigMAF+r8sXP+AlSUBwMLu+bfUpQ3AjjNfNqgsCEC88AoQpioUwKNlHCebGxFA/PxFmwT+9L8=,compact,4,10,,
run-20260903T230838Z-4891f68f,0,5,4,0,1788476919.099843,5867875000000,i00-g000000-n000000004,,init,225.85478300955216,,,,,real_vector,c9ace111fd14c82b3a56913fa2b7a5c4,Qk7ockpaDsBGSOFeiIwEQK2I2BD3+xBAznSONmYXC0AgnTa1t+/cvyiVmoCcGuO/tjSh2rsWD0DXiGq08iMUQBa4YC7JIApAGCd2XD0X4z8=,compact,4,10,,
run-20260903T230838Z-4891f68f,0,6,5,0,1788476919.099843,5867875000000,i00-g000000-n000000005,,init,151.42433754831353,,,,,real_vector,1170d8b76885de629f8d7ad80f8f9cd0,gP+pG0GE9D+7JnupEXQOwGSuaUOmsgTAtMAHKX/G8r/Qusb0Z7neP3Qx7h4Qk/E/0sI6obKYAUAG71lWpa4JwDf9/4j0FxFAUIPgUGM47T8=,compact,4,10,,
run-20260903T230838Z-4891f68f,0,7,6,0,1788476919.099843,5867875000000,i00-g000000-n000000006,,init,212.54712645024972,,,,,real_vector,0577c0b359be523dfac50a0959857aa1,90Mju5g2EcD42xTK2wnsPx4ZG56uBglA4hLjjY1ZDUCvzt6QAEMQQHgsg/t9PQRAekLBVZvbAED7YUrfxckQwH4Y9P0gbBPA3ZNSJIRXEUA=,compact,4,10,,
run-20260903T230838Z-4891f68f,0,8,7,0,1788476919.099843,5867875000000,i00-g000000-n000000007,,init,169.5515791146575,,,,,real_vector,46889ed7064f08d86be6cac8776aec5f,XNhxvKsFDsAa9rtgUIX9v+IXnKbdEAhAvkwsHQO4AcC45EM+/f3pP8Pd24qPVALAPvSOwcVKCsBnHjrDthEUQK6wTR5ctgrAcM12c8c91z8=,compact,4,10,,
run-20260903T230838Z-4891f68f,0,9,8,0,1788476919.099843,5867875000000,i00-g000000-n000000008,,init,223.3223706366087,,,,,real_vector,40410718b50f9888770259adec10715b,0NOoEJLiEcD6Bjw8AWMTwHD/BzebUdW/7NhWv+gBAsDlHrLHEtsSQKIK1m2FRQFAA779HOlYBMBQN0R5wYMEQDCXPKdJIhDA0PjBlr595j8=,compact,4,10,,
run-20260903T230838Z-4891f68f,0,10,9,0,1788476919.099843,5867875000000,i00-g000000-n000000009,,init,142.54817455462637,,,,,real_vector,9016a8bec2b481c5f1e04e571ba62671,cJ+UZxwh1L8QL69ToLPfv+wJjpouRfK/8F0d2n/UAEC4B1bAvngKwAwo2DmIlP8/05Pyl3XtEEChbH9Bp5MAwADUGyq9TRPAwMSdETGIyr8=,compact,4,10,,
run-20260903T230838Z-4891f68f,0,11,10,0,1788476919.099843,5867875000000,i00-g000000-n000000010,,init,190.4221670190188,,,,,real_vector,3812d546dffb497a5df905a647c4171b,GJYMrVOf9j9gPjROhtLJv0Axhx2wAO4/WPSkuiKWEcCIaE+es/jhv0Dw18yulbC/YC3ZEdlw1D8u/gRsrDL0v+cn+TrZhxJATtEx9Ou1EcA=,compact,4,10,,
run-20260903T230838Z-4891f68f,0,12,11,0,1788476919.099843,5867875000000,i00-g000000-n000000011,,init,193.43237776759554,,,,,real_vector,1be443789f6f2ffb7cda521e865ec42e,IsGllS/8C8DAKPv/YGzQP6DYsQLUYsM/7NhKOycR+7+1OlBHZDQTwHs4346DZwnA+Tgb7e9uEECM9MjDe4oBQNMclRvanRNAqoJmU8ZXDUA=,compact,4,10,,
run-20260903T230838Z-4891f68f,0,13,12,0,1788476919.099843,5867875000000,i00-g000000-n000000012,,init,192.19116680537596,,,,,real_vector,35445d6dd37d56026f35a500a667c28b,7ATLwwYuBcBkwRw35rsDQKGtMxP5KAHASP5COMS3778ZohFsuAsSQHeQpBLUsRLAXLrHXJCbAECXcp0xmmELwOozSFsDIQdAdpCN/ze2/L8=,compact,4,10,,
run-20260903T230838Z-4891f68f,0,14,13,0,1788476919.099843,5867875000000,i00-g000000-n000000013,,init,218.1726354228668,,,,,real_vector,82cf7c3d27bf935a3b00c24292d70f59,H32gIoJkB8B0pL1lISgMwIDZDXxHp8s/My8k5QBDEkCAPHhVbckSwPqoq9whnPO/IdFVSPGxBMAKj5V2omAHQJhYbwN94hPAgoB+SMVLCsA=,compact,4,10,,
run-20260903T230838Z-4891f68f,0,15,14,0,1788476919.099843,5867875000000,i00-g000000-n000000014,,init,224.9181805958509,,,,,real_vector,465596bed1fa13401bb6de0b77dcf8dd,g0MAj9ZBBMB6Okj5EzkJQBdPxKUNSxFACgbU89UaAsCwjkBw5snjP8pKWia2zgZA3Fzhe401BMDi+wlBZWMNwNwcOqqPBgPAl4IpolZtFEA=,compact,4,10,,
run-20260903T230838Z-4891f68f,0,16,15,0,1788476919.099843,5867875000000,i00-g000000-n000000015,,init,237.99396613873333,,,,,real_vector,25fc09024125254bb8fdcbbf779337e8,Yu6rXMJGC0CtKVRsJDgTQOP7lhkjZxNA/sqKyDMSBsDGDh+ohxYHQJBgGE7XggNAuXUfHhMTEEBeKYL1UtIMQB8VpgnZyQLAbB3UOAxGE8A=,compact,4,10,,
run-20260903T230838Z-4891f68f,0,17,16,0,1788476919.099843,5867875000000,i00-g000000-n000000016,,init,198.48579791088113,,,,,real_vector,9f9bf426746b4737096847196d829ea5,2lB3J8sRD8DshDEseVgGwM5z64FFMQtAjaZwudzsEsDYRuMFYIzwv2yts+O2BPY/Cp44k+sgDkCKaeImJ68EwBYvEo/WogtAaBb08oI97b8=,compact,4,10,,
run-20260903T230838Z-4891f68f,0,18,17,0,1788476919.099843,5867875000000,i00-g000000-n000000017,,init,131.06853765924635,,,,,real_vector,875ec1812863a89c8d62133c9fef3ebc,kpBxj+nOAcDA7ciQzHHGv8JxG6jYXv+/ACqDo4HD0z/U3oKN75byPxuHOGTzjhLAQPGLEOSAAMCnjADYwBwUQBV0c4GsEAjAipbLQdYaB0A=,compact,4,10,,
run-20260903T230838Z-4891f68f,0,19,18,0,1788476919.100842,5867875000000,i00-g000000-n000000018,,init,168.14052246526484,,,,,real_vector,40de7fcfaa0b89b7c9b420651e27e6ef,RmN3xeKJDkDmDlI53nb1v6CohNzs+9K/fANJOY1i/7/u8FRYp3ANwICo+CysJMm/AYORAjZ0EcC+53DqjHj9v/j74qw6b+q/2IG1Lw5DE8A=,compact,4,10,,
run-20260903T230838Z-4891f68f,0,20,19,0,1788476919.100842,5867875000000,i00-g000000-n000000019,,init,220.14439944911499,,,,,real_vector,dc0a32fc8c379a197427b395038da43f,KRYfyOEGEcDGOoOoXoYLQIWPhlqIVQbAFyuGoHNpDMBqlqHZaNEGQBimagsJ3+S/DPYoXY3mBEC4tOtlyfjtP7bQRyiZKBLAgD/CFiV0+j8=,compact,4,10,,
run-20260903T230838Z-4891f68f,0,21,20,0,1788476919.100842,5867875000000,i00-g000000-n000000020,,init,153.45760793718932,,,,,real_vector,300fcc4ea316c32858195667ef914eb3,ntCD0tkUCUDovLF+vZTiP6THQPuFwhLAWLFOK6y4+T9AcW1a2oKyP/7irgRhVAfA6NRGQjQo47+mWHoX6ooFQEI2r/M/uwFAAGcQXFpk7b8=,compact,4,10,,
run-20260903T230838Z-4891f68f,0,22,21,0,1788476919.100842,5867875000000,i00-g000000-n000000021,,init,172.8630077212108,,,,,real_vector,9b6bbe943ca3f380231e7dbf995ba751,Sd86819QE0Bo+g8qAqviv9z1XWPYbABA6ZXVM/XSEkAr3Wt7KuUSQEAl1UUfZ9Y/eDJb4oHw6L+QNHt23TL/P+6TyhdBYgnA9g81zdO3/b8=,compact,4,10,,
run-20260903T230838Z-4891f68f,0,23,22,0,1788476919.100842,5867875000000,i00-g000000-n000000022,,init,182.550202625393,,,,,real_vector,11522e8030d1bb549dee373f40f7310b,gMsYBB5upL/I4OfkO4wIwJVecW50yBDA4KZD4q4q8L9fUymLgu0LwLpJTMq3pQ1ApA6YGXlo+T82B7FOvVYOQFdgEEa/twnA3BlRJ/9RFMA=,compact,4,10,,
run-20260903T230838Z-4891f68f,0,24,23,0,1788476919.100842,5867875000000,i00-g000000-n000000023,,init,148.79037814439343,,,,,real_vector,0b70ea1682f8fcd217c038d66a1c7515,9347Oh0SEUBkFFmO5aYIwLAM2mzcLPs/Evt3R+TNDsAEHIHFXE3/P6rQd1znJABAbNT1164Q/z9CEoKOSsAKwHxgfOIuyvS/+56tg9GIAsA=,compact,4,10,,
run-20260903T230838Z-4891f68f,1,19,18,0,1788476919.100842,5867875000000,i01-g000000-n000000018,,init,179.61567256107253,,,,,real_vector,23492bc468d3c8291c55ef7558c7ab15,5uaca4OSC8CBnX1aLsQSwE7nnlUOMw9AWugEeOUgDUBwcZ4HVgjxv1V8yVoesgbAAP4wzw36jr+UHGv2e2z7v0p8Q5wCMAJA+Li9k0hJ4j8=,compact,4,10,,
run-20260903T230838Z-4891f68f,1,20,19,0,1788476919.100842,5867875000000,i01-g000000-n000000019,,init,243.900597331432,,,,,real_vector,3648e522bc7062aaa20849ca4c8df54f,gLWK+viVA8AKkMIa1HX8vxeZ1vFh5BFAG56GD3RxFMDD/lInLQcFwAtYxC2YFRJArvmRogUn+L+ksod0Vq3yv8rpsx2w3QvAAJZmMMjo078=,compact,4,10,,
run-20260903T230838Z-4891f68f,1,21,20,0,1788476919.100842,5867875000000,i01-g000000-n000000020,,init,161.56255816781564,,,,,real_vector,5a29e02223f344f5d641d3730a6eb32e,0cyg+uWCEUBQ8r5m7xzQv+zkJReM+vy/ioVC0jhZD8AAPq92zI+qv5AqkIccddm/VJ9ky2xs/T/g+AxmhbL4Py433NbXvAJA4LRXu7lB278=,compact,4,10,,
run-20260903T230838Z-4891f68f,1,22,21,0,1788476919.100842,5867875000000,i01-g000000-n000000021,,init,155.71533744345749,,,,,real_vector,f76678af239fc536e34072d76ca0392b,pBWhesRL/T9sBf0Sbj/1P7RRWqQzJ/M/3BBf0f6PA0BwTCW9gy7lP+DWJwoIYMa/c3D47AaIEUAGvVfmXKcJQEzWBB6xTPS/Wj1sbnoICEA=,compact,4,10,,
run-20260903T230838Z-4891f68f,1,23,22,0,1788476919.100842,5867875000000,i01-g000000-n000000022,,init,163.86597687311115,,,,,real_vector,f6e26f88c8a91632adde530d7cc3fdd0,7KL1mMt8B8DW6Znk8kMUwEjoxZuSQPQ/1uBLeiPwC0A2suZDZuQCwI+ziyKaVwXAoqXDKuolD8A6+wgRmxoIQJDR3SMgF/G/IOkVr/aJ0D8=,compact,4,10,,
run-20260903T230838Z-4891f68f,1,24,23,0,1788476919.100842,5867875000000,i01-g000000-n000000023,,init,140.74099262855762,,,,1,real_vector,fd695c9543be32f27634cf37d2654974,"[-0.14951928916052193,-4.9974781033493585,-1.0376468983839802,-2.5952742790613796,-0.12046970057398898,-0.6073751858364655,-0.5018271576612312,-0.17345415965576905,2.566979354792303,1.751085400753813]",full,4,10,,
run-20260903T230838Z-4891f68f,2,1,0,0,1788476919.102116,5867875000000,i02-g000000-n000000000,,init,159.4190781146405,,,,1,real_vector,5264f3963f6f1e888e0b33dc2ce60e25,"[-1.3574244697361157,0.6886046496293128,-1.3270536157935702,-0.688759552005406,2.3521368515073586,-4.11300494403402,-4.961755175564522,-2.1165193521235417,-2.806512101416963,2.946116082137542]",full,4,10,,
run-20260903T230838Z-4891f68f,2,2,1,0,1788476919.102620,5867875000000,i02-g000000-n000000001,,init,209.03315039598712,,,,,real_vector,f68573e77957e2dac41341c3b884a35a,/GB39A8B+T+Vy6xziicHwDD4SSKlXOQ/AZUDYwIlEsDO9Ps0NwATwOCuBRfbr+Q/DZ08y53QDcC4QzLpma4OwCGfexxHKRDAemd5AVbyB0A=,compact,4,10,,
run-20260903T230838Z-4891f68f,2,3,2,0,1788476919.102620,5867875000000,i02-g000000-n000000002,,init,211.563589950209,,,,,real_vector,a3499220d0d96a0b810de49d4a65e90c,IN1dmNws6z+8iSMeSuv2P4OIdY3CwATAMBkzWXb/AkBs8X2lcuwQwNA3PYocSAzAU3+QcREcEMCkToy1phMJwGT2UOE0RhPAKnaggwP2CUA=,compact,4,10,,
run-20260903T230838Z-4891f68f,2,4,3,0,1788476919.102620,5867875000000,i02-g000000-n000000003,,init,164.87518386639476,,,,,real_vector,3abec99a1d2ed2ffbfb00c12448e2135,ALToUmU34j+D46oX0rwCwAgROCkXB+U/cJMf3R5577+NLXtqeiITwJBnHLUFVwNAFGveJolV/j8eryCW0ar8v0RrCORGg/s/ANo5TbFd+T8=,compact,4,10,,
run-20260903T230838Z-4891f68f,2,5,4,0,1788476919.102620,5867875000000,i02-g000000-n000000004,,init,175.71304716130527,,,,,real_vector,6ff1b3f4ddd397dd495220d8205bc4cf,iPgTPlDw5z9IJjEDLLwJwIqiDNaa8QFAYuWqwl/DA0B49ZJdKiDsvyoNNzznhwlASGm0SH0W4z+kN3EEBnoEwCSNDJxhy/6/kwKWZ2GNEcA=,compact,4,10,,
run-20260903T230838Z-4891f68f,2,6,5,0,1788476919.102620,5867875000000,i02-g000000-n000000005,,init,219.16510104149734,,,,,real_vector,e6e398fea37fb0f1691ed789ce817438,ulqQNlRTDUAvEEXwpkAUQIBnzB1Ss9O/9r3KlwpxAcDgXnameGXvv5Huzzze5RBA8dsGY1n0EcDAXSNEfSDiPxILfRpfYgvAsgiDVcMzDkA=,compact,4,10,,
run-20260903T230838Z-4891f68f,2,7,6,0,1788476919.102620,5867875000000,i02-g000000-n000000006,,init,234.32067249266748,,,,,real_vector,51d8362a175698bb6d9681d3b272f6e2,uFX8ow/J4j/sqwI5ztEOwMbs85+otxHAvgW94P2hD0DbnX5JVQURwGofX3g7MA1AIFd6e/tq5D/SsECI1vUKwP3FZaSvBhBAsbuCsE5KCsA=,compact,4,10,,
run-20260903T230838Z-4891f68f,2,8,7,0,1788476919.102620,5867875000000,i02-g000000-n000000007,,init,195.11152240256666,,,,,real_vector,734c4e222d6f21c4da78493ed3dabe2d,BHsvowMH8z+QhlzlN135v8JkcNNAhg5AOgDsMWSFCUBgG+vnF+nOP7a84hHppAjAA1GktZA/BcBlhZk/gYgRQCn+g/KuSxNAnka9p/11+b8=,compact,4,10,,
run-20260903T230838Z-4891f68f,2,9,8,0,1788476919.102620,5867875000000,i02-g000000-n000000008,,init,173.07502535377662,,,,,real_vector,d03e95fd745d7d74d83e40faccbdfba9,CFH8Fwtl4r8fsXzR+g8PwBAoRm2I/9M/4P/zFvYNwr/oeqnCmFHjP2BqVgmPKdw/ZHl6Xcv3BUAHOvHFzhETQGwd572+DPY/UChXbYcs0r8=,compact,4,10,,
run-20260903T230838Z-4891f68f,2,10,9,0,1788476919.102620,5867875000000,i02-g000000-n000000009,,init,181.38807761267964,,,,,real_vector,058375616deb4f1ce938a488ba1d901f,tP+TFyQPCcB4POUzDm/ov7JGKJgbfAhAYgXF6VwrC8DiXVYdrCsOwHCa5CzXTfO/e12diWm7E8B/muNZ9d8QwH6ueXf99QlAJgYVx/AJEMA=,compact,4,10,,
run-20260903T230838Z-4891f68f,2,11,10,0,1788476919.102620,5867875000000,i02-g000000-n000000010,,init,193.82434798565384,,,,,real_vector,617af71033951c0782abcbaece074b4a,gAJclAvcpz9ADzevr1kFQO9sLRKHmxJArsZxhWsyBcBjMiPRK58QQNKD3e6ICw1ACG75PiSnDcDAD3UX7Xy6Pzwp/BilZ/o/TYBAsICrAcA=,compact,4,10,,
run-20260903T230838Z-4891f68f,2,12,11,0,1788476919.102620,5867875000000,i02-g000000-n000000011,,init,190.78101120366256,,,,,real_vector,9d9feea9162a7e08c0195ebb66e40af3,KvbZ83aXDkDAgwkf1HEFQAB3XSpA4PE/vj7YlOBO/L9QYCjKlLLmv0cKjgcgrRBA0qZD7MSrC8DorV5kKnnxvyhuY7UPtxHA+BMnwjnjDcA=,compact,4,10,,
run-20260903T230838Z-4891f68f,2,13,12,0,1788476919.102620,5867875000000,i02-g000000-n000000012,,init,182.35767953280168,,,,,real_vector,33dfdb64fd5bdbd31f60bc81366a62f9,Hil/qe8c/L8XHZyPAXsGwDmSUkg5IRJAcHlnbAGA6r8QKLdmdrYRwGDqfrFOosu/YALrXf2p6T8QYfdO4aj5PwAQtPH+t/S/AB4UMP4v4D8=,compact,4,10,,
run-20260903T230838Z-4891f68f,2,14,13,0,1788476919.103627,5867875000000,i02-g000000-n000000013,,init,256.0007969190626,,,,,real_vector,b50a77fc93e0a4e41efb8e793bfc521b,vbeXz2CnEkB+b4/31q8EwLrebwB5ewBA532NQHQhB8Dy6d11w+MNQCTeUfciaPg/1YUmWsfeEED1x5qQnTITwEjh6wvVbBHArcFtdJgkEsA=,compact,4,10,,
run-20260903T230838Z-4891f68f,2,15,14,0,1788476919.103627,5867875000000,i02-g000000-n000000014,,init,233.59444051752138,,,,,real_vector,55f84aeaf2bea365c632fb58df6b3725,pGBWf8BqCMCOv1GrE8MPQGWAuFrlqRFABz8MuiNaEUAA7yNa8EoFQE2FHn4MSRNAcFhTZX7W9T+zxb+bK1cTQPRgcAQndQnA/PpBr4ou978=,compact,4,10,,
run-20260903T230838Z-4891f68f,2,16,15,0,1788476919.103627,5867875000000,i02-g000000-n000000015,,init,159.90322779090948,,,,,real_vector,9a97803dc427c0b9d0c32001f16b15ce,XR3MiFQqEED6jt8S/iTyv2MPgDag3hLAoMRfjwaswj/cc22EivT0PxWdl/OtIRRAPgf/hD0yCcAYcRTI0oXyPxqdZDJ1rAbA5jzY+8yCE8A=,compact,4,10,,
run-20260903T230838Z-4891f68f,2,17,16,0,1788476919.103627,5867875000000,i02-g000000-n000000016,,init,167.25649570362776,,,,,real_vector,00f8c56f597c85cf2978e767b47d3179,gsdFxHFPDEAAGS5KbXb7P1fue8fUexNACAZRCOnU6z/WNeft5y8NQK7U67EY4/+/woDR+ZL+B0CK/SFEm90IQEDg/VFxUQTAohkXGiXdB0A=,compact,4,10,,
run-20260903T230838Z-4891f68f,2,18,17,0,1788476919.103627,5867875000000,i02-g000000-n000000017,,init,153.35169189340695,,,,1,real_vector,aa43312725d2d1bd90b0d5496f47ccf7,"[-2.2554945305865988,-1.937942437114624,4.04676745416485,0.4178437111517974,2.370011078539508,-0.35257619217613634,3.3340525998924546,1.4531037279118584,1.1849249695805097,0.8707726468474561]",full,4,10,,
run-20260903T230838Z-4891f68f,2,19,18,0,1788476919.103627,5867875000000,i02-g000000-n000000018,,init,178.26236144696423,,,,,real_vector,f8d9fcb803288a7f0e2753bbb77426f9,IThJXm11EEAgNusCtu/NP6TMQPLnwgVAwL//N2gctL/VSyDFCUQTQN9l2ULRSQLAhtDHa6gWDcDAvohDmKy1vyuRYBtHrRNAzJKywvJZBEA=,compact,4,10,,
run-20260903T230838Z-4891f68f,2,20,19,0,1788476919.103627,5867875000000,i02-g000000-n000000019,,init,180.76078519068864,,,,,real_vector,f680a0c52a2b961b33cf82deff34149a,0H6JDglN479YvnTFUyD1v7jGymqAqv2/BpfgYS39C8DsWvz3SkAEQGLLH/cLkPu/Wp9za0pLCECYlca+/TPlP7Ye4rIypAXAirPpXVuBDsA=,compact,4,10,,
run-20260903T230838Z-4891f68f,2,21,20,0,1788476919.103627,5867875000000,i02-g000000-n000000020,,init,198.31424714239446,,,,,real_vector,52997a24aa7baa55564ebb4557b8f62d,qd32aU4WDsBG/WdqnN0JQOr1GK8pzg5AyDZCDCr9DMDmBhvhN7AQwBBUfInDGv+/pMAt+DDsAcDXtQ4ouNARwCHlhyGSyRBACKk5douI7z8=,compact,4,10,,
run-20260903T230838Z-4891f68f,2,22,21,0,1788476919.103627,5867875000000,i02-g000000-n000000021,,init,158.58830712909113,,,,,real_vector,1e9ffe74635ffe853e44e166245909ef,pHvyzvIH9b9GE+2YIWgCQICJUEekFt+/MO/PRIe/5j8A7i6SXNGZP6eCGJBEBAPA5ujFQ7JI97+VzZ/iVzURwKB/TomR88o/wEpaurx+yj8=,compact,4,10,,
run-20260903T230838Z-4891f68f,2,23,22,0,1788476919.103627,5867875000000,i02-g000000-n000000022,,init,167.06883263212865,,,,,real_vector,3f583e431671dbdb59cef1c76d6e7208,nsdH7Ekh/b/Q3cjMebHpv53jlg0xABJAabwzSDC/BMCGZ2Xumh0PwOybWZpWGfk/MD5mkz8h8b+qpCAEb0oOQFz93wPbyA/APO8eACej8j8=,compact,4,10,,
run-20260903T230838Z-4891f68f,2,24,23,0,1788476919.103627,5867875000000,i02-g000000-n000000023,,init,157.5689872821748,,,,,real_vector,6ab43e8861dd3e1c80d82a287c022b0f,uCVsIuCnAUBwuK8vLbPpv2BrkOuIvt0/YkyxFsbP/79XPPm/5YATQDOK67b5RgHAsIMX9hB13L8D4SsLJiEGwPhe7L+OQw7AIKUOm1573L8=,compact,4,10,,
run-20260903T230838Z-4891f68f,1,26,24,1,1788476919.110670,5867875000000,i01-g000001-n000000024,i01-g000000-n000000000;i01-g000000-n000000021;i01-g000000-n000000007;i01-g000000-n000000022,de_trial,122.18201752357248,,,,1,real_vector,a4d765a2786a21bb5f3a17d470edfa5f,"[0.9479611453475774,1.6038778150083157,1.2343780092635979,3.936048221820802,4.1315062843860115,0.5440097526409977,3.9866215528861795,0.10828236934906954,-0.02233756646118268,-2.796701077425813]",full,4,10,,
run-20260903T230838Z-4891f68f,1,27,25,1,1788476919.110670,5867875000000,i01-g000001-n000000025,i01-g000000-n000000001;i01-g000000-n000000022;i01-g000000-n000000005;i01-g000000-n000000020,de_trial,266.2496050474955,,,,,real_vector,2c3dc87591b2ccd60fea10349a4aabe6,d7MNgBiVAcBSFI9ovusDwJ41VQ1D8RFAnpV1EkHGE0BkyYnMUW/6v3QyVeau9vW/QJJbK9PqEcC0PrbRCu0MQLUCtosReRFAwYO2rZe2BUA=,compact,4,10,,
run-20260903T230838Z-4891f68f,1,28,26,1,1788476919.111681,5867875000000,i01-g000001-n000000026,i01-g000000-n000000002;i01-g000000-n000000020;i01-g000000-n000000014;i01-g000000-n000000011,de_trial,180.40115243765825,,,,,real_vector,3e5f9610cb189f0160a645f57079b325,4CedvSZ32T9qSzGmArIFwB+/PWFMSRFApmSyK9Kb8L+s4sQ36dLTvxRe2N97aPY/caCyYoetEUCwSvVxFv/2PwwyBgYAnP+/RgpyjSp3AUA=,compact,4,10,,
run-20260903T230838Z-4891f68f,1,29,27,1,1788476919.111681,5867875000000,i01-g000001-n000000027,i01-g000000-n000000003;i01-g000000-n000000002;i01-g000000-n000000017;i01-g000000-n000000021,de_trial,161.68480275118367,,,,,real_vector,e7cbf4aec83b4f119bd467ad458230ef,+K2SwNwX6b88YGBEp7IEQNX40CaJWwhAvJd8HAj1AMAkPF+/bzcEwMVtlDbUZ/U/hP92whdO+D+9AFnSdagTQOAPwGBtwaG/pmroJPj1+b8=,compact,4,10,,
run-20260903T230838Z-4891f68f,1,30,28,1,1788476919.111681,5867875000000,i01-g000001-n000000028,i01-g000000-n000000004;i01-g000000-n000000020;i01-g000000-n000000016;i01-g000000-n000000021,de_trial,200.30114456531925,,,,,real_vector,7b6408faaf5dd4f1a161340e47902418,jkeCkZv19D/ga6LCtvfzPxpWWx0Kmvi/ceNesVpKCsAC6odk5Wj5P3CmfeNnu92/fPkXW3lI4r/85aQLcZwFQM4UyMe4GQpARe0VAAsyBMA=,compact,4,10,,
run-20260903T230838Z-4891f68f,1,31,29,1,1788476919.111681,5867875000000,i01-g000001-n000000029,i01-g000000-n000000005;i01-g000000-n000000015;i01-g000000-n000000010;i01-g000000-n000000008,de_trial,222.89981341488448,,,,,real_vector,8b9bb10c16ededaa65f28d02ff98cca3,ZA5jf/Nl379R9RAm8RQSwPG+n0DRThBAEC3QmgcEA0AGtGtd2fb1v4Tem0aj3grAhGvIQILPAcCFP7zEgaoRQKxuY2yfOPK/UbcTU89zAsA=,compact,4,10,,
run-20260903T230838Z-4891f68f,1,32,30,1,1788476919.111681,5867875000000,i01-g000001-n000000030,i01-g000000-n000000006;i01-g000000-n000000010;i01-g000000-n000000004;i01-g000000-n000000002,de_trial,191.61311098896124,,,,,real_vector,560a98f58bf5bd0c4ef85d9732c233d6,kMm2ToRe/j+FeS3sb5oJwMLj/F5ANP6/cM8gTTduzD8g6PS+uqwRQEASZ8GxT96/KoSaDO1kE8CG3xBknGz1P3grMVFcJQTAqqOud5wOFMA=,compact,4,10,,
run-20260903T230838Z-4891f68f,0,26,24,1,1788476919.110670,5867875000000,i00-g000001-n000000024,i00-g000000-n000000000;i00-g000000-n000000009;i00-g000000-n000000011;i00-g000000-n000000014,de_trial,120.27273716838732,,,,,real_vector,783ce1a0e65d066776377fd66e244d9f,9koVQUCF6b8moTTubxj/v0jF9VKO0gnAuqo0BaEdA0DGwYYNwwILwDhbYXuxofC/ISHZXVPX9z9YLqgDJY3rP375Csew9PK/OHZAJtqn7b8=,compact,4,10,,
run-20260903T230838Z-4891f68f,0,27,25,1,1788476919.110670,5867875000000,i00-g000001-n000000025,i00-g000000-n000000001;i00-g000000-n000000011;i00-g000000-n000000004;i00-g000000-n000000012,de_trial,190.99895473851606,,,,,real_vector,36835902f057ae4fc4893c3466e3ff66,5jKatihJEMBIRA2f6a7TPwh9ndqgxgpA0G1RJcDQ3z8a7N4Qxfr3v1L1mxgGMvK/kJeRzLoNFEDKzOB6JbAAQN49W5DLXRRA1VVs/x10E0A=,compact,4,10,,
run-20260903T230838Z-4891f68f,0,28,26,1,1788476919.111681,5867875000000,i00-g000001-n000000026,i00-g000000-n000000002;i00-g000000-n000000001;i00-g000000-n000000016;i00-g000000-n000000019,de_trial,214.04312186970347,,,,,real_vector,4decb543aa3163e189b45450624d48be,wKIDj0vN0r+YvWV3jRkQwJHT+eRTBhNAaMPi8FzbCkD4Ern2LokLwMCgaItMO7w/LCynb0sQ+z++OslZJKwFwF/xC5l1uQNAxRrWzG4lDUA=,compact,4,10,,
run-20260903T230838Z-4891f68f,0,29,27,1,1788476919.111681,5867875000000,i00-g000001-n000000027,i00-g000000-n000000003;i00-g000000-n000000019;i00-g000000-n000000022;i00-g000000-n000000018,de_trial,204.20905255785328,,,,,real_vector,0290b448c891c57fccdc7e3d5e1feb4d,UpC0+z4vFMAczmNE+J0EQMjRl/0e9xLA8NPECnybCMAyZTdA+5IHQDaBZgd+yPQ/jjNfNqgsCEC4qm87tAcOQKNlHCebGxFAeA+LJ0NW+D8=,compact,4,10,,
run-20260903T230838Z-4891f68f,0,30,28,1,1788476919.111681,5867875000000,i00-g000001-n000000028,i00-g000000-n000000004;i00-g000000-n000000001;i00-g000000-n000000002;i00-g000000-n000000014,de_trial,180.2672056012733,,,,,real_vector,aeecc005235d068bdeca502a92fe1479,Qk7ockpaDsCw4HowOmn0v4CfY7JtdtI/DGSUPIkAFEAyDgHlwTb2v5T3Eb95PvW/tjSh2rsWD0A4T9S+5YPJv6KgGyzS6wtAlX/CIG1cCUA=,compact,4,10,,
run-20260903T230838Z-4891f68f,0,31,29,1,1788476919.111681,5867875000000,i00-g000001-n000000029,i00-g000000-n000000005;i00-g000000-n000000021;i00-g000000-n000000016;i00-g000000-n000000020,de_trial,196.16262710974695,,,,,real_vector,2b31a2b092cf18498d9f7175c79ae92a,rFvw0toa9T+t+HLQlCkCwGSuaUOmsgTA3rHNRsWV+D9umfrFmK4QQIIB/yNC+ANACLqcsrdy9j9AG8OPZw7mv4QXGcp1bgTA0Pvt8h2u/b8=,compact,4,10,,
run-20260903T230838Z-4891f68f,0,32,30,1,1788476919.111681,5867875000000,i00-g000001-n000000030,i00-g000000-n000000006;i00-g000000-n000000008;i00-g000000-n000000016;i00-g000000-n000000015,de_trial,166.77709772643988,,,,,real_vector,06236e7c7b9568030e52f19726fce4df,90Mju5g2EcD8eGvOpfkAwNSDBH9n8fC/+hmClKvlCcCx5Nu5yQcGQGqLbf+OCvo/t+SAcYZbBcCQSLhT7vPgv4wYOgR3HPK/0xgmgMs9BUA=,compact,4,10,,
run-20260903T230838Z-4891f68f,0,33,31,1,1788476919.111681,5867875000000,i00-g000001-n000000031,i00-g000000-n000000007;i00-g000000-n000000003;i00-g000000-n000000011;i00-g000000-n000000002,de_trial,162.48954181438063,,,,,real_vector,945e291c4f7de05d1ef74d38fa97e7fd,Il9xZSnXEsAFMpMUDYTyP2Cfb0V/O/K/JolytFEnA8DWSyMWnNoTwFwDHA0ppQ3AcGmam/lV7T9nHjrDthEUQJDwHOLMfuw/GI+0r9OV0b8=,compact,4,10,,
run-20260903T230838Z-4891f68f,0,34,32,1,1788476919.111681,5867875000000,i00-g000001-n000000032,i00-g000000-n000000008;i00-g000000-n000000005;i00-g000000-n000000010;i00-g000000-n000000000,de_trial,213.60451004134507,,,,,real_vector,3079bed5f0f9a08651c191bae6be3e66,MoED8wRPDEDSU85pzGsUwEaOwluAHALACtTDEnu69L8pL0+h8D/wPx6Ln+GzpQxAktkZy/duC0D1+tkz6T/3vzCXPKdJIhDAoB3RkDAQCsA=,compact,4,10,,
run-20260903T230838Z-4891f68f,0,35,33,1,1788476919.111681,5867875000000,i00-g000001-n000000033,i00-g000000-n000000009;i00-g000000-n000000010;i00-g000000-n000000012;i00-g000000-n000000014,de_trial,174.13258945813376,,,,,real_vector,e7dc4dd43c9a9a1e77d600ccef964a8c,r9RBeCOz9T/EAeQX/W7hv5hZ/CdeXwLAdEVoAtMVDsBCbOtsnSj2P151OJzcnQ7ASLGPDqr2BEDjdJhc4TDyv7AHJNlB0sI/oQI70CJPBcA=,compact,4,10,,
run-20260903T230838Z-4891f68f,0,36,34,1,1788476919.111681,5867875000000,i00-g000001-n000000034,i00-g000000-n000000010;i00-g000000-n000000015;i00-g000000-n000000005;i00-g000000-n000000021,de_trial,193.48531137424322,,,,,real_vector,2dbd6ca56495ae008d53a532e8ea3002,8h23YOUu+j9KvyxJoIsJQKYlyt+GPgRAWPSkuiKWEcAgdf6vznPoP5madmEpgQZAUafL2O7BBUBuyWzZkVzwPx5kfhZ4/vU/cOY+FBd3C8A=,compact,4,10,,
run-20260903T230838Z-4891f68f,2,26,24,1,1788476919.111681,5867875000000,i02-g000001-n000000024,i02-g000000-n000000000;i02-g000000-n000000003;i02-g000000-n000000006;i02-g000000-n000000001,de_trial,166.86807117477574,,,,,real_vector,db2d1ab9bc704ca1635334bd1831360b,AO97g+nWtD+u01X685EGwBRP3vPuAv6/BDManLkXCkAUgrx0CSUSwGlBaw4oWQ9Aemc+dDlQEEA4HC81DvL4v+fYgPEFgvI/LEnCZPPe+L8=,compact,4,10,,
run-20260903T230838Z-4891f68f,2,27,25,1,1788476919.111681,5867875000000,i02-g000001-n000000025,i02-g000000-n000000001;i02-g000000-n000000003;i02-g000000-n000000015;i02-g000000-n000000012,de_trial,152.07125379187374,,,,1,real_vector,bd8bbd7683121261479531c51de68521,"[3.4684634797182117,-1.5041824920545777,-3.9678110220881253,-0.49653498269521323,-1.9147258783875798,5.041881786658902,-0.07988329830350027,-2.014733171354641,-4.040310330434097,2.99332810546633]",full,4,10,,
run-20260903T230838Z-4891f68f,2,28,26,1,1788476919.111681,5867875000000,i02-g000001-n000000026,i02-g000000-n000000002;i02-g000000-n000000022;i02-g000000-n000000000;i02-g000000-n000000011,de_trial,189.0443903262655,,,,,real_vector,41ba63ce57cb23918afcf258d1a6fff1,ggwZjzClEcBGst3dTcj8v57s9utqOQpAqFsYUsJsAMBmmAzFsd4CwKTizEsslATA5A6xWScn/b8abd3DaDEKQDw3ap2pSwnAKnaggwP2CUA=,compact,4,10,,
run-20260903T230838Z-4891f68f,2,29,27,1,1788476919.111681,5867875000000,i02-g000001-n000000027,i02-g000000-n000000003;i02-g000000-n000000014;i02-g000000-n000000020;i02-g000000-n000000012,de_trial,146.06785071928812,,,,1,real_vector,612c7cd6b017f3f9f7bab1de6880ac32,"[-4.054038598726628,1.3889012027251197,4.075024162736727,2.9402820729976433,2.7896401863563556,2.417491354874933,-0.15629760299866557,1.8063482917783964,-0.43631963791174533,-1.209082952592793]",full,4,10,,
run-20260903T230838Z-4891f68f,2,30,28,1,1788476919.111681,5867875000000,i02-g000001-n000000028,i02-g000000-n000000004;i02-g000000-n000000023;i02-g000000-n000000009;i02-g000000-n000000017,de_trial,159.79790253089348,,,,,real_vector,fc16497de4399784049d3997571198df,07St5NxL/D8AVU1vkaPLvwAVN5lyAp2/yxoEuXApD8B0skKEIuL8Pzi2acZlsQTAFoRvxQ5QEsBNsOZJ5LcOwEzH0fzsBQbACrOYbQgVB8A=,compact,4,10,,
run-20260903T230838Z-4891f68f,2,31,29,1,1788476919.111681,5867875000000,i02-g000001-n000000029,i02-g000000-n000000005;i02-g000000-n000000011;i02-g000000-n000000006;i02-g000000-n000000007,de_trial,230.66606308935079,,,,,real_vector,064285beb5c2fb6a1c95ace9d5a5b01e,IKKN/9cuDEDcnr73dcD4P6hjffSoCgjAOjkH5kYy9r/KDkg7Q6kHwIYBP8JfsBJA2WYERDr9/L9hmvTaAOATwD6KclyPWRPAFJA82HBVEsA=,compact,4,10,,
run-20260903T230838Z-4891f68f,2,32,30,1,1788476919.111681,5867875000000,i02-g000001-n000000030,i02-g000000-n000000006;i02-g000000-n000000005;i02-g000000-n000000013;i02-g000000-n000000020,de_trial,128.14147847162027,,,,1,real_vector,b6de1e9b03513c83ea657378b1882b8f,"[2.853521795408505,2.1536029544197373,-1.2030078996350007,-1.814055814884514,2.9730137767151237,3.648550930407443,-1.2596796737145417,0.3936651385380765,-0.5567353016320444,1.014696972854141]",full,4,10,,
run-20260903T230838Z-4891f68f,2,33,31,1,1788476919.111681,5867875000000,i02-g000001-n000000031,i02-g000000-n000000007;i02-g000000-n000000013;i02-g000000-n000000008;i02-g000000-n000000003,de_trial,231.1311086259048,,,,,real_vector,db5cbd94193602e4ad221836a2c28d78,bGfpyJldEECQhlzlN135vzR+OkQdNf4/OgDsMWSFCUBWbe0GKnIFQMCHwEaeLOE/zFapDAmSEkA4VHjrb1H4vwMLsBCmGxLAImadsWDYCsA=,compact,4,10,,
run-20260903T230838Z-4891f68f,2,34,32,1,1788476919.112681,5867890000000,i02-g000001-n000000032,i02-g000000-n000000008;i02-g000000-n000000002;i02-g000000-n000000011;i02-g000000-n000000015,de_trial,204.26134731718327,,,,,real_vector,8ffcfc8e7164acb9f364f2d763603300,CFH8Fwtl4r98ak6jzrcKQAAlD51tr9Q/txYE/7us9j8e5VgvrhACwJ7KRnaqvA/AOKdhS3O6EMAyi1QAswkRwGwd572+DPY/FCllnjOHDkA=,compact,4,10,,
run-20260903T230838Z-4891f68f,1,33,31,1,1788476919.111681,5867875000000,i01-g000001-n000000031,i01-g000000-n000000007;i01-g000000-n000000005;i01-g000000-n000000017;i01-g000000-n000000002,de_trial,183.41894830657628,,,,,real_vector,89574b872acdab080f9050c917d66de2,6tMl/6m3AsAsFcTVGRz5P/CHdpVWIRNA8YCEB2gi/D81PMekNy8GQEiWT2wb/eG/8H/SL9jQ9D+wj9LVEDP4P4Z9R/pHyAFAHPbO7uLMCEA=,compact,4,10,,
run-20260903T230838Z-4891f68f,1,34,32,1,1788476919.111681,5867875000000,i01-g000001-n000000032,i01-g000000-n000000008;i01-g000000-n000000016;i01-g000000-n000000022;i01-g000000-n000000017,de_trial,132.82471143746483,,,,,real_vector,b8265b6d06fb40c986f6f4b9fc2672e2,uwlrUjBFDMCvROEZo3MHQECely6d3q8/QKJa64Ii779EKiiyYUIDQFCvP7/eg8y/N1QbHraCE8DAx+pXdOLyP1IDqzoQkeU/V4PP0KsSAcA=,compact,4,10,,
run-20260903T230838Z-4891f68f,1,35,33,1,1788476919.111681,5867875000000,i01-g000001-n000000033,i01-g000000-n000000009;i01-g000000-n000000023;i01-g000000-n000000003;i01-g000000-n000000015,de_trial,178.71205681861443,,,,,real_vector,7e84d6302c0098c9d641b6e51cee8d79,Lt9ux5uOD0AilBX9fSgPwKq7LYRJhvq/xmWeVL4i979e442ZG34OQH2j8Y/ILwbAveYWvSx5BUDwe7uw5y3QvzBj7hCeQBFAtpRG/ctfAEA=,compact,4,10,,
run-20260903T230838Z-4891f68f,1,36,34,1,1788476919.111681,5867875000000,i01-g000001-n000000034,i01-g000000-n000000010;i01-g000000-n000000011;i01-g000000-n000000019;i01-g000000-n000000003,de_trial,174.39622508964885,,,,,real_vector,77d50145d9e0ec0e2bfd7ac1f69a5448,IrSCNF5h8r+uV9JvgZkMQCxUWcxLfem/xAxG8QbMEMCshA/xGhkJwFDK0lGP3ti/1Bkg9CafE8AYK9KQcO/zPwkqbqcnxQpAO2Ezobt0CMA=,compact,4,10,,
run-20260903T230838Z-4891f68f,1,37,35,1,1788476919.112681,5867890000000,i01-g000001-n000000035,i01-g000000-n000000011;i01-g000000-n000000017;i01-g000000-n000000003;i01-g000000-n000000018,de_trial,175.25554814262188,,,,,real_vector,35f75a1df783bb88a4de7ec15e2e605a,ijPEDVksCcD3lOFbpkf+vz0XsbCsUAlAWfn8oKGJEcBcoxU9PLEIwFjpswvcpAvAAFbiN9KmpT8ElwTT1iAFQH6iEJG/oQTANZutABrFBkA=,compact,4,10,,
run-20260903T230838Z-4891f68f,1,38,36,1,1788476919.112681,5867890000000,i01-g000001-n000000036,i01-g000000-n000000012;i01-g000000-n000000009;i01-g000000-n000000005;i01-g000000-n000000017,de_trial,212.1016087968961,,,,,real_vector,15b8ea6011cc0b4d73c8fd0823bd0817,NH0/+F81FEAMUVFgLWDtP8jqwsmO7ue/rLgVkMXSCkBcj2u9pJAQQKdAzNvaFRRAds59kXHgE8D8QK2Zd0YKQDfjrBR+nBBACrMXpUhdC0A=,compact,4,10,,
run-20260903T230838Z-4891f68f,2,35,33,1,1788476919.112681,5867890000000,i02-g000001-n000000033,i02-g000000-n000000009;i02-g000000-n000000014;i02-g000000-n000000003;i02-g000000-n000000000,de_trial,145.42652890601914,,,,,real_vector,63550d94cc53cd139e9b992b6cdf2c78,BRDYJtO1AMCcLbQLiaMDQOob4Yl3XBBAR53H4zbDEECMBqyBggDtv77b6fjWTv8/YEHU6rssE0BUIanVef0TQHB4AvLbae2/ZYfOq6sIAcA=,compact,4,10,,
run-20260903T230838Z-4891f68f,2,36,34,1,1788476919.112681,5867890000000,i02-g000001-n000000034,i02-g000000-n000000010;i02-g000000-n000000013;i02-g000000-n000000011;i02-g000000-n000000022,de_trial,228.59304222378748,,,,,real_vector,6e6397340f1e9071ec4c3502a9ba9e17,gMzWXpmqBECQR8a59gLrv+jGguu/mtc/Yq+pQZTVA8Bvo2iMBo0SQF6SoNzbmgZAzccEI/wvCEA8QFCT7RAEwAWZpSUmVhLAolTOn6FQDcA=,compact,4,10,,
run-20260903T230838Z-4891f68f,0,37,35,1,1788476919.112681,5867890000000,i00-g000001-n000000035,i00-g000000-n000000011;i00-g000000-n000000023;i00-g000000-n000000006;i00-g000000-n000000013,de_trial,194.73281188330736,,,,,real_vector,ac69fb1aca21007035fdfeccbb1211dc,hvijyuKfDECsmt6IZUbsvxskmkmLPAlAalDVMg8yEcBgnN0F0GfEPyRRZNGuKg9AAjqD3Y4nEUBqNJPLRmv3v0jghdd23fO/qoJmU8ZXDUA=,compact,4,10,,
run-20260903T230838Z-4891f68f,0,38,36,1,1788476919.112681,5867890000000,i00-g000001-n000000036,i00-g000000-n000000012;i00-g000000-n000000010;i00-g000000-n000000006;i00-g000000-n000000003,de_trial,146.35572758871444,,,,,real_vector,b98ce9c05ea35cbc14022bde44b484f9,eiY8llv5+z/AvUhWfRTdP1L5qjehtwVASP5COMS377+josppnlcEQHeQpBLUsRLA4C094bSmwb9YwQcV2OHqv8A1OhzK/rA/AB9/OqWp+b8=,compact,4,10,,
run-20260903T230838Z-4891f68f,0,39,37,1,1788476919.112681,5867890000000,i00-g000001-n000000037,i00-g000000-n000000013;i00-g000000-n000000023;i00-g000000-n000000018;i00-g000000-n000000015,de_trial,195.3002164221231,,,,,real_vector,056099fc60fc86ed78950ec469a1e151,MFxuVOXiEUBac0b9eEcRwFQAycPOAey/ctaEsW2dC8Cw4/I60jn1v3hsD1BZaeY/hA62tPH+AcDsmcYYIJXxv7YUHghJOOG/ZwOPetOFAsA=,compact,4,10,,
run-20260903T230838Z-4891f68f,1,39,37,1,1788476919.112681,5867890000000,i01-g000001-n000000037,i01-g000000-n000000013;i01-g000000-n000000010;i01-g000000-n000000006;i01-g000000-n000000022,de_trial,182.93339252623505,,,,,real_vector,c626346f51e8d5e71b7422149e1dbd57,qm1A6UAX+7/bY7qukuUBQCyMH2xjOus/eHNQsmMK8L/+WsK9BNkKwFg55BaIC/i/h5PDn7YaC8BQe0Cw8tH3Pys/iawp2A/AAwsBnxMdDcA=,compact,4,10,,
run-20260903T230838Z-4891f68f,2,37,35,1,1788476919.112681,5867890000000,i02-g000001-n000000035,i02-g000000-n000000011;i02-g000000-n000000016;i02-g000000-n000000000;i02-g000000-n000000001,de_trial,175.21501404702278,,,,,real_vector,604db29b18fb5173cff829f42f07596e,KvbZ83aXDkDAgwkf1HEFQMwgD8YtHQ9AlSf9dfJYBkBxCGmujqQBQEMjoaaffRHAhpMohgsOA0BcPGBfl70PQE3S3wgRxP6/TGbWwMysB0A=,compact,4,10,,
run-20260903T230838Z-4891f68f,2,38,36,1,1788476919.112681,5867890000000,i02-g000001-n000000036,i02-g000000-n000000012;i02-g000000-n000000006;i02-g000000-n000000008;i02-g000000-n000000019,de_trial,196.37257864865987,,,,,real_vector,2f7cbe52b3df9db9d415412b42438096,nOxCnw494z8XHZyPAXsGwF3FYJ64xArATSUhGuEqAUBGnjLXqxgTwHQ8XrNr6xJAaBYQv/qH3z/8klD0DhX1v/YgghbDmf4/4qjG8NJY+L8=,compact,4,10,,
run-20260903T230838Z-4891f68f,2,39,37,1,1788476919.112681,5867890000000,i02-g000001-n000000037,i02-g000000-n000000013;i02-g000000-n000000020;i02-g000000-n000000023;i02-g000000-n000000011,de_trial,267.53682529657897,,,,,real_vector,c3465e2d3f32509bedbb97713c413179,8eJW6QxHEsCwiNppmdz3P+CeOjMCMgxAMXq4bGPdDcDWiu/RbhL2v7T84FP/bhTA2JW1RX525784biRsv9YTwHeEPkw2FBJA7Anx1AkMBUA=,compact,4,10,,
run-20260903T230838Z-4891f68f,1,40,38,1,1788476919.112681,5867890000000,i01-g000001-n000000038,i01-g000000-n000000014;i01-g000000-n000000015;i01-g000000-n000000001;i01-g000000-n000000009,de_trial,147.4400126352929,,,,,real_vector,98aa205db1040886ddc97c32dc20ceae,JNpZpHGd9T/o6xKboAUSwPQ0JJp9XOk/P3QYO9ljB8D6EDg2x9wPwHgzyS1K9/+/GgwsVLO2BcDbg9t2/dIGQGhkKb7cmgnA9CD2SL6E8b8=,compact,4,10,,
run-20260903T230838Z-4891f68f,1,41,39,1,1788476919.112681,5867890000000,i01-g000001-n000000039,i01-g000000-n000000015;i01-g000000-n000000006;i01-g000000-n000000019;i01-g000000-n000000014,de_trial,204.01707726266528,,,,,real_vector,45b6fff53283bf5f2c107b18e260518f,UC2VvyAkCsDiwU8GzyoUQJmrD2ZWZRNAmPqkO+UREcDwMOei5m4QwHv46RIchwVAQA8szSVUCcB4P6qnGX35P7CuWphjtMk/nOJ3FlyU5L8=,compact,4,10,,
run-20260903T230838Z-4891f68f,1,42,40,1,1788476919.112681,5867890000000,i01-g000001-n000000040,i01-g000000-n000000016;i01-g000000-n000000013;i01-g000000-n000000005;i01-g000000-n000000015,de_trial,180.33103200557295,,,,,real_vector,a14304dabae48f671b3a8735d68d11e7,cjDYDQ04EcAINUsNG+USQHAV5PYHYdW/TNojmFUI6z+Qak317MH7v2WQYIs/ahBA5DohL7DH4j9KkRtFsO/8P5h5j+nEGhRAFXgSEyP+AMA=,compact,4,10,,
run-20260903T230838Z-4891f68f,2,40,38,1,1788476919.112681,5867890000000,i02-g000001-n000000038,i02-g000000-n000000014;i02-g000000-n000000008;i02-g000000-n000000000;i02-g000000-n000000022,de_trial,146.07113533417595,,,,,real_vector,f7ba1334d1a0472703592e0890f8109d,zONyyIf31b80dRsEqhgJwHebjSQnzwTAIr0/Trr16T8A7yNa8EoFQAJA11bbNAPAtDQzpBOd6T9cfe5gKg79P7nK6yPdYf8/OH4l599p4z8=,compact,4,10,,
run-20260903T230838Z-4891f68f,2,41,39,1,1788476919.112681,5867890000000,i02-g000001-n000000039,i02-g000000-n000000015;i02-g000000-n000000012;i02-g000000-n000000005;i02-g000000-n000000001,de_trial,132.32245056908505,,,,,real_vector,5196e187f152fe30f27cab98242a64b3,xP1U2kaU5r/Gsf401bLyP3qPP2XUPRBAoMRfjwaswj8uJ0GtZFkEwB6Urt17K/k/bJmR0Kbz2j8cPplEzW8OQKC5c6afj++/cGAn2Niy7D8=,compact,4,10,,
run-20260903T230838Z-4891f68f,2,42,40,1,1788476919.112681,5867890000000,i02-g000001-n000000040,i02-g000000-n000000016;i02-g000000-n000000000;i02-g000000-n000000012;i02-g000000-n000000006,de_trial,194.5628251480228,,,,,real_vector,e8c58616c9a91f39b3a271b01447e2ac,PMkhO188BMCZD4f4UlvzP0iFB58TOwlA6c8gfJOjCMD3++4CDCACQKYJKXSncwzADzEgO+aEE8CK/SFEm90IQJsErfCZow7AM/GdNmZeE0A=,compact,4,10,,
run-20260903T230838Z-4891f68f,1,43,41,1,1788476919.112681,5867890000000,i01-g000001-n000000041,i01-g000000-n000000017;i01-g000000-n000000008;i01-g000000-n000000001;i01-g000000-n000000009,de_trial,122.96089894846547,,,,,real_vector,7f7bd9173fb89411d6c6dac178b9c0b9,ea0k8bWiEsA9Ed+sjob8vzLcHr2Ufg/AWw9C7Y5VCECA6kOKcnqiP4CpcCS45q0/wKrauBdj3r94w7zz94rlv/Ce+v2gbuo/QCJQkEYd6j8=,compact,4,10,,
run-20260903T230838Z-4891f68f,1,44,42,1,1788476919.112681,5867890000000,i01-g000001-n000000042,i01-g000000-n000000018;i01-g000000-n000000023;i01-g000000-n000000014;i01-g000000-n000000017,de_trial,163.79052493230722,,,,,real_vector,be57cb643766029376a5efbac6bec2f0,yhiO03QeBkCQgN6u80cUwFCDenNoheO/WB79FdBV2b8U45TI5DMCwKx/q2WiLNE/BBiGALTx/b/AJSVxLZoBQM2fc8R1gfU/JrewnWitAkA=,compact,4,10,,
run-20260903T230838Z-4891f68f,2,43,41,1,1788476919.112681,5867890000000,i02-g000001-n000000041,i02-g000000-n000000017;i02-g000000-n000000016;i02-g000000-n000000019;i02-g000000-n000000002,de_trial,196.21215393035283,,,,,real_vector,0c32e5633abaa37ee511e312246b419f,F2lpt0ALAsDY04dhecLVP7VZM4tiVRJAmZZ1mxeJAMD+BNR2xfUNQI+CPiMCY/G/W2cWlXnoEEDIe2Ar9wYUQG7yO5Sruve/4Oy3Wil64b8=,compact,4,10,,
run-20260903T230838Z-4891f68f,2,44,42,1,1788476919.112681,5867890000000,i02-g000001-n000000042,i02-g000000-n000000018;i02-g000000-n000000014;i02-g000000-n000000007;i02-g000000-n000000016,de_trial,215.54913118436681,,,,,real_vector,4c64866d809ee029d0b796f8308a68cb,0rJWPFzoEMCqF29fKo4CQNRErVcWGw9AfBXOpm8qBEDAs76JFKnuP7VQ4081HBFAVHkiSqVn97+A8Z/mLiQEQKhqlLgE+t8/zJKywvJZBEA=,compact,4,10,,
run-20260903T230838Z-4891f68f,2,45,43,1,1788476919.112681,5867890000000,i02-g000001-n000000043,i02-g000000-n000000019;i02-g000000-n000000015;i02-g000000-n000000012;i02-g000000-n000000021,de_trial,182.82324345380857,,,,,real_vector,88d8c36f19e0b76de472aec5fcb8e61e,XA/12mmPDkCrX7SdEIQNwPWDOOCcqgHAKMPDtML0479AdEoECljtv2LLH/cLkPu/uCxQSNEqAMAy7zPNPHEQQBcVHHsRsgzAMWTAC8jpEsA=,compact,4,10,,
run-20260903T230838Z-4891f68f,2,46,44,1,1788476919.112681,5867890000000,i02-g000001-n000000044,i02-g000000-n000000020;i02-g000000-n000000017;i02-g000000-n000000016;i02-g000000-n000000015,de_trial,245.49946585072666,,,,,real_vector,63d1761def46449c24f9aa9c17a7de95,s6ISXtwNBMBG/WdqnN0JQLhHnQ/78BFAyDZCDCr9DMD6HiS0mVAMQBBUfInDGv+/Umgul5EJ9z9tgPTITW0DQCa778J3UPU/HL2Tl1s0E0A=,compact,4,10,,
run-20260903T230838Z-4891f68f,0,40,38,1,1788476919.112681,5867890000000,i00-g000001-n000000038,i00-g000000-n000000014;i00-g000000-n000000003;i00-g000000-n000000021;i00-g000000-n000000007,de_trial,176.34542622252854,,,,,real_vector,b033e591d14cb37d752720ed5feb3533,YDMJOA7Q5b+435dhqu/IP6RHWZD56Oy/CrT0Ay1Y/T+Aub/VqgLIv4ytLv4aFQPAr6Ntbf0ZEUA2iRn0SZYRwNwcOqqPBgPAUq8nuNNgA8A=,compact,4,10,,
run-20260903T230838Z-4891f68f,0,41,39,1,1788476919.112681,5867890000000,i00-g000001-n000000039,i00-g000000-n000000015;i00-g000000-n000000022;i00-g000000-n000000007;i00-g000000-n000000018,de_trial,218.99136917844191,,,,,real_vector,5d44f244e8cd65a5e42c87afe9b6cc4a,/wAFuX+ZDsCVWsJu2I8KwK9mzDu7WATA4HHLYmsx8r+ivGxu3urzvxwgRmaVRAVANBCWrg8DAUCVlDdhBXIRQJhszf+C4hHACUW1pxPtA8A=,compact,4,10,,
run-20260903T230838Z-4891f68f,0,42,40,1,1788476919.112681,5867890000000,i00-g000001-n000000040,i00-g000000-n000000016;i00-g000000-n000000000;i00-g000000-n000000004;i00-g000000-n000000022,de_trial,132.16312528642334,,,,,real_vector,7a9b48f16c1d83cc9b510909c2b614e2,sFah+DPnE8AKpCpjSZ3yP6u5rtslDBJAdmJrb9VD/7/YRuMFYIzwv0BSgh1n8/2/jMRhKr607795LuXQEZ8QwETYtxfSNva/rpFP6TDTAEA=,compact,4,10,,
run-20260903T230838Z-4891f68f,0,43,41,1,1788476919.112681,5867890000000,i00-g000001-n000000041,i00-g000000-n000000017;i00-g000000-n000000006;i00-g000000-n000000011;i00-g000000-n000000014,de_trial,180.07270877261828,,,,,real_vector,d3d8485b43e9f3482095bc3aee5c963c,X6PM/C4lE8DMznzoM03iv5ix2DBvrfA/rF/6uK6iD0CmocoYwLD1P1CpzPj27N6/tjfQft50+D9+l1Z4Njn0v3YLbBZAbvO/eOYu0JTtDEA=,compact,4,10,,
run-20260903T230838Z-4891f68f,0,44,42,1,1788476919.112681,5867890000000,i00-g000001-n000000042,i00-g000000-n000000018;i00-g000000-n000000023;i00-g000000-n000000009;i00-g000000-n000000015,de_trial,188.4810022310907,,,,,real_vector,f485aba77761c44a5ef6170c7946880c,xrynf8c+A0A0mALWmNgJwAzwmhMBxPS/Ns1H7BS19r96+vOi6UHyv8pUw4c7kfw/AYORAjZ0EcBqTkqCBNkLwK75hhboTQTAALVvZtMGh78=,compact,4,10,,
run-20260903T230838Z-4891f68f,0,45,43,1,1788476919.112681,5867890000000,i00-g000001-n000000043,i00-g000000-n000000019;i00-g000000-n000000001;i00-g000000-n000000006;i00-g000000-n000000004,de_trial,145.17821152205488,,,,,real_vector,b1b08c3c8c111b70a38d2583fa9b2984,qPvLn2SE578QhZj0ofEHwLRS3zNCofE/ulHdwklaEEDQCQsPZlLoPyS3V194G+U/uAsni/LoDUDknfAayLsAwHB+Bx8fpfq/W6RejeoXC0A=,compact,4,10,,
run-20260903T230838Z-4891f68f,0,46,44,1,1788476919.112681,5867890000000,i00-g000001-n000000044,i00-g000000-n000000020;i00-g000000-n000000017;i00-g000000-n000000013;i00-g000000-n000000016,de_trial,181.78493640606402,,,,,real_vector,c241baf7033cfb2f521f2b83e3b7dc75,aU0MGorw+7+AekqXwzvhv/wDI9nUagzAgJ2C6SbUE0CA7fc0dmvlv/7irgRhVAfAGO/2z+ffBsDOQGtTVkAPQLTyrJuCOve/LLLV90c5+z8=,compact,4,10,,
run-20260903T230838Z-4891f68f,0,47,45,1,1788476919.112681,5867890000000,i00-g000001-n000000045,i00-g000000-n000000021;i00-g000000-n000000023;i00-g000000-n000000011;i00-g000000-n000000004,de_trial,146.4015794457542,,,,,real_vector,8b8e533d082e544e8307a5f0ccf6a4ba,PyKM8aOpEUD+AuXWMfMQwICcr9KRU9a/IOmHPcF+yr8QLsSTpuvLv0YcbpTkUec/1IjFa+lrAECQNHt23TL/P7B7y2YPvd6/JIokFlj/6L8=,compact,4,10,,
run-20260903T230838Z-4891f68f,0,48,46,1,1788476919.112681,5867890000000,i00-g000001-n000000046,i00-g000000-n000000022;i00-g000000-n000000019;i00-g000000-n000000005;i00-g000000-n000000009,de_trial,176.1582573693625,,,,,real_vector,bdfc0ca647e45d7d6e1cf12fcab83fac,e2LagqGqC8CzNAGyH4/8Pzzkl9WPHQzA4KZD4q4q8L/6goxcr/wSQFhOKpNAcPG/RIenK+KK+T/cX214moXXPwDML4xif4Q/3BlRJ/9RFMA=,compact,4,10,,
run-20260903T230838Z-4891f68f,0,49,47,1,1788476919.112681,5867890000000,i00-g000001-n000000047,i00-g000000-n000000023;i00-g000000-n000000005;i00-g000000-n000000009;i00-g000000-n000000014,de_trial,194.17872649536275,,,,,real_vector,c559d0348fa953cd9048807480de7d3a,itfbDvogA0BWT20HKmcQwJ4i71hUX/u/Evt3R+TNDsCwfDRf3rz3v2D1/yo8HeU/lomr/Qw/DEBmp5RWxkYDwNw0Ab1zZQhA0p/8rP7m+78=,compact,4,10,,
run-20260903T230838Z-4891f68f,1,45,43,1,1788476919.112681,5867890000000,i01-g000001-n000000043,i01-g000000-n000000019;i01-g000000-n000000023;i01-g000000-n000000014;i01-g000000-n000000005,de_trial,198.05431733906522,,,,,real_vector,921e21c8b1552349ae1bd28b7f4b30fe,IPv7VKGE+j9+uF5OVpgLwCDbu676s9S/KF11G6NdAsDD/lInLQcFwAtYxC2YFRJAwCtjBRRt0j/4XOjD6k3fP3TJPdDl0ea/kDvT9JKY8j8=,compact,4,10,,
run-20260903T230838Z-4891f68f,1,46,44,1,1788476919.112681,5867890000000,i01-g000001-n000000044,i01-g000000-n000000020;i01-g000000-n000000018;i01-g000000-n000000023;i01-g000000-n000000022,de_trial,164.17353121313468,,,,,real_vector,d4278a6618553d3df3dae2b54a49767b,n1jGNDltAMC6YWFb6qASwK8BGMZc/AVAWGDwmBAd4z8APq92zI+qv4fTgxiK6Py/OBEyGjjk+j9vWlZ7KXUKwHwm0nAwXRBAQgwChJ4V9T8=,compact,4,10,,
run-20260903T230838Z-4891f68f,1,47,45,1,1788476919.112681,5867890000000,i01-g000001-n000000045,i01-g000000-n000000021;i01-g000000-n000000013;i01-g000000-n000000016;i01-g000000-n000000022,de_trial,204.59535517421727,,,,,real_vector,d7b8ecca7ccd3a362efacc6879d3ff87,grpeWkxKEMDWVW3MvMoJQGRngm093vS/3BBf0f6PA0DAZboA9CTKv1nsRTDmRRFAaPI9tYOB3L/WhhpXbh/yP5OKpZHsEQRAplmwK5GWEcA=,compact,4,10,,
run-20260903T230838Z-4891f68f,1,48,46,1,1788476919.112681,5867890000000,i01-g000001-n000000046,i01-g000000-n000000022;i01-g000000-n000000015;i01-g000000-n000000008;i01-g000000-n000000003,de_trial,197.85842207257434,,,,,real_vector,32c0df1181d18057a489ac754172f1c5,GgLVunZhBMBe0c8dKlYBwGxBr/mzxN0/W9Zux5f6BcDQUlQl923dP0ILqJz2pQtApvOHLusGEsDW3KhECrwNQJDR3SMgF/G/BXJzXy1oAEA=,compact,4,10,,
run-20260903T230838Z-4891f68f,1,49,47,1,1788476919.112681,5867890000000,i01-g000001-n000000047,i01-g000000-n000000023;i01-g000000-n000000002;i01-g000000-n000000011;i01-g000000-n000000021,de_trial,184.54036974142565,,,,,real_vector,e11b389d69cf4820a71ea140281244aa,qldS3fwTBcBm2F82/eUTQO3kf1ZFlwNADM9fsvJnBsAo0BUGh9UPwEAH8GQjlNo/IItiwcev778wacb+iLgCQEhnw41gewhA+WumSS4vDcA=,compact,4,10,,
run-20260903T230838Z-4891f68f,2,47,45,1,1788476919.112681,5867890000000,i02-g000001-n000000045,i02-g000000-n000000021;i02-g000000-n000000001;i02-g000000-n000000022;i02-g000000-n000000008,de_trial,207.39442081955286,,,,,real_vector,f48e7bea36b2d964e36f8d420c8fdcb2,pHvyzvIH9b9/HQ+JeKv1v4CJUEekFt+/lRYUX/CiAcCN5RvrD2EEwBrYhPdmX/M/5ujFQ7JI97+1lYmWmE0RwH6gY7tEowPAzpVWOOi9DUA=,compact,4,10,,
run-20260903T230838Z-4891f68f,2,48,46,1,1788476919.112681,5867890000000,i02-g000001-n000000046,i02-g000000-n000000022;i02-g000000-n000000000;i02-g000000-n000000010;i02-g000000-n000000023,de_trial,90.49405844804498,,,,1,real_vector,831c88ece240c6fd27f78c3f513972ef,"[-1.820627139063141,2.424561777202946,0.7665104434541381,-1.0194561128134982,1.991918931292755,-1.2178608175242562,-3.095308635606219,-0.6816920694547355,-0.08986657596213554,2.0642602483470656]",full,4,10,,
run-20260903T230838Z-4891f68f,2,49,47,1,1788476919.112681,5867890000000,i02-g000001-n000000047,i02-g000000-n000000023;i02-g000000-n000000000;i02-g000000-n000000020;i02-g000000-n000000003,de_trial,203.33630918674635,,,,,real_vector,fc22bf6582633a74577b1db59ddd2f27,uCVsIuCnAUDGsJloes8LQOD4M0kdQ9E/YkyxFsbP/7/TrIepb0MFQJTZIyNeHg3AtowPVzJCBsAkUDx1pZQLwH4Lq2r4Ffm/b79wakorBUA=,compact,4,10,,
run-20260903T230838Z-4891f68f,0,51,48,2,1788476919.114677,5867890000000,i00-g000002-n000000048,i00-g000001-n000000024;i00-g000000-n000000002;i00-g000001-n000000046;i00-g000000-n000000005,de_trial,90.729540967393,,,,1,real_vector,cee9d4f3e424c1130bc30c49555db8b9,"[-2.958757995183743,-0.1340991034208936,1.1151127188095638,-0.0745785530334877,2.972453394383692,0.9090903308289682,-2.0386197969924504,-0.3873414023429991,-2.320579923636107,-1.4032381577272668]",full,4,10,,
run-20260903T230838Z-4891f68f,0,52,49,2,1788476919.114677,5867890000000,i00-g000002-n000000049,i00-g000000-n000000001;i00-g000001-n000000037;i00-g000001-n000000038;i00-g000000-n000000011,de_trial,166.50823071597833,,,,,real_vector,4003c57149b608a241a4c8024dbd2884,cSOMdA6PAkAh7b9bHWcRwJ3vJQZTcfa/alQQ2n+TD0BELKNMl13vPytBuDgVh/E/zqNjNORTAcA5qDDxC5MRwDfYXBmatxDAQLhv56G5uL8=,compact,4,10,,
run-20260903T230838Z-4891f68f,0,53,50,2,1788476919.114677,5867890000000,i00-g000002-n000000050,i00-g000000-n000000002;i00-g000000-n000000018;i00-g000000-n000000023;i00-g000001-n000000024,de_trial,131.40748194160946,,,,,real_vector,c4bdd662a8b7236a37654978045a64c8,nDpmX/4WEMC30pDQi5H+v7zQIKkAVQFAUmp9oYRTFMAUkmJA3TfwvzZpiZQqUfU/mOxNkwqNEMDLgu5cEI4PwIBjRNR1Lci/gn9O64s2/L8=,compact,4,10,,
run-20260903T230838Z-4891f68f,0,54,51,2,1788476919.114677,5867890000000,i00-g000002-n000000051,i00-g000000-n000000003;i00-g000001-n000000037;i00-g000001-n000000046;i00-g000001-n000000036,de_trial,194.01356933944632,,,,,real_vector,962854619e23a6ad1b8cd1bad7801d40,CPvAA0bk/T9jJXHjcTwNwNyukzcM6w/AYWAN4yCxC8D4AiRdj8DMv//X3UEa8ANAiIaEBQce9r9q9tsR26/fv3pYyeQ2H+K/wiqgqbQ2EMA=,compact,4,10,,
run-20260903T230838Z-4891f68f,0,55,52,2,1788476919.114677,5867890000000,i00-g000002-n000000052,i00-g000001-n000000028;i00-g000001-n000000043;i00-g000000-n000000001;i00-g000000-n000000017,de_trial,185.22464812616207,,,,,real_vector,e87f9c079d17cc53d52979a3a2e0de06,UIU9yoyowT/Ye0cvYNQPwIbY07H3TAdARDwhQrU9FEAewVaPTj/iv1j3DkE3OARAa1d/mh8DEkAeOd9folEUwPSqDGiDlfA/lX/CIG1cCUA=,compact,4,10,,
run-20260903T230838Z-4891f68f,1,51,48,2,1788476919.114677,5867890000000,i01-g000002-n000000048,i01-g000001-n000000024;i01-g000000-n000000023;i01-g000001-n000000042;i01-g000000-n000000020,de_trial,103.18185745814242,,,,1,real_vector,af8d6b9a2358069f263452d34780c350,"[-0.9559988687477459,-1.7580610924958422,-0.43708009880154863,-0.8339228743078395,-1.2321998839635633,-0.27431409552307084,-2.357067405650044,0.10828236934906954,2.0679283030773297,3.131364781984734]",full,4,10,,
run-20260903T230838Z-4891f68f,1,52,49,2,1788476919.114677,5867890000000,i01-g000002-n000000049,i01-g000000-n000000001;i01-g000001-n000000032;i01-g000001-n000000034;i01-g000000-n000000020,de_trial,131.1029982550223,,,,,real_vector,2b46b27d6cbf35a5c615b021967014b2,IAgDPUYu5z/WLxtkGWETQLq04gPQOeI/HuX2hRbQ8b+oGTdKz6vrPxBPgolR7cu/KDOPCHklAsDcYE3t6YDwP4R05+3X0PI/prizBe6YC8A=,compact,4,10,,
run-20260903T230838Z-4891f68f,1,53,50,2,1788476919.114677,5867890000000,i01-g000002-n000000050,i01-g000001-n000000026;i01-g000000-n000000012;i01-g000001-n000000041;i01-g000001-n000000040,de_trial,127.07426759345152,,,,,real_vector,9dc6597362ea63555f9732752f66aa0a,3Gw1p4ca5b8wusaa4lMPwIilMpIbewXAwPkYnEJ+1z+C4IC0SGUGwJDXFBNelABAUKDbJ89q1r8IxP1DGZ7KP1h8DvOJXvE/vXegVwS6/D8=,compact,4,10,,
run-20260903T230838Z-4891f68f,1,54,51,2,1788476919.114677,5867890000000,i01-g000002-n000000051,i01-g000000-n000000003;i01-g000001-n000000034;i01-g000000-n000000005;i01-g000001-n000000031,de_trial,134.87789918606262,,,,,real_vector,254427ed0d846628e2f5a9b4bba1fea5,Avu8DgvE8b/SzFLC4RLjP3h8OwY/9Ou/PCMFF6QeD8C+s77+GLkOwBExOT+mRxDANKkgrrbO/L+k5klaCtT9P8ChUZWLx9W/+pB83O/pAsA=,compact,4,10,,
run-20260903T230838Z-4891f68f,1,55,52,2,1788476919.114677,5867890000000,i01-g000002-n000000052,i01-g000000-n000000004;i01-g000001-n000000034;i01-g000000-n000000005;i01-g000001-n000000038,de_trial,151.57871914734955,,,,,real_vector,a20354f3efb099494f32aba2ca2f951d,/90H8DalB8Cse43bidcQQLi75zP8I/6/wJEv7zrI+L84afiJzJjdv4AWQBDjTfs/pIREN5W3CcChqldOlRrzP5g4GxLe4NY/eG28lnYS0b8=,compact,4,10,,
run-20260903T230838Z-4891f68f,1,56,53,2,1788476919.114677,5867890000000,i01-g000002-n000000053,i01-g000000-n000000005;i01-g000000-n000000021;i01-g000001-n000000042;i01-g000001-n000000026,de_trial,167.64490589906484,,,,,real_vector,57179d4b63fc5b7b5bf606a823123a27,yhpg2VYaAsA10DhqWJoTQF7N/zq/TPS/INjrWpYhBkAagiYMF4nUv1gv0M3hiQFA6HQ57jLM8z86/WwCrrQMQIBK4BwnCNk/ypOLdpmjCEA=,compact,4,10,,
run-20260903T230838Z-4891f68f,1,57,54,2,1788476919.114677,5867890000000,i01-g000002-n000000054,i01-g000000-n000000006;i01-g000001-n000000041;i01-g000001-n000000033;i01-g000001-n000000034,de_trial,251.18070709286138,,,,,real_vector,64ff511d739bbdd6ad63e532d9ef107e,SrdY9UBjD8Dtw9WUiuISQEyQT9I+eBHAV0GwJHOsEUCvw3cPhRUMQOfEk+TAJPK/2jeQW1qPCkDG5l448cL2v8/ra/lk8/Q/iANRc5XxCkA=,compact,4,10,,
run-20260903T230838Z-4891f68f,2,51,48,2,1788476919.114677,5867890000000,i02-g000002-n000000048,i02-g000000-n000000000;i02-g000000-n000000023;i02-g000000-n000000013;i02-g000000-n000000007,de_trial,156.88341422614127,,,,,real_vector,8319d9579a09efd96b156d99cfbe03e7,tP43CYCND0BuCLmc0dr0v8CscWCWbNq/oLJKoqcdFMCR18HXd+MNQBC7pP04WMI/wztHWdbYE8AVxrWyoe4AwIK8m5a/tA/AU4nAuwmt/r8=,compact,4,10,,
run-20260903T230838Z-4891f68f,2,52,49,2,1788476919.114677,5867890000000,i02-g000002-n000000049,i02-g000001-n000000025;i02-g000001-n000000039;i02-g000001-n000000030;i02-g000000-n000000023,de_trial,199.57730547612135,,,,,real_vector,4e5aaf500131912c91628d921beebba2,oBWkTQF42L/vhDxYGi0FQPoLP+7ezwlA/OmhWqHRzT9yMQS07PULwG5PPkOs6BFAAIuCi3Hciz9pFZMiltf4P1Rn1JIaD+Q/wJbDsfEG+j8=,compact,4,10,,
run-20260903T230838Z-4891f68f,2,53,50,2,1788476919.114677,5867890000000,i02-g000002-n000000050,i02-g000001-n000000026;i02-g000000-n000000000;i02-g000001-n000000033;i02-g000000-n000000010,de_trial,169.29685396315995,,,,,real_vector,9710165a6e6444ffd70b3a85f728beaa,RjTXBqNmA8BAPjtXv5ziP3qVFqO7ufm/wiJLSNjZBUCA0BIT8ODGv6TizEsslATAiPz1oHrF5r8AOKx0IyfVP7ZULbFwXRDAQv0w0Q/jB0A=,compact,4,10,,
run-20260903T230838Z-4891f68f,2,54,51,2,1788476919.114677,5867890000000,i02-g000002-n000000051,i02-g000001-n000000027;i02-g000000-n000000005;i02-g000000-n000000021;i02-g000001-n000000026,de_trial,180.22789293986145,,,,,real_vector,8d28e78d2eaa05f7a56fa9a76413925a,jEfUii0O4T/YZZplHQkKQNcLKv6JhAHA8EiSGOKK6b+QNq5XwfzKP5AGvSvYSRFAMXdJwIo4EcCyrIXz7MUJwO72+n7byfu/85+FebcMAkA=,compact,4,10,,
run-20260903T230838Z-4891f68f,2,55,52,2,1788476919.114677,5867890000000,i02-g000002-n000000052,i02-g000001-n000000028;i02-g000000-n000000021;i02-g000000-n000000017;i02-g000000-n000000020,de_trial,172.7791485727699,,,,,real_vector,1d327cca52e358849b8bbf848e9b50eb,JA7KOMr54b/AXdW9BDnSv7Bp740s0Ni/GQkeEFbaBUBFVWXJvl4KQHTQ6NI6Tfm/NExleaJP9T+4LHlh+pP1vyh7oSD4ufS/CrOYbQgVB8A=,compact,4,10,,
run-20260903T230838Z-4891f68f,2,56,53,2,1788476919.114677,5867890000000,i02-g000002-n000000053,i02-g000000-n000000005;i02-g000000-n000000013;i02-g000001-n000000025;i02-g000001-n000000039,de_trial,208.57862166176102,,,,,real_vector,1df8833c8a919370b6f9a8b312e45205,7CB7sUWSEUBKeBmv1GAPwNz+I37KQv+/0HeoH0izCcBASfby4zMQQAZIXZMVFApA4xrdWYe8D0DDqCmf0TYCwAJNdmoIFhHAq7sjA2HmC8A=,compact,4,10,,
run-20260903T230838Z-4891f68f,2,57,54,2,1788476919.114677,5867890000000,i02-g000002-n000000054,i02-g000001-n000000030;i02-g000000-n000000018;i02-g000000-n000000000;i02-g000001-n000000046,de_trial,208.74446576220737,,,,,real_vector,0205328ce3e4b762bb3efc402b0af32f,BZTBRJZiEUDUL2h6jUrkvw8zDWExxvo/KETJmNs3tj9SztVAePwTQGCpS+xx3g3AI51lF/NGEsBZoVh8oKrpv3CFpuO1fAxAtj3q+ffgB0A=,compact,4,10,,
run-20260903T230838Z-4891f68f,0,56,53,2,1788476919.114677,5867890000000,i00-g000002-n000000053,i00-g000000-n000000005;i00-g000001-n000000030;i00-g000000-n000000010;i00-g000001-n000000043,de_trial,123.33860530556538,,,,,real_vector,6f17f760d5d68fd5e36164bfcd823a67,8+IJ98/UCcCcYUMapD3nv95gkpHcQfK/qATwEYEsCcBmljCEZr4AQB/eMHEDP/Q/3mv7EnmEEcCwV+BOVHi9vz37nYDlIgBAUhV2dSsI9L8=,compact,4,10,,
run-20260903T230838Z-4891f68f,0,57,54,2,1788476919.114677,5867890000000,i00-g000002-n000000054,i00-g000001-n000000030;i00-g000001-n000000038;i00-g000001-n000000043;i00-g000001-n000000031,de_trial,156.1523987043183,,,,,real_vector,9c749cf4de41fceb12307abcea6c1083,qiXrhjLl9D8bIq8ysxX+v8Cp1qMfz8s/KXiIjwRNFEB4sagqvmQFQKBPW7t28cm/P0TbHTya8z+NHSUSX5kGwIqaPw6xPw3AzFD02QTu4r8=,compact,4,10,,
run-20260903T230838Z-4891f68f,1,58,55,2,1788476919.114677,5867890000000,i01-g000002-n000000055,i01-g000001-n000000031;i01-g000000-n000000022;i01-g000000-n000000001;i01-g000000-n000000023,de_trial,182.60046164928195,,,,,real_vector,6d94b8a3eb2a4e8cd6e5ba0c2b18edd8,uf6wO+f9A8AsFcTVGRz5PwDCt3iBV3m/tzSPSXuDC0D45MhH4gUEwOB2SePv9wrAGCsr8aLOCsDWCgvgqgoJQMAlJCpMccW/gBQ//B+q/78=,compact,4,10,,
run-20260903T230838Z-4891f68f,1,59,56,2,1788476919.114677,5867890000000,i01-g000002-n000000056,i01-g000001-n000000032;i01-g000001-n000000037;i01-g000001-n000000038;i01-g000001-n000000035,de_trial,176.11583604370418,,,,,real_vector,d6af3193ac7b526e0fd0ed49c5a60ff3,5GVh7aHH4T/EdH+qbsftP6gPYVBucdW/FNS7reZr0b/NkVM6ym4OwHjTKUSixOi/IK8k964QE8AnaBdUGYT5P1IDqzoQkeU/JtYVMDcEDcA=,compact,4,10,,
run-20260903T230838Z-4891f68f,2,58,55,2,1788476919.114677,5867890000000,i02-g000002-n000000055,i02-g000000-n000000007;i02-g000000-n000000008;i02-g000001-n000000035;i02-g000000-n000000000,de_trial,142.86401883196237,,,,,real_vector,c7a93f1748fb3b565a69677e3de738f7,8iAPYnkgAEBwD8BVMhgHwETSTxVvXQdAdQVUEciZ+T9yfyzfW/jgP+CCql9O2tM/89e32TG28z/wzKNDsQETQFSEUtdyHv0/WJLdpem/0b8=,compact,4,10,,
run-20260903T230838Z-4891f68f,2,59,56,2,1788476919.114677,5867890000000,i02-g000002-n000000056,i02-g000000-n000000008;i02-g000001-n000000026;i02-g000000-n000000000;i02-g000000-n000000017,de_trial,208.04696569424172,,,,,real_vector,42e500083cee48e9b3ec3b30b9892ff2,mJ6ecMGyD8C4xJf9ihTfv0xDe+J/6uI/f/z7uevZBMDTxR5k//ACwDDHvhBtzxHAkq/hMff98r8xdhz8OtT3P0CaaDBj7/2/KE/9K5UhEUA=,compact,4,10,,
run-20260903T230838Z-4891f68f,2,60,57,2,1788476919.116185,5867890000000,i02-g000002-n000000057,i02-g000001-n000000033;i02-g000000-n000000012;i02-g000001-n000000026;i02-g000001-n000000027,de_trial,179.05491903555264,,,,,real_vector,c24b3831dbec4cac809210bf657a7be0,8jy//aT4/r+C7X+SqJ0RwP+SJXIqiRBAHDXo0TqZCsBMleOX8RoIwMCTjOu9rwXAAHccLgKfn79w6JCrcbMCQLRnUbQJQwXApGhDJRvdBUA=,compact,4,10,,
run-20260903T230838Z-4891f68f,2,61,58,2,1788476919.116185,5867890000000,i02-g000002-n000000058,i02-g000000-n000000010;i02-g000001-n000000028;i02-g000001-n000000025;i02-g000000-n000000023,de_trial,180.30418012633726,,,,,real_vector,476c2412dd8d2a3327308bf34d7fc97e,4NETRbMxA0B06iRtbyDiv43DLU739AHAd8P33fIxCcBMnNPIBHH5v7wZWEj0OfA/kTNytEyVEcCSSbV6Z7YLwPE2V7lsDQfA9ilWBk+o8r8=,compact,4,10,,
run-20260903T230838Z-4891f68f,2,62,59,2,1788476919.116185,5867890000000,i02-g000002-n000000059,i02-g000001-n000000035;i02-g000001-n000000033;i02-g000000-n000000007;i02-g000000-n000000008,de_trial,193.49385437179433,,,,,real_vector,b20418457b43fb696ced18dca1d8d547,Rk4ZtuFO87+IZBt7ONQMQHDSWhW8BBJARqisglqnD0BKsAHzFWbxv0MjoaaffRHAjB0ZzMm9AEADR30S0zgTQMhiJhohuOk/iGbonmJDBsA=,compact,4,10,,
run-20260903T230838Z-4891f68f,2,63,60,2,1788476919.116185,5867890000000,i02-g000002-n000000060,i02-g000000-n000000012;i02-g000000-n000000018;i02-g000000-n000000020;i02-g000001-n000000026,de_trial,153.45739928968368,,,,,real_vector,b3ea7762b12a611a171d53f8dd03a68c,+AZYC3LCEUCWHtoM3f8FQErR0VNHDQhAcHlnbAGA6r/33KuLNEcPQCITpP7XjP+/H21yEffCDsBashlM0ZYPwPYgghbDmf4/sBlT3wSg9j8=,compact,4,10,,
run-20260903T230838Z-4891f68f,2,64,61,2,1788476919.116185,5867890000000,i02-g000002-n000000061,i02-g000000-n000000013;i02-g000000-n000000017;i02-g000000-n000000016;i02-g000000-n000000008,de_trial,194.00252040995943,,,,,real_vector,002eb4c639b9e256e66a68aa4539971b,ULNvJGduyb9oeIkRw5LrP9gD5seduAxASJJODS2L7T+UTOo8iSMPQP+hDCnlGvm/Jfgok4evC0CwiiHUzvPjP0jh6wvVbBHA1q8kqrIIBEA=,compact,4,10,,
run-20260903T230838Z-4891f68f,2,65,62,2,1788476919.116185,5867890000000,i02-g000002-n000000062,i02-g000001-n000000038;i02-g000000-n000000021;i02-g000000-n000000018;i02-g000000-n000000000,de_trial,131.96200882131632,,,,,real_vector,83adaa9c33fc9405bfc9eef908a250c5,3GjiSem+9j/GTDy1fZYAQPyjqykNm/g/dlfdvnRB8D82zWHcKx70P4ceM0Drave/zIP++Vtb6b8a2/JMEUoKwJaQcUEvSxBAAFbbBQsleD8=,compact,4,10,,
run-20260903T230838Z-4891f68f,1,60,57,2,1788476919.116185,5867890000000,i01-g000002-n000000057,i01-g000001-n000000033;i01-g000000-n000000004;i01-g000000-n000000003;i01-g000001-n000000039,de_trial,185.93436347837186,,,,,real_vector,21910b60a386da6b127e44f0f9cb4074,x4RXw2vmCEDcuh79JfHyvxul4KCslg7AgOHGOJxw3b8AVTofIJvzPx48HLfZtwbA2oc5pnc3D0Buqwk60HIRQDGldnDTsxLAYU0AxSGG+78=,compact,4,10,,
run-20260903T230838Z-4891f68f,1,61,58,2,1788476919.116185,5867890000000,i01-g000002-n000000058,i01-g000001-n000000034;i01-g000001-n000000032;i01-g000001-n000000039;i01-g000001-n000000043,de_trial,150.7592809761668,,,,,real_vector,5830339fe424a3178543c815a2f56746,hMHO1DgTCcApoMv/0GMRQMTHtYUQMAVAKOmB0WhX/79r8dRFI676P4WthiCQNPK/KBfnHQQNFMDd20LTQ7f7P/Ge6spHGPI/jk7TEFxLCMA=,compact,4,10,,
run-20260903T230838Z-4891f68f,1,62,59,2,1788476919.116185,5867890000000,i01-g000002-n000000059,i01-g000001-n000000035;i01-g000000-n000000001;i01-g000001-n000000039;i01-g000001-n000000026,de_trial,155.00342464574098,,,,,real_vector,ca5744540a83cdc24aefc212ec30a805,PE7HeOK78b8YeA4QXcHev6qKl+n5igrAFMzBCVE4CUCjRrDoaGsCwK1g8upH5vW/a+UKy8msCcCg9YvDR8bBP3iGS/4CVPQ/q1HDsEKMEMA=,compact,4,10,,
run-20260903T230838Z-4891f68f,1,63,60,2,1788476919.116185,5867890000000,i01-g000002-n000000060,i01-g000000-n000000012;i01-g000000-n000000023;i01-g000000-n000000006;i01-g000000-n000000005,de_trial,140.2844667579693,,,,,real_vector,242953eb122314a0f1aa74a83cee5448,eFIT5bBa77+SAHyYA1kGwAa06FQhqgjAPEXzPI4qD8D7wujWuHoNwNhg5BiVgNg/wga0396r97+E8hWApeLhP+CIprs/APM/wAGbu6xrtz8=,compact,4,10,,
run-20260903T230838Z-4891f68f,1,64,61,2,1788476919.116185,5867890000000,i01-g000002-n000000061,i01-g000001-n000000037;i01-g000001-n000000033;i01-g000001-n000000034;i01-g000000-n000000021,de_trial,143.9552257016038,,,,,real_vector,e161526d1ce0a6514cd5808e3305d4fd,vOylG1OjA0CmqevJmCsGwMicuCSbPAXACmQiwrISE8D07sJSe5f+P2uRvUSxCgfAFkcDSAJc/792hh2KHrvzvys/iawp2A/AUOokKjx7778=,compact,4,10,,
run-20260903T230838Z-4891f68f,1,65,62,2,1788476919.116185,5867890000000,i01-g000002-n000000062,i01-g000001-n000000038;i01-g000001-n000000041;i01-g000001-n000000040;i01-g000000-n000000005,de_trial,118.14180013826156,,,,,real_vector,f4e8ee69b9f1ec3db79cc97a5904f58d,5DsvvQkn/r+XR7pmCfH9v9yNaZRRTwHAHHTe0pU0AkAEdL1vXjz4v752FArTOfA/GgwsVLO2BcB7nLELxkvyv16IIy+3r/4/yn6TIf3oA8A=,compact,4,10,,
run-20260903T230838Z-4891f68f,1,66,63,2,1788476919.116185,5867890000000,i01-g000002-n000000063,i01-g000001-n000000039;i01-g000001-n000000040;i01-g000000-n000000004;i01-g000001-n000000033,de_trial,198.3316979548361,,,,,real_vector,7a2e5399aa64e49eb3c0ccef98e0f866,klW803jGEMAu6/4m2FIUQIwVWFZtnNy/OgT/RS7t6j8m2zqh02ILwLgQI1FvPg9AJveMSwlK7j94P6qnGX35P2CKF/OYWOU/lmWMWu2nEsA=,compact,4,10,,
run-20260903T230838Z-4891f68f,1,67,64,2,1788476919.116185,5867890000000,i01-g000002-n000000064,i01-g000001-n000000040;i01-g000001-n000000035;i01-g000000-n000000022;i01-g000000-n000000005,de_trial,201.769709167602,,,,,real_vector,fe7b2beaf4dda26cb0ebb137e1fa9c66,m/eObZPdC8Aw9y2mY1zJv3AV5PYHYdW/zxg8UjWdDsDAtd6Rhs0TwFgQNvGGQuC/cPJn07jnAcDvklhBEy8GQAQ6wpUMIxLA4LkCvvBx5z8=,compact,4,10,,
run-20260903T230838Z-4891f68f,2,66,63,2,1788476919.116185,5867890000000,i02-g000002-n000000063,i02-g000001-n000000039;i02-g000000-n000000019;i02-g000000-n000000021;i02-g000000-n000000008,de_trial,161.5635030528548,,,,,real_vector,49bbd41e5e421a8ba476969a834083b7,xP1U2kaU5r8MBvWkyFf8P3XOrgCjBgLAIfmOyMyUCMB9Wjk86e8BQB6Urt17K/k/uKETr+D07T82Yt84J/oOwBRyEdbFTwrAr25BAZ2KDMA=,compact,4,10,,
run-20260903T230838Z-4891f68f,2,67,64,2,1788476919.116185,5867890000000,i02-g000002-n000000064,i02-g000000-n000000016;i02-g000000-n000000007;i02-g000000-n000000018;i02-g000001-n000000046,de_trial,202.2547248038415,,,,,real_vector,d13855e29dff461346ad948f6c75ff26,xXN51aCgEEAfySeV3nEFwGoKu1dmKxNASPis3t5IDUDefuxVw3X6P67U67EY4/+/QmdEVUxpB8A99ELNLroSQLZIXj1RpPQ/zF6TxaWf9b8=,compact,4,10,,
run-20260903T230838Z-4891f68f,2,68,65,2,1788476919.116185,5867890000000,i02-g000002-n000000065,i02-g000000-n000000017;i02-g000001-n000000046;i02-g000001-n000000033;i02-g000000-n000000005,de_trial,154.1027260528799,,,,,real_vector,c2914588198b49e89cd61769b8ae9d7b,mAxsUpzKEsBei211PO3xP++euM7jLxBAkB6PjPO92j9Cx+r1ETwAQEY9iE5W0ALAkvKmQsi7+D+PaMVonor4P25AsC7Ql/I/SHSAgHJq7L8=,compact,4,10,,
run-20260903T230838Z-4891f68f,2,69,66,2,1788476919.117195,5867890000000,i02-g000002-n000000066,i02-g000000-n000000018;i02-g000001-n000000039;i02-g000001-n000000026;i02-g000001-n000000027,de_trial,176.08935704079875,,,,,real_vector,ecf716fee221c111108c6d9f8aa98666,bCXVgrFL7L9YKCPXJzfbv4AgJR6LSw1AwL//N2gctL+7vdN/qngUwCxsdUZsf+2/xDImDkRa2r8CO1ckZycSQBxOFCXyygLAQDlIz9H9CEA=,compact,4,10,,
run-20260903T230838Z-4891f68f,0,58,55,2,1788476919.114677,5867890000000,i00-g000002-n000000055,i00-g000001-n000000031;i00-g000001-n000000036;i00-g000001-n000000045;i00-g000000-n000000017,de_trial,178.713798240473,,,,,real_vector,2b51eaf1d9177995bf391a8f7cc56da6,4n4xQuNGFECwRyuPJzr5v/rbhkQeKgxA9mJqZD7887/7kpejCqX9P5SsBV3w1P+/WNQp4Pa3/j/Zr6N/fwgDwPunXTb3SPU/CuzpwCiCC8A=,compact,4,10,,
run-20260903T230838Z-4891f68f,0,59,56,2,1788476919.116185,5867890000000,i00-g000002-n000000056,i00-g000001-n000000032;i00-g000001-n000000038;i00-g000001-n000000046;i00-g000000-n000000011,de_trial,136.40112119669396,,,,,real_vector,c0d878db709c1a794c442974af292ec4,EnZyEvIs5b9xYmgK8q/uP8zS9+4c5AXAiCY8mLRlAUApL0+h8D/wP8lJE7fSevW/NvCpeMMnCEA4k6SU20oKwDCXPKdJIhDAplELyHzBEMA=,compact,4,10,,
run-20260903T230838Z-4891f68f,0,60,57,2,1788476919.116185,5867890000000,i00-g000002-n000000057,i00-g000000-n000000009;i00-g000001-n000000024;i00-g000001-n000000043;i00-g000001-n000000036,de_trial,170.94511498815024,,,,,real_vector,e6f4b3cfaa28ea367c6498678f1d36da,0dvNiTNQAMD3HsvGUFYNwKK26TAHIxDA8F0d2n/UAEDvWEXAIhIRwICzvcHUCPo/3P+Jm1htC0DwTCthAxrOPzJFuFObZwDAwPh9F9AY+T8=,compact,4,10,,
run-20260903T230838Z-4891f68f,0,61,58,2,1788476919.116185,5867890000000,i00-g000002-n000000058,i00-g000000-n000000010;i00-g000000-n000000017;i00-g000001-n000000039;i00-g000001-n000000045,de_trial,124.84137856984628,,,,,real_vector,afa2a4c4535a62b2a86ea9d61ea8e5ae,6t3VuBim/b9gPjROhtLJv3DyyNSQdgjA8H5jpUn/w7/IhhF/dcDkP7HB26fYZQ3AkK0j71A1AMDfqVlZbNz+P+cn+TrZhxJASoW1cDdEAEA=,compact,4,10,,
run-20260903T230838Z-4891f68f,0,62,59,2,1788476919.116185,5867890000000,i00-g000002-n000000059,i00-g000000-n000000011;i00-g000001-n000000043;i00-g000001-n000000028;i00-g000000-n000000002,de_trial,149.9266730056915,,,,,real_vector,30a187002d06fab68ddc931451561b46,vK0DCADd47+I1pnZtlMBwBgu/qVrO90/gLy28S5t+z8UD6TLqqLWv55pIwMmGPC/uqZkmuh0EkC2GR/M26bxv1BDw1JTTMY/tofc5UKzEEA=,compact,4,10,,
run-20260903T230838Z-4891f68f,0,63,60,2,1788476919.116185,5867890000000,i00-g000002-n000000060,i00-g000001-n000000036;i00-g000001-n000000024;i00-g000001-n000000028;i00-g000000-n000000001,de_trial,152.78516947268648,,,,,real_vector,18068442633a9e45993395d3ae989490,1IiXdqKiA8ASlQfIcyD4vwzerOXHTw/AkeTAVGpUB0BMSo9CwpEKwOpb6+S5BfS/AVHjaozn8T+aYYG/y8PzP1gcIEGpZeS/+ehCY6jh/L8=,compact,4,10,,
run-20260903T230838Z-4891f68f,0,64,61,2,1788476919.117195,5867890000000,i00-g000002-n000000061,i00-g000001-n000000037;i00-g000000-n000000023;i00-g000001-n000000031;i00-g000000-n000000011,de_trial,178.83818779018796,,,,,real_vector,b5a4d8580507b610c2b0eb71b452db41,XX/Y2ShLDUBv+jNZqAwFwHYf94nv2PA/ctaEsW2dC8DC+don7QD+P3PWsjopDPw/WPOXkjUh1j/smcYYIJXxv/+uj/AXcwrAoRQu9AgnEcA=,compact,4,10,,
run-20260903T230838Z-4891f68f,0,65,62,2,1788476919.117195,5867890000000,i00-g000002-n000000062,i00-g000001-n000000038;i00-g000001-n000000024;i00-g000000-n000000003;i00-g000001-n000000040,de_trial,158.10432972816693,,,,,real_vector,b5507d5102281dd9a1b14106b38e1b9e,1iB8HeN26b+0uU7mBvIFwKRHWZD56Oy/NtLWQCZtBECAub/VqgLIv9ogmqTSTf+/6GJoj5X4C0CYSiIOqL3aP+q9CZPuXfo/pGUJJRATBcA=,compact,4,10,,
run-20260903T230838Z-4891f68f,0,66,63,2,1788476919.117195,5867890000000,i00-g000002-n000000063,i00-g000001-n000000039;i00-g000001-n000000032;i00-g000000-n000000002;i00-g000001-n000000024,de_trial,153.40242338908183,,,,,real_vector,bb1e3634293409c124217899093c5fbd,6t9/N13R/j/joIe/ZuEQwNAe5+AU1sE/us7NZuaLBMBC+WE7mPwIQFCDDXW5aBRANBCWrg8DAUDItjmdEsYHwByTWMvSSAzAPnQE9DP3/78=,compact,4,10,,
run-20260903T230838Z-4891f68f,1,68,65,2,1788476919.116185,5867890000000,i01-g000002-n000000065,i01-g000001-n000000041;i01-g000000-n000000023;i01-g000001-n000000033;i01-g000000-n000000020,de_trial,131.99649844958049,,,,,real_vector,4fa283d4ae42e4ff1fd73730099c63e1,wByPEXpu17/K2OXyhJwLwCYzs7EkwO6/vyyYqmS+9b+io2Yo6fr8PwO7+An0uPy/kNwcKFlItL8OJo+HdyXxvysAU55eawxAk7JeqjrmB0A=,compact,4,10,,
run-20260903T230838Z-4891f68f,1,69,66,2,1788476919.117195,5867890000000,i01-g000002-n000000066,i01-g000001-n000000042;i01-g000001-n000000041;i01-g000000-n000000001;i01-g000000-n000000006,de_trial,146.05702521646413,,,,,real_vector,3b4843431a902bf264dc332a9dba4bcc,SZ78nwKuAsCGSkZ7amEUwOVkHVaO6wbAWB79FdBV2b+AJ23Aig4BQBR6a7KZRwjAuJ8l4L1+3T8tC/iOQv8FwG7Bt9Q0vwdApf3Ac4QQ8r8=,compact,4,10,,
run-20260903T230838Z-4891f68f,1,70,67,2,1788476919.117195,5867890000000,i01-g000002-n000000067,i01-g000001-n000000043;i01-g000000-n000000003;i01-g000001-n000000035;i01-g000000-n000000006,de_trial,188.21096076661658,,,,,real_vector,4e66062fc70b12032816cfdcb380f9d9,8EzT4hlU2b9duG43hiMRwGIzXtMTQwJACP63HCFzEcAaiAb2KF38v4DjTc9IKtO/amys+St5AUDM2GJSMIMQQPTcXmOsvvq/DHRPMTmUBkA=,compact,4,10,,
run-20260903T230838Z-4891f68f,1,71,68,2,1788476919.117195,5867890000000,i01-g000002-n000000068,i01-g000000-n000000020;i01-g000001-n000000024;i01-g000000-n000000003;i01-g000001-n000000040,de_trial,208.20411779665915,,,,,real_vector,85d53dd684882d140d74237953f071cb,1AbvHH6qBUBQ8r5m7xzQv3RQ7eRzLf4/BORAN/b6AkDe/FiIFuINQOJelwHEVwzAVX/54JTPEUDg+AxmhbL4PwX2T/T8pAXAOMEGljHK578=,compact,4,10,,
run-20260903T230838Z-4891f68f,0,67,64,2,1788476919.117195,5867890000000,i00-g000002-n000000064,i00-g000001-n000000040;i00-g000001-n000000024;i00-g000001-n000000036;i00-g000001-n000000031,de_trial,141.97013679073936,,,,,real_vector,f47c2fc2a950ba45aa696d8b8fe530bd,sFah+DPnE8A4kdpm81sCwI7BiMu7z/S/hI9lWFG6CEAQ2w7sQR3YP8p4jpMwYPi/zme9UdPO7j/8CvGEqIoAwPRjsK5tjPm/rpFP6TDTAEA=,compact,4,10,,
run-20260903T230838Z-4891f68f,0,68,65,2,1788476919.117195,5867890000000,i00-g000002-n000000065,i00-g000000-n000000017;i00-g000001-n000000038;i00-g000001-n000000032;i00-g000001-n000000045,de_trial,135.80188315624838,,,,,real_vector,d5e66be3a13ab4cc5b69a1be23546591,/FwZDErs8b+ILf3M/pnOv4g+memKxv2/l0hrjtui9D8Wja98dXnbPxiusn/2se6/QPGLEOSAAMCnjADYwBwUQCj+hC2EnhDA3qzL/QBJDcA=,compact,4,10,,
run-20260903T230838Z-4891f68f,2,70,67,2,1788476919.117195,5867890000000,i02-g000002-n000000067,i02-g000000-n000000019;i02-g000000-n000000021;i02-g000001-n000000039;i02-g000000-n000000010,de_trial,168.78728134935022,,,,,real_vector,a0187ded69743aa487ed4b075091b2c7,HyvZs3QM+78vcCId/s/4P5S6X9ccAum/SN1nyHfeAEAeaJ9uO5gKwIifGxAqPwvAoHCLqs154z9b0FDXvJwDwBIz8URIufG/waGVfQ4o/D8=,compact,4,10,,
run-20260903T230838Z-4891f68f,2,71,68,2,1788476919.117195,5867890000000,i02-g000002-n000000068,i02-g000000-n000000020;i02-g000001-n000000035;i02-g000000-n000000023;i02-g000001-n000000030,de_trial,235.36298260052052,,,,,real_vector,8d45a7e6998dc00b916210f1977852eb,bTn5ZmUBDEBor5jCSDzzP+OZJ9F75BJAyDZCDCr9DMC0Eiy1FkEJQH8pDSqSQQzApMAt+DDsAcAy6Ytl5xkDQGTxwRK3SQzACHP+HQrWAUA=,compact,4,10,,
run-20260903T230838Z-4891f68f,2,72,69,2,1788476919.117195,5867890000000,i02-g000002-n000000069,i02-g000000-n000000021;i02-g000001-n000000038;i02-g000001-n000000035;i02-g000001-n000000030,de_trial,158.61789500154208,,,,,real_vector,ee74189b483f7943ca59bff90e07db31,KPB8LI4swj9S6F0MCv0GwECzv/+8K6y/1rOGp3/rCEAlQSL42TgCQM5Vuo8D/Q3Azj8JJDT4BEAz+ujrw9IMQBAwxEIGdPQ/hBMbQqND+T8=,compact,4,10,,
run-20260903T230838Z-4891f68f,2,73,70,2,1788476919.117195,5867890000000,i02-g000002-n000000070,i02-g000001-n000000046;i02-g000000-n000000016;i02-g000000-n000000023;i02-g000000-n000000008,de_trial,198.38814125968702,,,,,real_vector,c42936b0900a8cb26ee197f9634c09e1,QLI9nAG4E0ACbt9nzgwKQHJAbsvMyRNA4GUcuOSRq7+X0lbgmnIMQBYWASWiVwrAqpdld7h29j/4s5QdGhPlv50fgUPn1gTA1aE7pzc4B0A=,compact,4,10,,
run-20260903T230838Z-4891f68f,2,74,71,2,1788476919.117195,5867890000000,i02-g000002-n000000071,i02-g000000-n000000023;i02-g000000-n000000016;i02-g000000-n000000010;i02-g000001-n000000046,de_trial,164.5601966769971,,,,,real_vector,54b8248238bb91b3761f24e2062e8366,uCVsIuCnAUAwaUNUnGr9PzEbZ9bJVgZAEE4VPzP8qz8O1TATresSQCDTkTN4mts/wpuYcJmMBUBz0uB0nAEMQJ6V1x8Et/q/+A/KRl0W6z8=,compact,4,10,,
run-20260903T230838Z-4891f68f,1,72,69,2,1788476919.117195,5867890000000,i01-g000002-n000000069,i01-g000000-n000000021;i01-g000001-n000000026;i01-g000001-n000000032;i01-g000000-n000000020,de_trial,138.70394447425718,,,,,real_vector,35f4246c9c14d17ee5cb7811c76b31c7,sqwiTJl2DMDbc6lFxOzxv+ioxDCuRAlAUOHlrhfT2z8iXSMszW/tP3Fo1oThzvc/rInh6Hr68D8gMuTqDRf0PzPUG+dJegbA0Yd/geBD9T8=,compact,4,10,,
run-20260903T230838Z-4891f68f,1,73,70,2,1788476919.117195,5867890000000,i01-g000002-n000000070,i01-g000000-n000000022;i01-g000001-n000000033;i01-g000001-n000000035;i01-g000000-n000000003,de_trial,174.44786729484784,,,,,real_vector,d1c4e923832f1ce54a3b4be7230405af,KBuf2GobBkAZmPS8PgQHwELahCPZ7eG/1uBLeiPwC0DCr7JaNUEMQBhnklaQugPAENfR4egh/z9ySdy9jjv2v5DR3SMgF/G/IOkVr/aJ0D8=,compact,4,10,,
run-20260903T230838Z-4891f68f,1,74,71,2,1788476919.117195,5867890000000,i01-g000002-n000000071,i01-g000000-n000000023;i01-g000000-n000000020;i01-g000001-n000000041;i01-g000000-n000000006,de_trial,181.95790472632518,,,,,real_vector,68a0080e28ec461d33a8d8d59b994d6c,56NkP1sKEECGZuUszAcMwMBAsVaRMRDAs79FKR/DBMCilCAWLxwCQDJWKjDBowPA+swlXtf2AUCI3X7TSszsvwmiHgAntQVA1NkLIHIE/D8=,compact,4,10,,
run-20260903T230838Z-4891f68f,0,69,66,2,1788476919.117195,5867890000000,i00-g000002-n000000066,i00-g000000-n000000018;i00-g000001-n000000024;i00-g000001-n000000030;i00-g000001-n000000032,de_trial,171.3555340214136,,,,,real_vector,b28a2cc5c956e1f15e219bb43ae5dee5,pyt1orXfEsD4yQ2k8+ncv6CohNzs+9K/fyVJ/9Oy9j84m+xY2g4EwFAQpe4OIQDAJ53B3irz+L+CAtOGiyn1P3CiRBWcBtE/rH3rfgc9AEA=,compact,4,10,,
run-20260903T230838Z-4891f68f,0,70,67,2,1788476919.117195,5867890000000,i00-g000002-n000000067,i00-g000001-n000000043;i00-g000000-n000000018;i00-g000001-n000000024;i00-g000001-n000000046,de_trial,140.68678091192342,,,,,real_vector,768ed7e7c10d5cf9a224b40e5024e6e6,BpW0s1SKAUDpfLYEU6UJwKBZ+KPNn8O/SBXKC1O+0L/QCQsPZlLoPwDc1M1v6sW/uAsni/LoDUAkiJT49oX5v3B+Bx8fpfq/m/jhfBjpBcA=,compact,4,10,,
run-20260903T230838Z-4891f68f,0,71,68,2,1788476919.117195,5867890000000,i00-g000002-n000000068,i00-g000000-n000000020;i00-g000000-n000000009;i00-g000001-n000000040;i00-g000001-n000000032,de_trial,194.12481526017245,,,,,real_vector,85bd5370d9fef40cefeeefbb84fe3503,m9WK/2xJEsDyFiO4qhwFQNj7SLzO9wFAqvTmhVJk/D9AcW1a2oKyP2QYEW2+Fei/TAIMhdcsAEBdHG7FvmILwOEG6TLlBgzAW3v2qy3JA0A=,compact,4,10,,
run-20260903T230838Z-4891f68f,0,72,69,2,1788476919.117195,5867890000000,i00-g000002-n000000069,i00-g000001-n000000045;i00-g000001-n000000028;i00-g000001-n000000043;i00-g000001-n000000037,de_trial,171.14623675995173,,,,,real_vector,32c9fae65f86cfce29bca47c7919baf9,4JEPseqJ1r8Y/gxV1Jfjv0/RejewbvQ/MtXBPeumA0CYZxMP/RTWv+nkP/vxkfW/5diQ/dWwDECqtc+MaUPmv52DXYWTaQdANoPpRPZaAUA=,compact,4,10,,
run-20260903T230838Z-4891f68f,0,73,70,2,1788476919.117195,5867890000000,i00-g000002-n000000070,i00-g000001-n000000046;i00-g000001-n000000032;i00-g000000-n000000005;i00-g000000-n000000003,de_trial,162.12741518076797,,,,,real_vector,475d59cd34b4638c65e8ac89d670129c,e2LagqGqC8Ccjlu2Mq76vzzkl9WPHQzAIVLWZtoa8b9YsXOQWZ4CQOWA4yLRHgBANKGHAP0kCEAGETzUhDLhv2bLSvYcJBDA943j/6IpAcA=,compact,4,10,,
run-20260903T230838Z-4891f68f,0,74,71,2,1788476919.118194,5867890000000,i00-g000002-n000000071,i00-g000000-n000000023;i00-g000000-n000000005;i00-g000001-n000000040;i00-g000000-n000000010,de_trial,136.81357525542967,,,,,real_vector,7b6114277e528d24f90da0fa97dbb5fb,7PgerNCZ/r/G2z4eK/4IwIRrr61Zmum/INiOkXJ7qD9QK58OtzLPP7A+njRQ8Mg/1e6hlRq2+D/67h4GhqASwOy4MaK2NPQ/fN2Ins62EEA=,compact,4,10,,
run-20260903T230838Z-4891f68f,2,76,72,3,1788476919.118194,5867890000000,i02-g000003-n000000072,i02-g000002-n000000048;i02-g000001-n000000025;i02-g000002-n000000066;i02-g000002-n000000053,de_trial,114.30987961090439,,,,,real_vector,ace42056c98018d8f9f8e5880db39102,KDxBmLeO6j+YDl1YcEbPP8Ya0gs3j/K/wIpoM5Yg8T/KojRvlSTmv3CqwsvNmwdA/56eyIEnAsCu90UOR0n2P04YC+H+oQjATOR7sT2f+T8=,compact,4,10,,
run-20260903T230838Z-4891f68f,2,77,73,3,1788476919.118194,5867890000000,i02-g000003-n000000073,i02-g000001-n000000025;i02-g000002-n000000060;i02-g000000-n000000017;i02-g000002-n000000061,de_trial,186.48522614396882,,,,,real_vector,b97cd913d0b0c66af6c88e956ea4054a,/9Ye9LZKC0BcXmpeIZr1P01ulz7c4AlAeH31hw1L8b8wp1wcVDAJQFC3k+F40fW/9i6I+KhED8C5lCm6UEUMwCGfexxHKRDAtDTktlMd4z8=,compact,4,10,,
run-20260903T230838Z-4891f68f,1,76,72,3,1788476919.118194,5867890000000,i01-g000003-n000000072,i01-g000002-n000000048;i01-g000000-n000000022;i01-g000002-n000000059;i01-g000002-n000000050,de_trial,185.91572116397046,,,,,real_vector,b71951d42fa488b4689f430dc4e359c0,4MhAQnNICcAWXtFMCsoKwEhyhc4e+du/opu16jOKE0BGZf5dducAwMFbaZOtjRHAnQSlW4ToDcDHbAWF3NMHQACZfjzHOO+/drLI8ISpBcA=,compact,4,10,,
run-20260903T230838Z-4891f68f,1,77,73,3,1788476919.118194,5867890000000,i01-g000003-n000000073,i01-g000002-n000000049;i01-g000002-n000000053;i01-g000002-n000000050;i01-g000002-n000000061,de_trial,216.0393671586335,,,,,real_vector,fb7aa713df3b6241ced7a1a4397c563d,xL4ZXFGPDsASDAL2RVARQB7Weag/i/S/NFswptsGAEBB/HUQpmkFwOux3Ly0rBJANNKfFm1WAEB8Joo3MzwRQPxHpDa8ZAdAgifcCMHgEUA=,compact,4,10,,
run-20260903T230838Z-4891f68f,1,78,74,3,1788476919.118194,5867890000000,i01-g000003-n000000074,i01-g000002-n000000050;i01-g000002-n000000069;i01-g000001-n000000032;i01-g000002-n000000052,de_trial,167.0790770531891,,,,,real_vector,bf1e85a52ba00d49e3c19117430a126c,kEJU/ZXGDsCEJuPiNCj8v4njDTy1hhBASDH1UIUg5z/+crzssNYCQHjEhCFkv+A/EC97Hx9lzT+wwK1v/frzP1In6MA1NgXApEgeDg5O2T8=,compact,4,10,,
run-20260903T230838Z-4891f68f,1,79,75,3,1788476919.118194,5867890000000,i01-g000003-n000000075,i01-g000002-n000000051;i01-g000000-n000000020;i01-g000000-n000000023;i01-g000002-n000000048,de_trial,179.7312173405711,,,,,real_vector,d05b6f95e5a291b68325a48ae16b9dea,7DzX3tAfE0AXg+1Qj/H9v94GQAdB5ADA/Z4RQ2wyE8A8Mk/PqCDgP5CKbyHGDuK/laYvf/ohBkBQqDtRhnH2PwDRBBTfuwRAGcRjWT7b8b8=,compact,4,10,,
run-20260903T230838Z-4891f68f,1,80,76,3,1788476919.118194,5867890000000,i01-g000003-n000000076,i01-g000002-n000000052;i01-g000002-n000000058;i01-g000002-n000000059;i01-g000002-n000000048,de_trial,141.20027519140592,,,,,real_vector,472876515402fbd73300a1771cfcd913,rnHvFECvCcDsc6ys5vETQCezpPtKVPM/ADiGOP+YoT8wvAL6RR7yPxMKV3/o9fq/Ziuo8VWrEMC35+Ip5fX7P366HZdWbuc/UtsZsQiMBcA=,compact,4,10,,
run-20260903T230838Z-4891f68f,1,81,77,3,1788476919.118194,5867890000000,i01-g000003-n000000077,i01-g000002-n000000053;i01-g000002-n000000067;i01-g000002-n000000060;i01-g000002-n000000062,de_trial,142.2957566426405,,,,,real_vector,844c5bb05145aeca947266b5b06feba4,AMO+k0X6rD+Pb7bwpfsSwJpAPeZXK/0/1lBwNCzU8r+KSIhK2dwGwEhQgivSruO/xnDV641pBkCEa9pr0+oTQFqujg40SwDAvM+DOjNzEEA=,compact,4,10,,
run-20260903T230838Z-4891f68f,1,82,78,3,1788476919.118194,5867890000000,i01-g000003-n000000078,i01-g000000-n000000006;i01-g000002-n000000060;i01-g000002-n000000048;i01-g000002-n000000067,de_trial,204.19115934770076,,,,,real_vector,c404656ec5580411e1e212edaf9eb5b2,aIZR8rco9L93rp8XfXv4v24SwJWexRHAnm79AF0NAcDFyeZieWESwHcD6CWLTtk/uCmngCgADsDWBCK/Sjf3vyS+6/VZdQhA2P7vp1R8zz8=,compact,4,10,,
run-20260903T230838Z-4891f68f,1,83,79,3,1788476919.119194,5867890000000,i01-g000003-n000000079,i01-g000002-n000000055;i01-g000001-n000000040;i01-g000002-n000000061;i01-g000001-n000000041,de_trial,146.94660840677852,,,,,real_vector,b67c13f85ca06cffa830393da1cd35da,NPTicuru57/GLGywBusQQDjotGreptM/JXW60mR7CMCABSosMoDpv8J2GQRZEwVACIatqjDuw7/t/vv83nT4P7z/Gt2g+wRAgBQ//B+q/78=,compact,4,10,,
run-20260903T230838Z-4891f68f,1,84,80,3,1788476919.119194,5867890000000,i01-g000003-n000000080,i01-g000001-n000000032;i01-g000002-n000000063;i01-g000002-n000000059;i01-g000002-n000000067,de_trial,241.44701581075503,,,,,real_vector,edc80e53be7db8b910840aa6073eaeb5,8qS+U1QzEsBpW09qWRoQQLjhRYmU+gnAkFKMmUplEkBxXBHYPYENwMVWW+OB9wpAQdbwHvEA/L8Yy4oDirPZv3N7MBXSGgFAJtYVMDcEDcA=,compact,4,10,,
run-20260903T230838Z-4891f68f,1,85,81,3,1788476919.119194,5867890000000,i01-g000003-n000000081,i01-g000001-n000000033;i01-g000002-n000000052;i01-g000002-n000000059;i01-g000002-n000000067,de_trial,159.4821886761348,,,,,real_vector,1a67973546ab033f166759b8c5be68ff,v3wM8O1+CsCoKY0kiZrjP3FeN3yCvBLAMhsBKiyrAUDIOVYgD0bnv5qisDQIwPI/OUJF0pV88786j2q0zZ7pv9z/WzWPQf0/YJlCHK74DcA=,compact,4,10,,
run-20260903T230838Z-4891f68f,1,86,82,3,1788476919.119194,5867890000000,i01-g000003-n000000082,i01-g000002-n000000058;i01-g000000-n000000023;i01-g000002-n000000063;i01-g000002-n000000052,de_trial,184.96866791154812,,,,,real_vector,52f321c06f77747d60246d8e6c17ec02,wrMDHFKY6L+HuqjAwz8SwCZMs8wMb9S/ePVzSdVm9r+zyv2yK535v4CiJ/i6ft8/kl1BoJtC+T/gEgSOk7KaP1T2E7YxxgVAoI7VCGek3L8=,compact,4,10,,
run-20260903T230838Z-4891f68f,1,87,83,3,1788476919.119194,5867890000000,i01-g000003-n000000083,i01-g000002-n000000059;i01-g000002-n000000063;i01-g000002-n000000055;i01-g000001-n000000033,de_trial,217.0869031376322,,,,,real_vector,62173504e356bf401801717b10357d72,Cujf5dnpCMD6LK12y44CQETyEa92Pdg/3PRuy7hFCkDMNwa8lbANwAYnd6db2gxAIMs9hGWRAMDmXOa+wEYKQIxD82oELPm/E7M4/JGDEsA=,compact,4,10,,
run-20260903T230838Z-4891f68f,1,88,84,3,1788476919.119194,5867890000000,i01-g000003-n000000084,i01-g000002-n000000060;i01-g000002-n000000051;i01-g000002-n000000069;i01-g000002-n000000067,de_trial,175.9315127715874,,,,,real_vector,99b572e83dd233e4d883165abf4faf4c,C59CjxCIBcCaDpmWDW0BQNgi3ZYU4tu/Po69/qLc978Tprgb1fMDwM7pR5DvaAnAZCiumVLlAsCE8hWApeLhP+CIprs/APM/DGnEVBTjCMA=,compact,4,10,,
run-20260903T230838Z-4891f68f,0,76,72,3,1788476919.118194,5867890000000,i00-g000003-n000000072,i00-g000002-n000000048;i00-g000002-n000000071;i00-g000002-n000000058;i00-g000001-n000000040,de_trial,169.18449613062631,,,,,real_vector,8fb3d25f80a4eeb58c1f850359c4d4da,BOocXdR51r+8JnupEXQOwOKGv1gCVxLAGuDXY6NL7j+I6olEpFzxP3ahDSU2nOa/Ynxo5RdPAMAGigRKvtX5vzf9/4j0FxFAY1piQBCTEEA=,compact,4,10,,
run-20260903T230838Z-4891f68f,0,77,73,3,1788476919.118194,5867890000000,i00-g000003-n000000073,i00-g000002-n000000049;i00-g000001-n000000031;i00-g000001-n000000028;i00-g000002-n000000070,de_trial,174.59436368088916,,,,,real_vector,f686b11368e5c3e5a3684d71b8a1b624,FNp0oRODE8D7iINXiab1P5hx6Yy8Yeg/alQQ2n+TD0DyrhleLo8AwDAEgPkbGQDAOsjmp7uc9T8QYuuzqj7XP+7rb6LcnBJA43Rcmk0QA0A=,compact,4,10,,
run-20260903T230838Z-4891f68f,0,78,74,3,1788476919.119194,5867890000000,i00-g000003-n000000074,i00-g000000-n000000002;i00-g000000-n000000017;i00-g000001-n000000028;i00-g000001-n000000045,de_trial,174.4723140267545,,,,,real_vector,5aa09288fdabb4fc2ea557636b37d7b9,jCeK0+9IEsDsd3MDjeP0P0IKebeYRfq/lQjxeu9MB0A4NX0IknTiP5DfFTwd7/i/njY8svVW8r+wqWskq6APQBLY8enkXfC/zLN46nt0E0A=,compact,4,10,,
run-20260903T230838Z-4891f68f,0,79,75,3,1788476919.119194,5867890000000,i00-g000003-n000000075,i00-g000002-n000000051;i00-g000002-n000000049;i00-g000002-n000000059;i00-g000002-n000000053,de_trial,189.89296687568617,,,,,real_vector,ab46b1cdf210bd99ce05a7652785048e,M58Qb9b9DECpLILQMEgUwNbyOZHuUeO/KpGdWEOJ6j8wEZy6gR/Pv2BWPC7wj6S/ym78eH2lAkDAyhbC9owTwPlJOSwiZxTASI/+s4DvBEA=,compact,4,10,,
run-20260903T230838Z-4891f68f,0,80,76,3,1788476919.119194,5867890000000,i00-g000003-n000000076,i00-g000001-n000000028;i00-g000002-n000000054;i00-g000002-n000000048;i00-g000001-n000000040,de_trial,193.82147540920278,,,,,real_vector,1b2233d92b7e8e4baed6b30320e70569,mIoulAiEAkCAsKA4fTsEwOx9TYunsve/RDwhQrU9FEDPR1x/0LUSQJ/oFd5VAfM/AHIWhqdw5j9Y7/bqwRvuvx9daFEhfRDAc53UIQTCAsA=,compact,4,10,,
run-20260903T230838Z-4891f68f,0,81,77,3,1788476919.119194,5867890000000,i00-g000003-n000000077,i00-g000002-n000000053;i00-g000002-n000000071;i00-g000002-n000000049;i00-g000002-n000000058,de_trial,132.3719020921014,,,,,real_vector,162e17e62fc1c93380b5f20060577074,0MvAJlFCxj+ugPbKlWIHwOA3kbeeLpw/qATwEYEsCcAkO+FUfTbaPx/eMHEDP/Q/l/hhUIeX9z/alemYwvAEwKgjPQMYJQnAcjkZ/ZroCEA=,compact,4,10,,
run-20260903T230838Z-4891f68f,0,82,78,3,1788476919.119194,5867890000000,i00-g000003-n000000078,i00-g000002-n000000054;i00-g000001-n000000040;i00-g000002-n000000053;i00-g000000-n000000018,de_trial,116.29858656910011,,,,,real_vector,219bf12b062a32cf37c9adc13c454012,IZbmSymD/r8W00J5T4n3P9SSYLDJWxBAsHJb8odfBMB8QKLWraL9P6hYGqKaQfK/AGgJbMr177+NHSUSX5kGwOA+3INC/KA/Mo6nOzQUD0A=,compact,4,10,,
run-20260903T230838Z-4891f68f,0,83,79,3,1788476919.119194,5867890000000,i00-g000003-n000000079,i00-g000001-n000000031;i00-g000001-n000000045;i00-g000002-n000000049;i00-g000002-n000000053,de_trial,153.125825859213,,,,,real_vector,46528dd094e97f0dd1c2a6121b1f5d63,kFXLI347yj/0jxIFvLP/v/651rt+st6/960nYhS4CkAuogAH68jov1wDHA0ppQ3AyyKPZHBGCUAgyXhLvjvIv0xFhcauoAzAWMGV/BoLyr8=,compact,4,10,,
run-20260903T230838Z-4891f68f,0,84,80,3,1788476919.119194,5867890000000,i00-g000003-n000000080,i00-g000002-n000000056;i00-g000002-n000000054;i00-g000000-n000000009;i00-g000000-n000000002,de_trial,177.240714698666,,,,,real_vector,f1f2732beba6b70721e695225b643fa0,eoNi3IVHCUAoddTdZzflv9xqeFnoSfK/vyfMk7stDUApL0+h8D/wP6D6LG6A1Mu/LFpdm6fWEEBbIA1QuS4GwNZVdXeVThLAJq4hIrze978=,compact,4,10,,
run-20260903T230838Z-4891f68f,0,85,81,3,1788476919.119194,5867890000000,i00-g000003-n000000081,i00-g000000-n000000009;i00-g000002-n000000067;i00-g000002-n000000049;i00-g000002-n000000053,de_trial,195.8616680695743,,,,,real_vector,0f2519b646c2cd5ede9b8efc8d55883b,HMy/9CHeE0Dr/pbuXRIUwE5KI7vTLtK/4OmGFDZICkCYzO2zkhHKP+in21cUZdC/05Pyl3XtEEDsaj8cJuANwIfKlzTODRPAKDIiJ/RJAcA=,compact,4,10,,
run-20260903T230838Z-4891f68f,1,89,85,3,1788476919.119194,5867890000000,i01-g000003-n000000085,i01-g000002-n000000061;i01-g000002-n000000062;i01-g000002-n000000063;i01-g000000-n000000020,de_trial,176.11964436179414,,,,,real_vector,cb669cd8ab96f5247f70148959bffcdc,Ojy2c29S9b8e2jaoiXDpP/QrC8jqtPe/tMtfAmyfEkAZyY5veZoJwGTGFPZyUwlACpWTXY1ICcAv+eLqe+bxv8gzDZUFSfE/iTQ1cGduEsA=,compact,4,10,,
run-20260903T230838Z-4891f68f,1,90,86,3,1788476919.119194,5867890000000,i01-g000003-n000000086,i01-g000002-n000000062;i01-g000000-n000000006;i01-g000002-n000000067;i01-g000002-n000000050,de_trial,149.55748591283495,,,,,real_vector,44128d3eb8063809e46076d5a9530870,fj6fnjFVDsBKFtAfwCUSQFeuSDk8LAhApmsE09u1BMCoYodUzFMQwGYag4gC5QdAAN8vV/wwlb+4WoOJ38//P16IIy+3r/4/+hFUTb3g+j8=,compact,4,10,,
run-20260903T230838Z-4891f68f,1,91,87,3,1788476919.119194,5867890000000,i01-g000003-n000000087,i01-g000002-n000000063;i01-g000000-n000000023;i01-g000001-n000000041;i01-g000002-n000000066,de_trial,121.77462329028455,,,,,real_vector,5edc025a4efbe0398f2648f407fa2900,ZcndmNf79L9ZXrT8DrsKwIElVwk6Lfm/gJgTxeoL7L+KFEaZErLyv8Q/CBDLDu4/VtwMOm0H779eQC9nGazrP3JXbFzM7vc/mzAA/wLKBUA=,compact,4,10,,
run-20260903T230838Z-4891f68f,0,86,82,3,1788476919.119194,5867890000000,i00-g000003-n000000082,i00-g000002-n000000058;i00-g000001-n000000028;i00-g000001-n000000031;i00-g000001-n000000040,de_trial,224.57553186288163,,,,,real_vector,ee77edd541ef4a6207be59b8c21bb38c,tFa43z9KDcCymcZX2HX0v5MtvvY3TATAES5lfS8fE0A5ASsH5dIKwOhotp739AHAkK0j71A1AMD2AxkcRYwRQGKaJiewhBJAmds+4u6y/z8=,compact,4,10,,
run-20260903T230838Z-4891f68f,0,87,83,3,1788476919.119194,5867890000000,i00-g000003-n000000083,i00-g000002-n000000059;i00-g000002-n000000051;i00-g000002-n000000061;i00-g000000-n000000020,de_trial,171.55529628643842,,,,,real_vector,ed5cc2d95e5fe4d1e44169019b0fceec,5NSKhUoNAUC//3q0vCQNwLQ+qrOU5PG/gLy28S5t+z/wIeuqm6jlP47/cImqThNAxqU/haYf7b+bUSp0uCADwL7IUav5ngrAKGaMDvM83r8=,compact,4,10,,
run-20260903T230838Z-4891f68f,0,88,84,3,1788476919.120194,5867890000000,i00-g000003-n000000084,i00-g000001-n000000036;i00-g000002-n000000063;i00-g000001-n000000031;i00-g000002-n000000058,de_trial,217.0157120009312,,,,,real_vector,b90cab57cd4ea177218a4f0a81b87f5e,bEIgJFvY3z9S03gHNlMMwJoGLs6Tk/E/Vvfb85R/DcCY5OOqa0/UP+VyvVvlWBRAKjSbWXfIDECyBazg7db2v6QrPR/mNgTAtkVY7RI3CcA=,compact,4,10,,
run-20260903T230838Z-4891f68f,0,89,85,3,1788476919.120194,5867890000000,i00-g000003-n000000085,i00-g000002-n000000061;i00-g000002-n000000053;i00-g000002-n000000056;i00-g000002-n000000058,de_trial,155.74814340015587,,,,,real_vector,ec576b061dc9814e65f2c145535ecabe,O7oiC+gQBcBgoiItaa3Cv3SCglfRXu+/2apN8Viz/79XMaL8UzYCQHZ9wV65cwNAshEg5M+0/b/Sth+DS8gFwNvDl2E9hwLAeo+QHddzEcA=,compact,4,10,,
run-20260903T230838Z-4891f68f,0,90,86,3,1788476919.120194,5867890000000,i00-g000003-n000000086,i00-g000002-n000000062;i00-g000002-n000000070;i00-g000002-n000000071;i00-g000001-n000000031,de_trial,165.85278724237935,,,,,real_vector,cceadd155c1b321f53d74f141f8a4169,lMFwSOx5AMCyAXIvMncOwNTp8Tn7wQrAKJMTvyhzwz9E+4WvRbkTQIh0FivouA9Au898csSnCkDS78vGBs8CwKPGTODlyg7A4A4TNBvRtD8=,compact,4,10,,
run-20260903T230838Z-4891f68f,0,91,87,3,1788476919.120194,5867890000000,i00-g000003-n000000087,i00-g000002-n000000063;i00-g000000-n000000009;i00-g000001-n000000028;i00-g000002-n000000048,de_trial,123.08467537304426,,,,,real_vector,a9182b79f23137737a8321ffd0bffb21,iHD5eRBu5789Tyyg4g7xvy621hsh4vi/us7NZuaLBMBC+WE7mPwIQJ4FHmf0Xus/lRz5Hmn8DECyhPBrRqb/v9SDVUeWuv6/6CP39Z2iAEA=,compact,4,10,,
run-20260903T230838Z-4891f68f,0,92,88,3,1788476919.120194,5867890000000,i00-g000003-n000000088,i00-g000001-n000000040;i00-g000002-n000000061;i00-g000002-n000000049;i00-g000002-n000000067,de_trial,186.26138202028008,,,,,real_vector,ffa6a3f9b07674a59e1d5ed88c04df54,kkZEuoXNDUAcqZgyHKEJwAa1joQLads/0BWAJ5GP9b9fAkF3ucP/P2Qi9mktFwNAWFlyrUTaBMAm024/HvwDwETYtxfSNva/1uuIMWy8B8A=,compact,4,10,,
run-20260903T230838Z-4891f68f,1,92,88,3,1788476919.119194,5867890000000,i01-g000003-n000000088,i01-g000001-n000000040;i01-g000002-n000000063;i01-g000002-n000000053;i01-g000001-n000000032,de_trial,195.82389968238604,,,,,real_vector,c1d310480528dfbf3d75dac30502ce76,cjDYDQ04EcDCpHwq/q8TQItK0Gf1zPG/ZgFhHGewBUA1rIj1SiYTwO+SApe/cxRAnXdGliIEEEBp7BC/RmAGQFcb+pwa0uA/nD9rEbh0AMA=,compact,4,10,,
run-20260903T230838Z-4891f68f,1,93,89,3,1788476919.120194,5867890000000,i01-g000003-n000000089,i01-g000001-n000000041;i01-g000002-n000000060;i01-g000002-n000000048;i01-g000002-n000000050,de_trial,155.73640121469614,,,,,real_vector,b12e46b3364463fbdc70061287679919,z5TeRJkM8r8BZbbrpm77v81wb/FKWP+/IX67IzH8EcBuWxdL2jUHwEQmCccITOm/fjlTkeXcA8ADoceiaErgP6LPoMAY3Po/EXD6NINN6D8=,compact,4,10,,
run-20260903T230838Z-4891f68f,1,94,90,3,1788476919.120194,5867890000000,i01-g000003-n000000090,i01-g000002-n000000066;i01-g000000-n000000023;i01-g000002-n000000063;i01-g000002-n000000052,de_trial,172.60431049134448,,,,,real_vector,c125e787fba54ed0d8381927e2ff89b7,wrMDHFKY6L+GSkZ7amEUwCZMs8wMb9S/ePVzSdVm9r+zyv2yK535v4CiJ/i6ft8/kl1BoJtC+T/gEgSOk7KaP1T2E7YxxgVAoI7VCGek3L8=,compact,4,10,,
run-20260903T230838Z-4891f68f,1,95,91,3,1788476919.120194,5867890000000,i01-g000003-n000000091,i01-g000002-n000000067;i01-g000000-n000000023;i01-g000002-n000000051;i01-g000002-n000000058,de_trial,122.43766503172071,,,,,real_vector,2c57ec8b41b38f9662b0ba425a729815,jm6+7YmZ6z9sZo6/M88SwIsqzfSpYwbAB9dnAJd8DMCUlFUizv4GwBwUlLxplgDA2nTX+jCr8T/IS9uuSYG7v3TthZlDTf0/tEsxKu+yAEA=,compact,4,10,,
run-20260903T230838Z-4891f68f,1,96,92,3,1788476919.120194,5867890000000,i01-g000003-n000000092,i01-g000000-n000000020;i01-g000002-n000000058;i01-g000001-n000000032;i01-g000000-n000000022,de_trial,180.28226779786934,,,,,real_vector,126775b6ed72e20a761f6663a3a17d95,0cyg+uWCEUBWJUJREnkDQO58IRmpXwBApBypQQvEEMB58/jOOjUQQFCxEGHBrLU/TNmpKYw/+r/g+AxmhbL4P0ckwvUNBABAZjcWsqjuEMA=,compact,4,10,,
run-20260903T230838Z-4891f68f,1,97,93,3,1788476919.120194,5867890000000,i01-g000003-n000000093,i01-g000002-n000000069;i01-g000001-n000000040;i01-g000001-n000000041;i01-g000001-n000000032,de_trial,176.5336855253019,,,,,real_vector,bd7e38429c9c337339aaa66498237c3b,wMTP8Rt4E8BpA27iwO4CQOioxDCuRAlAiVIVOi3RBkCVQqZuMl0HwMz/gb41+hBARPhVrnBOBkAY+W04cDfsP1JzxPWdaBRAhsiCYpHE5L8=,compact,4,10,,
run-20260903T230838Z-4891f68f,1,98,94,3,1788476919.120194,5867890000000,i01-g000003-n000000094,i01-g000000-n000000022;i01-g000002-n000000048;i01-g000001-n000000033;i01-g000001-n000000041,de_trial,165.64767015232275,,,,,real_vector,7ea0023b1a239a03473c9053990e932a,Rta5GCHECkDPI9ioHYMGwJZDzY5QeuY/8u9MzVafCMDIYVErNfrkP7QN1Z36Cvu/5ghTN/nh6L+AoSRIHWLUP0CUsO/nfQ5A3gktJ0b5DUA=,compact,4,10,,
run-20260903T230838Z-4891f68f,1,99,95,3,1788476919.120194,5867890000000,i01-g000003-n000000095,i01-g000000-n000000023;i01-g000002-n000000049;i01-g000002-n000000063;i01-g000002-n000000061,de_trial,166.13696444282613,,,,,real_vector,41b8c68db98a7070c0ef7f244aa104d9,6IlO0pDMBMDAjChTmF2vP3P03nv1xfo/BKTNj5oQ+z/MxYClqdj8vyEsWDK7ZQlA+AlzNN0U6r/qoRgDg44DQCRLm+uT/wtADDxWf4nz+r8=,compact,4,10,,
run-20260903T230838Z-4891f68f,2,78,74,3,1788476919.118194,5867890000000,i02-g000003-n000000074,i02-g000002-n000000050;i02-g000001-n000000025;i02-g000001-n000000027;i02-g000002-n000000060,de_trial,181.7013597066133,,,,,real_vector,058cbcfaf7f50cb86dd8bd5a8ac5f359,sNOroXjp6L+kdhU9Q3oBwDwRGDzkdwvAIkEeTOQz9j96vBmjXswDwFJGj0OWYfQ/93usZqo7/D8UEXVcvpvrP5i0bfwobBLA//Vs5HXo+j8=,compact,4,10,,
run-20260903T230838Z-4891f68f,2,79,75,3,1788476919.118194,5867890000000,i02-g000003-n000000075,i02-g000001-n000000027;i02-g000000-n000000023;i02-g000002-n000000066;i02-g000000-n000000020,de_trial,177.82830130534558,,,,,real_vector,82b08fa8d8fedc0a1a4cbf07e9ca2cc5,3+8MJ5EpDUBEH5L+Cw8FwLgVwacOtNc/wJx4Yfqby7/s4JxwrJwRQGlFtrpsYPq/YEapUo8BxL+qH3SC8q37P2TQ69qrOQbAOpi4XWdY878=,compact,4,10,,
run-20260903T230838Z-4891f68f,2,80,76,3,1788476919.118194,5867890000000,i02-g000003-n000000076,i02-g000001-n000000028;i02-g000002-n000000055;i02-g000001-n000000046;i02-g000002-n000000058,de_trial,169.8566787853698,,,,,real_vector,5430c9ceb8bd2cced2b3aa67166c1666,wDyXcVcWuL8zJRUryEL2vya1wGxptBFAaO0EKvFRBUAMxajCEZICQJRjaLgoyem/DpsUFpod/j9NsOZJ5LcOwIDSgczpuQlAX1s8+sdn9T8=,compact,4,10,,
run-20260903T230838Z-4891f68f,2,81,77,3,1788476919.119194,5867890000000,i02-g000003-n000000077,i02-g000002-n000000053;i02-g000002-n000000048;i02-g000002-n000000055;i02-g000002-n000000061,de_trial,143.35168206052916,,,,,real_vector,5fe07af1ebb3d5e705553ed74b82fe55,ZIax+Zc0FED8um1b2msJwIg5ZZWo7Oe/Fhv1cCHDEsA1QTK1vnAAQL44MIDDU/E/Jhz+anZy4r/Anoplktqqv5TobFM3Aey/unVQzdx2CsA=,compact,4,10,,
run-20260903T230838Z-4891f68f,2,82,78,3,1788476919.119194,5867890000000,i02-g000003-n000000078,i02-g000001-n000000030;i02-g000000-n000000016;i02-g000002-n000000066;i02-g000001-n000000035,de_trial,170.76407541200092,,,,,real_vector,fd602a4fa15bdb6a3c4c5e165d9c0bbe,gE/8M4D08j+ogQGCoe3EP0RugR1sBxNAHkUpZ8Ie4r8AHgwh6QmLv2ofX3g7MA1Apqe169Gj+T9eGsm4NiYLQLsSUCLmBQbAHANQoaeFCEA=,compact,4,10,,
run-20260903T230838Z-4891f68f,2,83,79,3,1788476919.119194,5867890000000,i02-g000003-n000000079,i02-g000002-n000000055;i02-g000001-n000000035;i02-g000001-n000000046;i02-g000002-n000000053,de_trial,137.6618195320492,,,,,real_vector,e02a0a8257c3c0c8df5314e6f194fa8b,WI0zHXvz5j+GGZw5kN3xP87+KmnMFBBAcGwwOKoeD0Ca+jaoyNDyP+CCql9O2tM/3pcTeqFj8r8KCEpZeQ8TQJiLNaOef8U/VjtQreJeA0A=,compact,4,10,,
run-20260903T230838Z-4891f68f,2,84,80,3,1788476919.119194,5867890000000,i02-g000003-n000000080,i02-g000000-n000000008;i02-g000002-n000000055;i02-g000001-n000000030;i02-g000001-n000000035,de_trial,167.671098726296,,,,,real_vector,a81e27ceac4641e3e9c49c34642a58a5,7OpxDH99+D9SnH1N0jMJwNCsCSa399c/SgczLbSE5r/eNjNntUDtP6oBY5eDSBFAnBqCOFnX4r9b3tXLs7cHQH4PPdwkBgRA/rj/t63+878=,compact,4,10,,
run-20260903T230838Z-4891f68f,2,85,81,3,1788476919.119194,5867890000000,i02-g000003-n000000081,i02-g000001-n000000033;i02-g000002-n000000055;i02-g000001-n000000025;i02-g000001-n000000039,de_trial,101.45611482778405,,,,,real_vector,9fc100fa9186eca7499555900aee3809,fmWmkFtpEECcLbQLiaMDQMgXZFTefvG/ohEeUyB29D+oIWefbQjrP1CpqeNNWwBAyeyvSUZo7z8Y4ixdy3j9P+jR4B8yv9I/kFXww0qr6D8=,compact,4,10,,
run-20260903T230838Z-4891f68f,2,86,82,3,1788476919.119194,5867890000000,i02-g000003-n000000082,i02-g000002-n000000058;i02-g000002-n000000062;i02-g000001-n000000030;i02-g000000-n000000020,de_trial,149.8971603682447,,,,,real_vector,66ea8e6d2d7f4566101512b2f2f1a484,brkBvE7qEkBCBp8v84n4P+zU9kC+pe+/d8P33fIxCcDKD0HE1VETQOsq6vyxUvU/9EuH0j9V079oCpfC8Jjrv5gpbh9nJfs/AL5g8ecGlT8=,compact,4,10,,
run-20260903T230838Z-4891f68f,2,87,83,3,1788476919.119194,5867890000000,i02-g000003-n000000083,i02-g000001-n000000035;i02-g000001-n000000033;i02-g000002-n000000066;i02-g000000-n000000021,de_trial,215.56302509552967,,,,,real_vector,82f89029018caca041b0d71d67c40c97,kyvsRpn6/b/n4paDC3jxP3DSWhW8BBJAqT0VPgteDkBM7tB8nNILwK2BsjugeQVAPl7CCucBDkBUGa971iwSQCc5VZuMlwHAbPT0p+J25b8=,compact,4,10,,
run-20260903T230838Z-4891f68f,2,88,84,3,1788476919.119194,5867890000000,i02-g000003-n000000084,i02-g000002-n000000060;i02-g000002-n000000050;i02-g000000-n000000023;i02-g000000-n000000021,de_trial,134.50905019204473,,,,,real_vector,64a5a6ea35d6d929f54daa4253658140,BAqSB9lC5b+ExHZyGg3vv952uvwVH/K/h6MJtOsb9j9h4DViBfkBQGpmNt+GtQPAONLXajJoyr8nyD6XUpPxP3sYGwThqPm/mkCtAWRHBUA=,compact,4,10,,
run-20260903T230838Z-4891f68f,2,89,85,3,1788476919.119194,5867890000000,i02-g000003-n000000085,i02-g000002-n000000061;i02-g000001-n000000025;i02-g000001-n000000039;i02-g000000-n000000016,de_trial,168.389511129523,,,,,real_vector,40cd5bf05cc615980f0d6a00669700ef,VCLxFFCK9T8JJcGz7XL8vxx+YAsKfhHAlGg8B5F4679KAlwNAQsUwPbX1fpPaPw/Vqpa1VHn9b+I5hrZJqr6v1bFxoTJGwrAbo3lHj00/z8=,compact,4,10,,
run-20260903T230838Z-4891f68f,2,90,86,3,1788476919.119194,5867890000000,i02-g000003-n000000086,i02-g000002-n000000062;i02-g000002-n000000066;i02-g000002-n000000048;i02-g000000-n000000008,de_trial,143.77998682539663,,,,,real_vector,f485ae5b37d2f31d4dcbe989847d8c96,QIDMDeoA9j+kxa4akKnrPzOjSTHJZApAnxBTMxsuBMAKvxsszGkMwLE3i3RkH/G/zIP++Vtb6b/kscRSXYvxP9z57c9AFBTAAFbbBQsleD8=,compact,4,10,,
run-20260903T230838Z-4891f68f,2,91,87,3,1788476919.120194,5867890000000,i02-g000003-n000000087,i02-g000001-n000000039;i02-g000002-n000000050;i02-g000001-n000000028;i02-g000002-n000000060,de_trial,93.59559861222615,,,,,real_vector,709fcd03efb257ce787dd22ee0601f29,xP1U2kaU5r+MqWLwbNfsv3dqDe6DAAnAFQmsMkAq8z/N3exLQbLzv/i4WC+pCQfAUZnnyeM/8b80QHh916LYP6+LfDzVbAjARHU/iinC6j8=,compact,4,10,,
run-20260903T230838Z-4891f68f,2,92,88,3,1788476919.120194,5867890000000,i02-g000003-n000000088,i02-g000000-n000000016;i02-g000000-n000000008;i02-g000001-n000000039;i02-g000001-n000000046,de_trial,180.0620794397523,,,,,real_vector,c91928c857013b57fec84c6c132f8b3c,gAnhG5O8kb8b8mbrAgsSwHc8m6u6Wf8/oqllBWlD3D/y5T19C6D6v0uqH4FPXv0/f7JjME8EEkCgid9013QQQEDg/VFxUQTA5DmpCw3E678=,compact,4,10,,
run-20260903T230838Z-4891f68f,2,93,89,3,1788476919.120194,5867890000000,i02-g000003-n000000089,i02-g000000-n000000017;i02-g000001-n000000035;i02-g000001-n000000039;i02-g000002-n000000060,de_trial,206.26785935434714,,,,,real_vector,931e62fa3fbcf5cb7df29a6cb47cbb60,9J5uGvgE9D/NQbjLNT3+P9DjskAvqhFA6BQF2FI+CkBC8xrce1fwv3Cpr7ubkNa/1nH1vWAPEkDcO9Gx6T/3P5jo3j5t+grA7osGpCabBUA=,compact,4,10,,
run-20260903T230838Z-4891f68f,2,94,90,3,1788476919.120194,5867890000000,i02-g000003-n000000090,i02-g000002-n000000066;i02-g000002-n000000058;i02-g000001-n000000030;i02-g000000-n000000008,de_trial,208.67787058004626,,,,,real_vector,cc709730b756a13e28d5a1af94fe5849,zRUVIyt0EEDxUjylK50DQFIyiSLRBAjAO1Q4BhvjD8B8W0YcvvLZv+01xu9+8gRAp3eQiIUgBsACO1ckZycSQIsldTq1yg7AEGa6TEmJ4L8=,compact,4,10,,
run-20260903T230838Z-4891f68f,2,95,91,3,1788476919.120194,5867890000000,i02-g000003-n000000091,i02-g000002-n000000067;i02-g000002-n000000055;i02-g000000-n000000017;i02-g000002-n000000060,de_trial,172.7912192568339,,,,,real_vector,9d189fe4ed65c8f37f2d9dfbafe10591,JDX7CTJP9b/e8MqAw438v46IHzqvhgtA0uP/bsPIAUDA4U3u8anOvxu1xh/s6vE/Yu4JLFNJE0CbWAu4BVn1P//yVT1LTPc/3IG6ZUqR4b8=,compact,4,10,,
run-20260903T230838Z-4891f68f,2,96,92,3,1788476919.120194,5867890000000,i02-g000003-n000000092,i02-g000000-n000000020;i02-g000000-n000000016;i02-g000002-n000000066;i02-g000002-n000000050,de_trial,181.81076526686735,,,,,real_vector,780b92a7ec4ec9c7c927eb125780f942,fF6ri6Y8EUBl5Hp5WGjzP7hHnQ/78BFAyDZCDCr9DMA+HVjdidzyPxVNvHfHrvK/J90NDZ4xCUAg9fr8SFHVPzBltWbzsvq/obciGYZqCEA=,compact,4,10,,
run-20260903T230838Z-4891f68f,2,97,93,3,1788476919.120194,5867890000000,i02-g000003-n000000093,i02-g000000-n000000021;i02-g000001-n000000030;i02-g000002-n000000067;i02-g000001-n000000027,de_trial,134.64191740594347,,,,,real_vector,12c56ce6e0ce040b83e5091900339e9b,gSsY+h0kEECrtOqYV+ABQICJUEekFt+/MO/PRIe/5j+g/2qYNn+1v6eCGJBEBAPA0GWm/zIS7L8CQwrCr8P7v2R9G4Xkjuy/Y6Ah6Tb+A0A=,compact,4,10,,
run-20260903T230838Z-4891f68f,2,98,94,3,1788476919.120194,5867890000000,i02-g000003-n000000094,i02-g000001-n000000046;i02-g000000-n000000017;i02-g000002-n000000048;i02-g000001-n000000027,de_trial,174.33831840794966,,,,,real_vector,5a8308406ff35f3e644c5e1a99d23861,tjFXZKrl+z8uFAJ82EUKwJ5cKSpW2Pw/uvd6fsKIDMC6xEza7L4GQDsGLhSp1fe/mAsumWfN7T8IDy95PUTgv8aMLhttg+K/59AGO7yI4D8=,compact,4,10,,
run-20260903T230838Z-4891f68f,2,99,95,3,1788476919.120194,5867890000000,i02-g000003-n000000095,i02-g000000-n000000023;i02-g000002-n000000055;i02-g000001-n000000039;i02-g000000-n000000021,de_trial,141.6352841549537,,,,,real_vector,04fb30e2cddaacb70903919ff770339b,IiCBOu2PAkBwuK8vLbPpvzEbZ9bJVgZA8wUWqaYU9T+iip7tsiHov7c2bQtLSAJAyn/W6n9cAUAD4SsLJiEGwPKtINVRi/M/IKUOm1573L8=,compact,4,10,,
run-20260903T230838Z-4891f68f,0,93,89,3,1788476919.120194,5867890000000,i00-g000003-n000000089,i00-g000000-n000000017;i00-g000001-n000000036;i00-g000002-n000000053;i00-g000002-n000000051,de_trial,152.8976632748233,,,,,real_vector,2015ec88a59aeca070814d97e0cc5078,/HNcxS6b6b9sfHIyKLL+P0QciBdYjhBA1kYIloSu6r/uDcwm1pwNQMtN81XqhBPANDpcP8Uu+r84yX6VZs3kv7j0k9ufuvU/KKHOD40Cyr8=,compact,4,10,,
run-20260903T230838Z-4891f68f,0,94,90,3,1788476919.120194,5867890000000,i00-g000003-n000000090,i00-g000000-n000000018;i00-g000002-n000000049;i00-g000002-n000000062;i00-g000002-n000000059,de_trial,168.42015330135828,,,,,real_vector,93afb5b6f511cb76df333a09bcd1300c,DhXdEdLbAUDsJe1esY4SwKQDfm9/qQDAfANJOY1i/79sHGpS9gLxPxrL+c992OM/FBkUB4LMBcBbZXduhhANwPj74qw6b+q/SricB5gCDMA=,compact,4,10,,
run-20260903T230838Z-4891f68f,0,95,91,3,1788476919.120194,5867890000000,i00-g000003-n000000091,i00-g000002-n000000067;i00-g000001-n000000040;i00-g000002-n000000061;i00-g000000-n000000020,de_trial,231.4434224098844,,,,,real_vector,980eb6dcf9ee85fb8b38482bc73210aa,ACvMNqDZEsB8FtdWOVLcv65Rjtri3QNAZeSlTWbvEcAIrEkmAgDBv+DvFxI6nN0/Ql2YpFaY4L+ENtMFX9wKwGGv/X5KmRDAaE8cBZrF2j8=,compact,4,10,,
run-20260903T230838Z-4891f68f,0,96,92,3,1788476919.120194,5867890000000,i00-g000003-n000000092,i00-g000000-n000000020;i00-g000002-n000000051;i00-g000000-n000000009;i00-g000002-n000000048,de_trial,195.32311799665763,,,,,real_vector,91b0a4c6549b3bdbfe7b885993922c32,epJP49WFCUDkoS2iWq4OwLjgAP0beRTATKUFpIL6AsB8UJQoM+wKwEjN87xTMghAgB3JD/wL/D+40PqSV2b1v7QonpGJGv2/QYMdZcCkC8A=,compact,4,10,,
run-20260903T230838Z-4891f68f,0,97,93,3,1788476919.120194,5867890000000,i00-g000003-n000000093,i00-g000001-n000000045;i00-g000002-n000000061;i00-g000000-n000000002;i00-g000002-n000000070,de_trial,161.07893825552216,,,,,real_vector,05a805de55fb31465bc288bcd1ca681a,/nXfO3sJC0B8fbpSVRkKwGifHTDaywxAQtGgco/2B8D+SVVfEBnyP/SeFWv98/s/lFDLXRNBAMCw/GapcbH+v2oNzlHNIPa/jI1jFqVZA8A=,compact,4,10,,
run-20260903T230838Z-4891f68f,0,98,94,3,1788476919.121193,5867890000000,i00-g000003-n000000094,i00-g000002-n000000070;i00-g000001-n000000040;i00-g000002-n000000067;i00-g000002-n000000059,de_trial,202.4639515161744,,,,,real_vector,46cb21de88bf9664dea31a3f4830720a,Ju1nlp2NDMBS+xtwWpfkP9Tm7kfL0xBAsAHgpBuJB8AGCrCixI3evzHrzRj7Rfe/AiTTvj3b9r8GETzUhDLhv9jlM24TdwLArOT7dTyp9b8=,compact,4,10,,
run-20260903T230838Z-4891f68f,0,99,95,3,1788476919.121193,5867890000000,i00-g000003-n000000095,i00-g000002-n000000071;i00-g000002-n000000049;i00-g000000-n000000009;i00-g000002-n000000054,de_trial,164.61705727765406,,,,,real_vector,55fdc9410e0f1810bf25f161db0ddc06,HyCwGGAn+D+sBA/wB0QNwIRrr61Zmum/OYuWN7uwA0CHkVaiWBcAwBYFrWA4eAFALISfj/Yz5b/+Owf9nREQwJTb2mqMDhPAMMbDbkB2uD8=,compact,4,10,,
run-20260903T230838Z-4891f68f,1,101,96,3,1788476919.121193,5867890000000,i01-g000003-n000000096,i00-g000002-n000000048,migration_arrival,90.729540967393,,,,1,real_vector,cee9d4f3e424c1130bc30c49555db8b9,"[-2.958757995183743,-0.1340991034208936,1.1151127188095638,-0.0745785530334877,2.972453394383692,0.9090903308289682,-2.0386197969924504,-0.3873414023429991,-2.320579923636107,-1.4032381577272668]",full,4,10,0,i00-g000002-n000000048
run-20260903T230838Z-4891f68f,1,102,97,3,1788476919.121193,5867890000000,i01-g000003-n000000097,i00-g000000-n000000002,migration_arrival,112.23416811369633,,,,,real_vector,3d55b83275798ac89636f7afd89de5ed,nDpmX/4WEMBpzTpOc3AHwDx2WAFqQvk/AOsxWgv7w79QBrgf89nqP2ZJRlOlBgBAlPlpP+7K+78FZ6/F8mgBwIBjRNR1Lci/6FIbSG1++T8=,compact,4,10,0,i00-g000000-n000000002
run-20260903T230838Z-4891f68f,2,101,96,3,1788476919.121193,5867890000000,i02-g000003-n000000096,i01-g000002-n000000048,migration_arrival,103.18185745814242,,,,,real_vector,af8d6b9a2358069f263452d34780c350,KBuJ8IqX7r8aPAqrBCH8v0hyhc4e+du/TjsRBn+v6r/QIrw5F7fzv0KeRrVcjtG/RODtJ0bbAsAAcBazZLi7P+6Egf4diwBAy8OT+ggNCUA=,compact,4,10,1,i01-g000002-n000000048
run-20260903T230838Z-4891f68f,2,102,97,3,1788476919.121193,5867890000000,i02-g000003-n000000097,i01-g000002-n000000062,migration_arrival,118.14180013826156,,,,,real_vector,f4e8ee69b9f1ec3db79cc97a5904f58d,5DsvvQkn/r+XR7pmCfH9v9yNaZRRTwHAHHTe0pU0AkAEdL1vXjz4v752FArTOfA/GgwsVLO2BcB7nLELxkvyv16IIy+3r/4/yn6TIf3oA8A=,compact,4,10,1,i01-g000002-n000000062
run-20260903T230838Z-4891f68f,0,102,96,4,1788476919.122698,5867890000000,i00-g000004-n000000096,i00-g000002-n000000048;i00-g000002-n000000049;i00-g000003-n000000085;i00-g000002-n000000056,de_trial,186.92080918860233,,,,,real_vector,c6a3905d6aa7e5b88891ca5dd7081ad7,LCqSYnFY9T/S/Roh0pwTwNx6HdrUyeC/4Kw9o57n/T/kL0xSJ8X5P8Kxgfkb3AdAK1Dg9HxqEsAgzNyXM8rYvyz7SDyJkArAYLkLTHaCx78=,compact,4,10,,
run-20260903T230838Z-4891f68f,0,103,97,4,1788476919.122698,5867890000000,i00-g000004-n000000097,i00-g000002-n000000049;i00-g000000-n000000002;i00-g000002-n000000059;i00-g000002-n000000071,de_trial,187.06789342941863,,,,,real_vector,581d8ef4182c83e449539848c24cbd2d,tCzFlCgDC8DKSugrOZsDwJ3vJQZTcfa//8qdhpCq5T8hHfuK8UrhPxL6sKEycvY/UByNq1Lhyb/E88GUHZHZv2Jp6qyJdue/XKfC1lV3+T8=,compact,4,10,,
run-20260903T230838Z-4891f68f,0,104,98,4,1788476919.122698,5867890000000,i00-g000004-n000000098,i00-g000000-n000000002;i00-g000002-n000000048;i00-g000002-n000000049;i00-g000002-n000000059,de_trial,190.39642950749413,,,,,real_vector,d15247add9873b9f0e492bf076eb9c02,nDpmX/4WEMB43d/3yJ/zvzx2WAFqQvk/tMVQGW+r8D9bv3w7cx0NQEoobus/W/8/4JKI15xtC8BQeyRxm0IAwO6OeHRE/RHAacfZWv5PDMA=,compact,4,10,,
run-20260903T230838Z-4891f68f,2,105,98,4,1788476919.122698,5867890000000,i02-g000004-n000000098,i02-g000003-n000000072;i02-g000001-n000000028;i02-g000000-n000000016;i02-g000003-n000000079,de_trial,170.61124173494008,,,,,real_vector,3d2fef799582a1d50e3cc2f640860341,KDxBmLeO6j/QUfWlxX+1P/gK9MgbaNk/y/HTursyAMB+NQcP01QIQJJT39jQ5w3A1GFxr+sHBMDJ3I8ASKwSwOQxdU1RbRDA5EM1N+fVBMA=,compact,4,10,,
run-20260903T230838Z-4891f68f,2,106,99,4,1788476919.122698,5867890000000,i02-g000004-n000000099,i02-g000001-n000000025;i02-g000003-n000000079;i02-g000003-n000000093;i02-g000000-n000000017,de_trial,138.74064731413353,,,,,real_vector,6b1a66df24460cf2f9dbbd01241c1125,YsMZHZ3mDkBzJ7fkZ58JQCqsUH6VEPw/NrwA9F0lEEAgzQdbLR+qv4LZbwE7d+a/5FJ9/ygKCsBcMJ1VDF4JQBhaSXz+3Ou/SDO/TlLiCUA=,compact,4,10,,
run-20260903T230838Z-4891f68f,2,107,100,4,1788476919.122698,5867890000000,i02-g000004-n000000100,i02-g000002-n000000050;i02-g000002-n000000062;i02-g000003-n000000093;i02-g000001-n000000046,de_trial,121.42777287319151,,,,,real_vector,c475d2b939bca6b4b0b6c009ec147fa0,RjTXBqNmA8Anj0Fe0qf/P5ZMGM3QLO0/XEFTKy8Z/j8IyGey9xXMP8VtLACBWADAtCJ7vtlD1D8waxTB74AOwKK8Eu6HYA1A+IX2nAiWzD8=,compact,4,10,,
run-20260903T230838Z-4891f68f,2,108,101,4,1788476919.122698,5867890000000,i02-g000004-n000000101,i02-g000001-n000000027;i02-g000003-n000000095;i02-g000003-n000000093;i02-g000000-n000000017,de_trial,151.97328901493103,,,,,real_vector,c322deb2d50179e28748a0f6fb73212c,jEfUii0O4T8oWfr3qIf0P6jO5Qzv1eA/7R24CMps9z9Uft6Jm7L/v/XfN/5kXvQ/oBpfDPWEsD9dYBE0BnERwJh7qhT2Zsc/bBppcB6g1z8=,compact,4,10,,
run-20260903T230838Z-4891f68f,0,105,99,4,1788476919.122698,5867890000000,i00-g000004-n000000099,i00-g000003-n000000075;i00-g000000-n000000002;i00-g000002-n000000049;i00-g000003-n000000085,de_trial,131.3951050298488,,,,,real_vector,312a0efccb0792c279448d2b92132c29,xAzq/QK8+L+80kiwEiEUwAofJtR04fU/O3a4c+V2BkAQ5xQzW3DIP2BWPC7wj6S/iZS9gWpE/r/VM1D12BcIwAN5qoul7fG/DXoAOifQDUA=,compact,4,10,,
run-20260903T230838Z-4891f68f,0,106,100,4,1788476919.122698,5867890000000,i00-g000004-n000000100,i00-g000001-n000000028;i00-g000002-n000000070;i00-g000002-n000000058;i00-g000002-n000000067,de_trial,123.90803414531752,,,,,real_vector,9373031afc555f45ca71c1830757e9ff,zh2RQAPUEcDIrEK0QDDFv1RNbuns3RPAZ0eznwRD8L/3gHR+GywCQGQ3ImvC2dA/AEkkNrRdwT9/ENk+75fzPyQ9aqdjXOy/sA+Dbk/Qzj8=,compact,4,10,,
run-20260903T230838Z-4891f68f,0,107,101,4,1788476919.122698,5867890000000,i00-g000004-n000000101,i00-g000002-n000000053;i00-g000002-n000000071;i00-g000000-n000000009;i00-g000003-n000000078,de_trial,166.92840057286526,,,,,real_vector,20602fd8b762f2c3ef607cbc52f7b5a1,ykEek1/c8b++QeWA3G0QwDDwb8KrUwvAqATwEYEsCcBGoelk37ECwDAIjXQbCfw/H1wiGJ6jEEC/gvURGB8RwBBgFby0qvK/uQWxlkEPAUA=,compact,4,10,,
run-20260903T230838Z-4891f68f,0,108,102,4,1788476919.122698,5867890000000,i00-g000004-n000000102,i00-g000003-n000000078;i00-g000000-n000000002;i00-g000003-n000000085;i00-g000001-n000000040,de_trial,146.50197086192136,,,,,real_vector,21ccb5dde7c56c6acc55ec4e1e5dee48,IZbmSymD/r9+i27wMK0MwLid5QuWrfK/jAy7YRm5xb/267fHvvQDQKhYGqKaQfK/pchwUxNcAcDqJ7RsDVz3v1LIiCAG4+S/ul1V3HE8+r8=,compact,4,10,,
run-20260903T230838Z-4891f68f,0,109,103,4,1788476919.122698,5867890000000,i00-g000004-n000000103,i00-g000003-n000000079;i00-g000002-n000000053;i00-g000000-n000000018;i00-g000000-n000000002,de_trial,104.51540273978068,,,,,real_vector,6c36cdbe8725503c04dcc22ead56bf05,MCVgLH8c5j+AUgFHImOxP4iY55ZHoQDAGFu4AqYyEMCwLQ6/uFLFv4hR2NiaMMU/VgyaVaRe779gtR1x4aSqP7R9R7PTLPs/nrA7nl/TEcA=,compact,4,10,,
run-20260903T230838Z-4891f68f,0,110,104,4,1788476919.122698,5867890000000,i00-g000004-n000000104,i00-g000002-n000000056;i00-g000003-n000000085;i00-g000002-n000000067;i00-g000000-n000000018,de_trial,186.36889339516273,,,,,real_vector,7a2d042fe8f75316bafa77c9e8ebbad1,WyEEFK+QC8DCybENkT/xv4Bj4NTPE+2/xGsittwZ8r+EBVc1evwRQNqbukGLjQNAAwAVVkeOAUDsnqgGpssEwPhDvdOd4gXAapncSSyZCsA=,compact,4,10,,
run-20260903T230838Z-4891f68f,0,111,105,4,1788476919.122698,5867890000000,i00-g000004-n000000105,i00-g000000-n000000009;i00-g000003-n000000075;i00-g000002-n000000048;i00-g000001-n000000036,de_trial,179.5950553407131,,,,,real_vector,b346da450961ee6851d367f1f813c44f,Tm0yw3VT9D9sB+lMG3YGwIvSskjYdPa/7G9tFtaZ9D8A+gL8Pv6cv9azS+V8AgZAEDSkWk4W9j8MNYXdKqUSwD705DhP5BPAn5bui/+8BUA=,compact,4,10,,
run-20260903T230838Z-4891f68f,0,112,106,4,1788476919.122698,5867890000000,i00-g000004-n000000106,i00-g000002-n000000058;i00-g000001-n000000040;i00-g000000-n000000002;i00-g000003-n000000078,de_trial,155.70017324504562,,,,,real_vector,576984381674c25fb7704e0a321f57ca,9ovjdWfkC8DqkrGn0ZfwvxH+UoccDQpA8H5jpUn/w7+CZUYpOqf4vxhyu+TRL9O/EIXjmWPC9b+ugY977aUOwHiPC3+a/fe/PH0Kdsii7j8=,compact,4,10,,
run-20260903T230838Z-4891f68f,0,113,107,4,1788476919.122698,5867890000000,i00-g000004-n000000107,i00-g000002-n000000059;i00-g000002-n000000067;i00-g000002-n000000058;i00-g000000-n000000002,de_trial,169.75808867418786,,,,,real_vector,e38ae909263a1883589587de128b56cf,vK0DCADd479PcBUgW3f9v2Ec+sTfxQPARHqWnmK/0L8Myrc+p0XlP0xTbvrlFAjAVbNvowXBDEBAzx7nx0TdP1BDw1JTTMY/sAqOFpgmBMA=,compact,4,10,,
run-20260903T230838Z-4891f68f,0,114,108,4,1788476919.122698,5867890000000,i00-g000004-n000000108,i00-g000001-n000000036;i00-g000002-n000000070;i00-g000002-n000000056;i00-g000002-n000000048,de_trial,138.2012322620772,,,,,real_vector,22277ecb82c599a3ca78d0f5067941de,UFJAHXt6AsAhicSmk+/xv6QvsVchPvO/QJT9qtpyrD+josppnlcEQORm+obPdOw/DCukoKvtA0A3AseL18r/vxyMqbwekRPAAB9/OqWp+b8=,compact,4,10,,
run-20260903T230838Z-4891f68f,2,109,102,4,1788476919.122698,5867890000000,i02-g000004-n000000102,i02-g000001-n000000028;i02-g000003-n000000082;i02-g000002-n000000062;i02-g000001-n000000030,de_trial,139.0145371747645,,,,,real_vector,c80cc270beb6b7c160119e4d4a256826,vZ4yFisNEEAM6Uy13OX3PwAVN5lyAp2/yxoEuXApD8DOYGTG2MYPQMODjhv/kvO/UCMSNUCFsb/Qkl3LYZ4FwFBmZtH9CxBABIUWNK333r8=,compact,4,10,,
run-20260903T230838Z-4891f68f,2,110,103,4,1788476919.122698,5867890000000,i02-g000004-n000000103,i02-g000003-n000000077;i02-g000002-n000000050;i02-g000003-n000000087;i02-g000002-n000000067,de_trial,164.50311054471825,,,,,real_vector,826e1d73009a0265b0119d7662fce034,bhJXah3s/r+0hhg+9Z7kv6YIpi3cPAbAYzbCcCw1AkBQPo2M+cXrP1xva9treQLAFKcRoCLh+L9i5iqk4Pr7P0BRrvd8QRTAeoMTY1ExBEA=,compact,4,10,,
run-20260903T230838Z-4891f68f,2,111,104,4,1788476919.122698,5867890000000,i02-g000004-n000000104,i02-g000001-n000000030;i02-g000003-n000000080;i02-g000000-n000000016;i02-g000003-n000000093,de_trial,181.060383489723,,,,,real_vector,1b61cbb765404aac39a888fed0f6855c,bFuH3LSE9D9ocGfHYkYLwIkssvA1bAhA3ntySwP647+hFCIrHj4GQL6nK6UxDRJA6Ax6HXOX9T+QKuZDzzHZPxUew4eR3vo/vz8Kh78f8L8=,compact,4,10,,
run-20260903T230838Z-4891f68f,2,112,105,4,1788476919.122698,5867890000000,i02-g000004-n000000105,i02-g000003-n000000079;i02-g000002-n000000062;i02-g000001-n000000035;i02-g000001-n000000027,de_trial,144.67557926526956,,,,,real_vector,6044363a90c430c177a9cc9472d29507,JoZUq1BZB0BJvdSmK8EFQELbD6uUHvc/ZlqsMmkp7j/6ihVWF+PuPydzpBBMbxPAGJhP+dmB3j+SOxz7+KQBwILo6NMkpApA30ZcvZK4AEA=,compact,4,10,,
run-20260903T230838Z-4891f68f,2,113,106,4,1788476919.122698,5867890000000,i02-g000004-n000000106,i02-g000003-n000000080;i02-g000001-n000000025;i02-g000003-n000000079;i02-g000003-n000000084,de_trial,182.42817687884002,,,,,real_vector,1ea994cc7cf63d491c003dad1bc4367c,yGM/JhqjEEAgzva+S3zdv6gBVpgDQ/a/NFdXZ8s96D+dBzFUrJkDwBKLiG+y4RJAG1fvlwKl4b/Q2OuUezjHv8bL1gJZPAnA2ORKVxX+BkA=,compact,4,10,,
run-20260903T230838Z-4891f68f,2,114,107,4,1788476919.124169,5867890000000,i02-g000004-n000000107,i02-g000003-n000000081;i02-g000003-n000000097;i02-g000003-n000000082;i02-g000003-n000000079,de_trial,152.39170541301377,,,,,real_vector,a101dcb866cce87a0a751aba0fd42328,IDp1OE8Lvz850bjr15r6v6Sz2eJqrBLAsEdrcHHn878MuaQSo/vTP9g7lDziZ/g/yeyvSUZo7z+Ut3V3eqgPwDiiU2o4dQVAkFXww0qr6D8=,compact,4,10,,
run-20260903T230838Z-4891f68f,0,115,109,4,1788476919.122698,5867890000000,i00-g000004-n000000109,i00-g000003-n000000085;i00-g000000-n000000018;i00-g000003-n000000079;i00-g000002-n000000067,de_trial,197.18683454569674,,,,,real_vector,99b1b5200beeba44d091e710d79870e3,O7oiC+gQBcDus0lu0lbnvzfvcdE4bd2/4JZArXOVxL83M4u9CMoRwKzK3ZUXa/+/PH03jNacEsA+MN5STTnyv9vDl2E9hwLAbbXe+OhhDMA=,compact,4,10,,
run-20260903T230838Z-4891f68f,0,116,110,4,1788476919.124169,5867890000000,i00-g000004-n000000110,i00-g000002-n000000062;i00-g000003-n000000085;i00-g000001-n000000040;i00-g000001-n000000028,de_trial,198.7517082367027,,,,,real_vector,06711927adaf1338d3f4707761b87299,yulPyvbKCcARbi6klC3xPyy+T1UVGvI/wFaFTpyI9L8uo2l07KADQMtmJQd+RgFA4m1W0i4uEcBoIQcTn80SwB7FyX5tBRPA9EptKyaWE8A=,compact,4,10,,
run-20260903T230838Z-4891f68f,0,117,111,4,1788476919.124169,5867890000000,i00-g000004-n000000111,i00-g000003-n000000087;i00-g000002-n000000058;i00-g000000-n000000009;i00-g000000-n000000020,de_trial,146.90455855298092,,,,,real_vector,bff4384317837850ed7a917f73918dd0,OyEmDIufDMDQudFn6Kvnv45aVwCtivS/YFaZ/AiEtz/er6DTmqzwv16MHC4MrfO/lRz5Hmn8DECkbYD+kwjdv1rB/aOqyPE/BKSqM4EcA0A=,compact,4,10,,
run-20260903T230838Z-4891f68f,0,118,112,4,1788476919.124169,5867890000000,i00-g000004-n000000112,i00-g000001-n000000040;i00-g000000-n000000018;i00-g000003-n000000078;i00-g000000-n000000017,de_trial,225.89079573601543,,,,,real_vector,33c9fa5eb78a7e9a853f14ab3e7c0bc5,B4Y2Oo3QD0D+LEhnM5bgvzDa1j4C1AVAtm0KsEIdC8CEGA3Gt60KwNLMxPGD2Pg/YjpeSrOmDsB5LuXQEZ8QwETYtxfSNva/7oM+sbZEEcA=,compact,4,10,,
run-20260903T230838Z-4891f68f,0,119,113,4,1788476919.124169,5867890000000,i00-g000004-n000000113,i00-g000000-n000000017;i00-g000002-n000000070;i00-g000003-n000000075;i00-g000003-n000000087,de_trial,157.0097883662591,,,,,real_vector,42d1db2676da16fac6a90ffcf9c04a90,oskleOh79L8o4KSDkVsNwAt1yWBFTwjAxsE9rLkm5D+2ULeTRZzkPwmPRmulE/k/TkqJLYf5AkCqW1O4DOD/v0PnM8SbQRDAjrC/QWMG/r8=,compact,4,10,,
run-20260903T230838Z-4891f68f,2,115,108,4,1788476919.124169,5867890000000,i02-g000004-n000000108,i02-g000003-n000000082;i02-g000002-n000000050;i02-g000001-n000000027;i02-g000000-n000000016,de_trial,129.4353764464956,,,,,real_vector,671a80b207befa87285fce3a697948b1,0LDFuigJyb9m1XwJhb7aP1HEsXbfCwDA7SoDdRQiDkB4/xIhrnXjv4DNHSYaf9e/tom7n7RQAsD8yA+troHUvzZ1mUzzUAjAAL5g8ecGlT8=,compact,4,10,,
run-20260903T230838Z-4891f68f,2,116,109,4,1788476919.124169,5867890000000,i02-g000004-n000000109,i02-g000001-n000000035;i02-g000003-n000000081;i02-g000000-n000000017;i02-g000001-n000000027,de_trial,122.62693292355505,,,,,real_vector,221aba1f3fbe203a1f56c6f456efb721,hIxIVTYCFECQb1DJY1PpP3DDnfu8uPG/AOfoSgoLkj9gw36coFHkP8TrgTUFG+U/hpMohgsOA0C7gmJ6WaX6P3MruJ8bqPE/TGbWwMysB0A=,compact,4,10,,
run-20260903T230838Z-4891f68f,2,117,110,4,1788476919.124169,5867890000000,i02-g000004-n000000110,i02-g000003-n000000084;i02-g000001-n000000028;i02-g000001-n000000027;i02-g000003-n000000097,de_trial,177.51243406554963,,,,,real_vector,c4e1b86f1f340319aa82b74253ca7be8,Kpum8mvh5T/lG0zBiqD2P4fNVwd3ughA7SuxVOKADMBQvvBNwKgPQD9AwVyvKP6/UkxeW9BkCsCJyiBpP+sCwE1l2FulcA/AtBk9tKP2AcA=,compact,4,10,,
run-20260903T230838Z-4891f68f,2,118,111,4,1788476919.124169,5867890000000,i02-g000004-n000000111,i02-g000003-n000000085;i02-g000002-n000000050;i02-g000003-n000000077;i02-g000003-n000000097,de_trial,129.25535203766012,,,,,real_vector,c8076130c10f32f82af952c7a0ca7027,LkJMxG6v8D8IgS/HX0+yvwCsDGgoy+y/iMlkSFAO6L8noa7qz7L5PyTyRS6wTQTAMBvGo2Hd1j+FY9sygwjsP1bFxoTJGwrAyoFS+x+cBEA=,compact,4,10,,
run-20260903T230838Z-4891f68f,2,119,112,4,1788476919.124169,5867890000000,i02-g000004-n000000112,i02-g000002-n000000062;i02-g000001-n000000025;i02-g000001-n000000028;i02-g000000-n000000016,de_trial,170.809806925142,,,,,real_vector,7dff16238077dbd02472f8cafe67acbd,GJ7uHqiqBECeqZqySMMDwPhWhvo7qPy/ryXM0jwIB8BhxAYjx7AGwIceM0Drave/2PIlHfLyDsAa2/JMEUoKwOSYMAdmlhDAAElgaM9Prj8=,compact,4,10,,
run-20260903T230838Z-4891f68f,2,120,113,4,1788476919.124169,5867890000000,i02-g000004-n000000113,i02-g000003-n000000087;i02-g000003-n000000084;i02-g000003-n000000096;i02-g000003-n000000079,de_trial,136.3203474229916,,,,,real_vector,8a9a22dfb7b4859f387035a911da205c,Ii84By4E+L+JRsfV60IDwGGRcFTp4wrAei9Wizxd778NMnLTGq7wP3x4hZARDAbAOB1+cPfs6b9tlLz13K3zv43Ymd956+S/1ARPKHceCEA=,compact,4,10,,
run-20260903T230838Z-4891f68f,0,120,114,4,1788476919.124169,5867890000000,i00-g000004-n000000114,i00-g000000-n000000018;i00-g000001-n000000036;i00-g000000-n000000020;i00-g000003-n000000079,de_trial,132.1430779286133,,,,,real_vector,40e94eaf1313dd9c2ff05fe23d33c8e6,4KBBwz61CUCk5se3LMT7Pzh1nqAMgeM/b9ShaKC3/b+ubBQ0x7oHQGBIiRCiHRHA4D6kCKoiAMAYCVzjczvjP3UP/K3ttQdAqty5IQpi/78=,compact,4,10,,
run-20260903T230838Z-4891f68f,0,121,115,4,1788476919.124169,5867890000000,i00-g000004-n000000115,i00-g000002-n000000067;i00-g000000-n000000002;i00-g000003-n000000075;i00-g000003-n000000078,de_trial,136.3280073126262,,,,,real_vector,5853037b094fbe31d80fcb44129d6d2b,LACVaI4c9L94qQRlxaYQwERYbgdKk+i/mpk8XXeC+D9I8fa4q7LKv+NmcBvsbQRAoAyztuJ/sr/+orP+OakJwK9IhQ7yCwbA/KfkgHOz7j8=,compact,4,10,,
run-20260903T230838Z-4891f68f,0,122,116,4,1788476919.124169,5867890000000,i00-g000004-n000000116,i00-g000000-n000000020;i00-g000001-n000000028;i00-g000000-n000000009;i00-g000002-n000000070,de_trial,198.15913668005442,,,,,real_vector,c419941dc0590a6b259df694c2b5d940,/Gb0dwvHAcDovLF+vZTiPybH6fSTmPc/0cCBUgzpCkDQsXKNdtMQwHNkCcUGk/W/+Psnedn4EUCN5JWIBe/uvwiYSvgxwghANawTjH6OEEA=,compact,4,10,,
run-20260903T230838Z-4891f68f,0,123,117,4,1788476919.124169,5867890000000,i00-g000004-n000000117,i00-g000001-n000000045;i00-g000000-n000000009;i00-g000002-n000000070;i00-g000002-n000000062,de_trial,135.0437629176176,,,,,real_vector,62e93977f9bca772979c1a182b3019ac,IoJg1S9V+r9A1KTGrsClPyDOBwZAlAPAaALj/7C50j9AMW6hfGkAwK9chFchrQ9AzMZ06B7xD0BrE+lc0mUEwDbMGj6yZgbAoOJDXuAMoz8=,compact,4,10,,
run-20260903T230838Z-4891f68f,0,124,118,4,1788476919.124169,5867890000000,i00-g000004-n000000118,i00-g000002-n000000070;i00-g000001-n000000036;i00-g000002-n000000053;i00-g000002-n000000048,de_trial,147.50210388014278,,,,,real_vector,179b3f040f026062641553a6081dcc6e,YQED7xTQ+T9AH/LfxkLEPwOi9+6TYvk/yLUPRdM3BMBm4UvZBtMAQOWA4yLRHgBAFgG23LDu9L/Lk/5z0IbmvxHlryuv4QFA16jaB+Zz+L8=,compact,4,10,,
run-20260903T230838Z-4891f68f,0,125,119,4,1788476919.124169,5867890000000,i00-g000004-n000000119,i00-g000002-n000000071;i00-g000000-n000000018;i00-g000002-n000000058;i00-g000003-n000000075,de_trial,156.51416424070123,,,,,real_vector,ff8ff526a151d12435b72056d14a3e07,ZDhzv+JC8T+GBs8CW3zxP+Kfm2cQYfi/20/jVGmiA8CM352anN8JwLA+njRQ8Mg/jDGLRLWa/L+ygmnGlg/5P3HZ/F2WKRBAWMSHgOBtFMA=,compact,4,10,,
run-20260903T230838Z-4891f68f,1,105,98,4,1788476919.122698,5867890000000,i01-g000004-n000000098,i01-g000002-n000000048;i01-g000002-n000000049;i01-g000003-n000000096;i01-g000003-n000000081,de_trial,177.3233316641937,,,,,real_vector,2d42cc3e8414b2b42fcf77c11140b190,6oV6fQ/V7D8EIpMuyOIRQLib+pjWwAtARgz1qf8JAsAUmi+JgLcFQPDGIZN0X9a/yyCyht9tBcAma2znVs/zP+hticP3wOy/XyxCboE5AsA=,compact,4,10,,
run-20260903T230838Z-4891f68f,1,106,99,4,1788476919.122698,5867890000000,i01-g000004-n000000099,i01-g000002-n000000049;i01-g000003-n000000079;i01-g000002-n000000050;i01-g000002-n000000060,de_trial,211.01255396241189,,,,,real_vector,2399e44bcad667e8622a30268eded528,ZgH009XO4r+9/LLfnVgNQBiRxrp6MeA/rAv9Kea47b8cgbTOo6rWv3ycFbx+1QtAWHoj1j0r2j+MXjYxF6b1P5r89GozkwRAprizBe6YC8A=,compact,4,10,,
run-20260903T230838Z-4891f68f,1,107,100,4,1788476919.122698,5867890000000,i01-g000004-n000000100,i01-g000002-n000000050;i01-g000002-n000000048;i01-g000002-n000000059;i01-g000003-n000000096,de_trial,116.72814526313749,,,,,real_vector,17997777acf26cea084d3c7b0e3d31df,ALbdNVmLn78+Hg/Ajeb+v7cDZ+qAOgXAUI1WVZzy6D8qQc3jCvUOwJDXFBNelABAyBS/Gh+KB8B4/5bpxMTXP1B8k9hk6A5AEmUAgWE7/D8=,compact,4,10,,
run-20260903T230838Z-4891f68f,1,108,101,4,1788476919.122698,5867890000000,i01-g000004-n000000101,i01-g000002-n000000051;i01-g000003-n000000081;i01-g000001-n000000041;i01-g000002-n000000048,de_trial,133.85069436478034,,,,,real_vector,97dbca90dca7aaa91841d11d407d7fcc,PFNdC+TrCMDSzFLC4RLjPwqEdShp+QfAJCWywPGVEEAgvT+SItm3vwg566tuafU/NN3Khcq20b/7K7385w/zv6oiWXYZUvM/fzvB48SdE8A=,compact,4,10,,
run-20260903T230838Z-4891f68f,1,109,102,4,1788476919.122698,5867890000000,i01-g000004-n000000102,i01-g000003-n000000076;i01-g000003-n000000081;i01-g000002-n000000069;i01-g000003-n000000097,de_trial,146.32749222930724,,,,,real_vector,8a785e1ff2c6667e4007400135291988,rnHvFECvCcBQqKy9VUf4P/2FYmBIJw/AnwjB/zUIBEBfjiAaIvvlv9kaq0enQe0/OPsDD/Ywxz/wcNjBJUrtP8LjCFc5lOA/JozpTVEHD8A=,compact,4,10,,
run-20260903T230838Z-4891f68f,1,110,103,4,1788476919.122698,5867890000000,i01-g000004-n000000103,i01-g000003-n000000077;i01-g000002-n000000060;i01-g000000-n000000022;i01-g000001-n000000041,de_trial,173.38681914130694,,,,,real_vector,1b51ecca05a6c410d54943881cd8bb2e,YBNfk4JLvr8ME+9oqb0RwNhePnuS1d6/flxu9kNdDcD2Ufhu8IgTwP67yHkfXu+/hiuuCbOCCcCtkgHnVTcDQODCx1E7yM4/gNq8E8D6x78=,compact,4,10,,
run-20260903T230838Z-4891f68f,1,111,104,4,1788476919.122698,5867890000000,i01-g000004-n000000104,i01-g000003-n000000097;i01-g000002-n000000049;i01-g000000-n000000020;i01-g000003-n000000077,de_trial,141.9997559143122,,,,,real_vector,d46052b2dc300c30740f1e52567b44bd,UxG6/oIUB0CNWyFBT4XxP2Y4wPwJ9vO/HqEAn5zfA8AzjOTeQCQCQCCyG3STCby/tsOgyyT/BcB488Fu9PblvwYtqelx7ApAgn9O64s2/L8=,compact,4,10,,
run-20260903T230838Z-4891f68f,1,112,105,4,1788476919.122698,5867890000000,i01-g000004-n000000105,i01-g000003-n000000079;i01-g000003-n000000087;i01-g000000-n000000022;i01-g000003-n000000081,de_trial,127.4148492235736,,,,,real_vector,0c63479187c90c7a7a1b21f686de6d4f,ku/GQbX58b+oPQ+61H7cv4WL+jwUbPY/4DT4kfAHzr9OOBcV9cT/v/TJv2lxYO+/WLlT76p1AsCcn92YLSwGQIDX7fmVTqg/7m0JvHznEkA=,compact,4,10,,
run-20260903T230838Z-4891f68f,1,113,106,4,1788476919.122698,5867890000000,i01-g000004-n000000106,i01-g000001-n000000032;i01-g000002-n000000061;i01-g000002-n000000060;i01-g000002-n000000049,de_trial,183.08427828618,,,,,real_vector,47bd54b1fba9a4f9f74e98f5d2a977f7,0kLGbmik+T9H5Hp1H4Lxv7Gm1Ody7BHAw2gZpTFfCMDAac5axTjXv+U442Y9owTATxdOr3gM+b9Dur4g6oL3vxR6GblPzA/AGDf8rFot6T8=,compact,4,10,,
run-20260903T230838Z-4891f68f,1,114,107,4,1788476919.122698,5867890000000,i01-g000004-n000000107,i01-g000003-n000000081;i01-g000002-n000000060;i01-g000002-n000000058;i01-g000002-n000000051,de_trial,89.22673662666013,,,,1,real_vector,ed3fbd88ebf7dbaa3f873089cb257ca7,"[-1.9918324946473402,-0.9177528692737282,-1.3220542764284553,-2.9302185015164817,-0.930975959292113,1.8489167258396484,-1.2179163182919537,0.49290417331871306,1.8285057148314001,-0.24479809631961125]",full,4,10,,
run-20260903T230838Z-4891f68f,1,115,108,4,1788476919.122698,5867890000000,i01-g000004-n000000108,i01-g000002-n000000058;i01-g000000-n000000020;i01-g000000-n000000022;i01-g000002-n000000048,de_trial,143.53477571257415,,,,,real_vector,868b83507c6bafaba293deef518e282e,kevXhlcaC0ApoMv/0GMRQP6E5N49tu6/atu0aG4W/L98NXwVsrrjv2vqxq0Vg/m/9tmOyMgh8T9NoL6orvcHQEwBkDoDxug/3/OGkzjM/b8=,compact,4,10,,
run-20260903T230838Z-4891f68f,1,116,109,4,1788476919.124169,5867890000000,i01-g000004-n000000109,i01-g000002-n000000059;i01-g000002-n000000049;i01-g000003-n000000096;i01-g000003-n000000097,de_trial,115.65896047777665,,,,,real_vector,ab9ce7867ae9007dcc6985e877bf8cac,bjt9jZYZ9D/6LK12y44CQMT9aOPMndU/qd5FdCIp8b8hpFuCAOf+P6rTbLv8fOi/9PJoa0laA8BdLgFAltD+PzDz2GIxMrw/q1HDsEKMEMA=,compact,4,10,,
run-20260903T230838Z-4891f68f,1,117,110,4,1788476919.124169,5867890000000,i01-g000004-n000000110,i01-g000002-n000000060;i01-g000003-n000000076;i01-g000003-n000000079;i01-g000002-n000000049,de_trial,122.62033773797506,,,,,real_vector,744b573097e51b94cb877bcd09dc0c52,eFIT5bBa779k8tRS3bYSQACjAsiyOvE/PEXzPI4qD8CY0alxFk3TP4C5lYrpjtC/aCle5GDjCMDANrqx3+//P7kitjFgSvc/PoifWjNU/78=,compact,4,10,,
run-20260903T230838Z-4891f68f,1,118,111,4,1788476919.124169,5867890000000,i01-g000004-n000000111,i01-g000002-n000000061;i01-g000003-n000000087;i01-g000003-n000000081;i01-g000000-n000000022,de_trial,164.61794538143468,,,,,real_vector,de74f6933cb138cf1635b4b3513c3e24,OKP07/n99784PSPOKw/gv8icuCSbPAXACmQiwrISE8AYw9N1wHzWv18SdOKB3wZAbFlqkqKP1z/Z/ovKQazwvxSghASSjQdAZBW2FzIU5z8=,compact,4,10,,
run-20260903T230838Z-4891f68f,1,119,112,4,1788476919.124169,5867890000000,i01-g000004-n000000112,i01-g000002-n000000062;i01-g000000-n000000023;i01-g000002-n000000048;i01-g000003-n000000079,de_trial,179.0352239548768,,,,,real_vector,feb3fd2a071dd3f758481ac647c1f6ba,5Fnq11k60L9hplyhI/cLwIT5fEkzjva/FFlVQbm297/wMlbTwqPVv7Gz3dJ5fgDAwGwpB9+j+b8tDK1uSEbsvyv7hQnrUAJA+MkvxqI5EUA=,compact,4,10,,
run-20260903T230838Z-4891f68f,1,120,113,4,1788476919.124169,5867890000000,i01-g000004-n000000113,i01-g000003-n000000087;i01-g000002-n000000060;i01-g000002-n000000061;i01-g000003-n000000091,de_trial,137.44797279661245,,,,,real_vector,b05799300186f8740f6a6ddac423cd11,ZcndmNf79L/y3cZ7OD/9vyRt3uyZFgjA4d5wv3r/EcDoeRri5ar0v0BGGXyQCJW/XbKQQLwXCMBeQC9nGazrPwStpb2Lfvu/LNYAaQMb978=,compact,4,10,,
run-20260903T230838Z-4891f68f,1,121,114,4,1788476919.124169,5867890000000,i01-g000004-n000000114,i01-g000003-n000000096;i01-g000003-n000000077;i01-g000002-n000000059;i01-g000002-n000000062,de_trial,180.65145859076824,,,,,real_vector,27082015e8b669ae8b7682177000225b,sLNHO5d13D9dml+sjzMQwMxDD5Gv7/M/vPEZ++Gg57/aDvEidgMKwNqTRJB25/y/HgRmsIJuBEC5RzAOPu4CQIkr/jSMkALAMg0OVaJOCkA=,compact,4,10,,
run-20260903T230838Z-4891f68f,1,122,115,4,1788476919.124169,5867890000000,i01-g000004-n000000115,i01-g000001-n000000041;i01-g000002-n000000050;i01-g000000-n000000022;i01-g000002-n000000061,de_trial,232.71236065863366,,,,,real_vector,142e30eb35da0c19de3209bfa35ac397,CyMbRLHWCsCaZzWNBEEUwEh0k2OlMue/1rllaUb9EUCtepJVrb4TwH7GLaTpbQFAwKrauBdj3r96u0u/9qUCQF5p1MaRVQRAujcGHAlVA0A=,compact,4,10,,
run-20260903T230838Z-4891f68f,1,123,116,4,1788476919.124169,5867890000000,i01-g000004-n000000116,i01-g000002-n000000066;i01-g000000-n000000023;i01-g000002-n000000061;i01-g000001-n000000032,de_trial,168.40597258550142,,,,,real_vector,be05474fde81674b9efd92f4a3ada1e0,SZ78nwKuAsCAL3rhJW4UwLpU5J0kKwPAumf+xsD4EcD4vSKvVpDXv06zwmNC+v6/DkCdXN6f7j87YXVPQRX2vyCJi7NZr84/pf3Ac4QQ8r8=,compact,4,10,,
run-20260903T230838Z-4891f68f,1,124,117,4,1788476919.124169,5867890000000,i01-g000004-n000000117,i01-g000003-n000000091;i01-g000003-n000000081;i01-g000002-n000000059;i01-g000002-n000000050,de_trial,185.4836488971631,,,,,real_vector,87930f82a39f8a00d805be493ce0bd1b,sqJXmZVKDMAAwIXFfaQCQLqXEBJ6ABTAB9dnAJd8DMAUDGoRn6Tev5jKuqfzjuG/2nTX+jCr8T8HyXjkx7nqv+yE+rpLvP4/Qt0qZdNC+L8=,compact,4,10,,
run-20260903T230838Z-4891f68f,1,125,118,4,1788476919.124169,5867890000000,i01-g000004-n000000118,i01-g000000-n000000020;i01-g000000-n000000023;i01-g000002-n000000048;i01-g000002-n000000058,de_trial,136.99176185518405,,,,,real_vector,42a006dc6241cf55a1a608c56d549e16,/Ns2hM8R7j+gAxo+sHwFwCAS7gC0pATA02yn1TRDAMDShsriDiD5v5AqkIccddm/YNLzU4xu6j8d6fNErYjvv03TWIWpSAhAC7vcyjVXE0A=,compact,4,10,,
run-20260903T230838Z-4891f68f,1,126,119,4,1788476919.124169,5867890000000,i01-g000004-n000000119,i01-g000002-n000000069;i01-g000002-n000000048;i01-g000003-n000000079;i01-g000003-n000000087,de_trial,111.87670244389518,,,,,real_vector,ce2e3b12343385679e06c4d3cc6c5df3,3csckSiT5b/lPUHZCzgAQGumwTxiGuA/rCx+pCnQ/r/rmSN4Gr7wv4F+iyUeWOI/02EDDJQz/798WY6/vSvcPzPUG+dJegbAdJkP8P316D8=,compact,4,10,,
run-20260903T230838Z-4891f68f,1,127,120,4,1788476919.124169,5867890000000,i01-g000004-n000000120,i01-g000000-n000000022;i01-g000000-n000000020;i01-g000003-n000000096;i01-g000000-n000000023,de_trial,121.62625742744635,,,,,real_vector,f44206e79c51afec6c9783319a420a7c,5H394iLJB0COHQuze3ABQEDbyxxkg+e/zrGYjwdEBcBLnfkS0On3P+y0YinGEdc/YFXv2hIh8T9s/Enievz2PwBchwGQALq/eq0dNj4GAMA=,compact,4,10,,
run-20260903T230838Z-4891f68f,1,128,121,4,1788476919.125369,5867890000000,i01-g000004-n000000121,i01-g000000-n000000023;i01-g000002-n000000062;i01-g000001-n000000041;i01-g000002-n000000069,de_trial,176.79123398817245,,,,,real_vector,ea14f16b7224edf001186355aa9d4477,EvWqKe56A8AkiypN954BwAiAQzBuoQjAtB2RziuiDECiO53wZ07/v64U7KD0J9M/MRnyiYPbC8AA0YnzvjPGvyYC36rU4g1Adlzpb0z2BcA=,compact,4,10,,
run-20260903T230838Z-4891f68f,2,121,114,4,1788476919.124169,5867890000000,i02-g000004-n000000114,i02-g000000-n000000016;i02-g000001-n000000030;i02-g000000-n000000017;i02-g000001-n000000025,de_trial,99.6696960548762,,,,,real_vector,28fa1497b5924570a694a50bc6d58574,AKwfegNSgb/4C8o80fz+PxTV7A0rbwZAsOcOnbm19b/aHxLEJnYUQFybELY6ce4/hP2pAF+g3D8QnlWLSgUBQDaQ1XFycgBAQGYy027Zp78=,compact,4,10,,
run-20260903T230838Z-4891f68f,2,122,115,4,1788476919.124169,5867890000000,i02-g000004-n000000115,i02-g000000-n000000017;i02-g000003-n000000077;i02-g000003-n000000084;i02-g000001-n000000025,de_trial,187.34135445336253,,,,,real_vector,1344eee37b08ad28a23c1740e8c98cee,NsF97h/hB0AyN3I/NUkHwE6K6dZocOU/htFHStQCDsA4jm+m94oQQNIUo77EWwXAq7m9Akl45L+qIjwlARH4P+j2zDQI9tU/Kok2zVXMC8A=,compact,4,10,,
run-20260903T230838Z-4891f68f,2,123,116,4,1788476919.125369,5867890000000,i02-g000004-n000000116,i02-g000003-n000000096;i02-g000003-n000000082;i02-g000001-n000000027;i02-g000001-n000000025,de_trial,99.97131347061391,,,,,real_vector,26f106b912929dacb48a6909035164e7,yJddvEr27j/ZMAYgftcHQDUOWmxtQghAjT0ry0vl9r+OF37yNhr/P8CgpfFk/JQ/COT6OzzH1b+kizDHGsXwPwT49Bgw/QtAUBhICDelAMA=,compact,4,10,,
run-20260903T230838Z-4891f68f,2,124,117,4,1788476919.125369,5867890000000,i02-g000004-n000000117,i02-g000002-n000000067;i02-g000003-n000000097;i02-g000001-n000000046;i02-g000003-n000000077,de_trial,160.24274648707257,,,,,real_vector,ef8036b399aebcd82a38069c5a6b4b9e,Q1+kdP49C8DqZKozo8DtP9VgRMmogfa/EkwZe+VxEEABOZ7zqb34vyhasy/kccG/mRoQHf3JD8BUc926dlT3vyBWLIb8ewJAABmRVetDyT8=,compact,4,10,,
run-20260903T230838Z-4891f68f,2,125,118,4,1788476919.125369,5867890000000,i02-g000004-n000000118,i02-g000003-n000000097;i02-g000003-n000000084;i02-g000001-n000000035;i02-g000003-n000000079,de_trial,137.75811569700932,,,,,real_vector,d89edc5ea88b8326cda3e738232fcc79,pBuIUVdy7D8oWv+3CRzIv65TAQmBK/O/WL2s42es6j/zpVyPGhcGQO4Y6bVlOBPALmXX9dXy+D/e6BWI7mPmPy4tX7lxMQXAFVZwC1luB0A=,compact,4,10,,
run-20260903T230838Z-4891f68f,2,126,119,4,1788476919.125369,5867890000000,i02-g000004-n000000119,i02-g000003-n000000093;i02-g000000-n000000017;i02-g000003-n000000097;i02-g000003-n000000084,de_trial,155.57097347879022,,,,,real_vector,88153430cae281da5bf2fc7151eaf2f0,0PbCBajsBsALOkcChxsDwKgUa1LkPwxA+dP6tzms6z+kngyKcFHfP223VHVJLvY/+yw+rgukAEACQwrCr8P7v1wnFP7fkAdAZF651rFB+78=,compact,4,10,,
run-20260903T230838Z-4891f68f,2,127,120,4,1788476919.125369,5867890000000,i02-g000004-n000000120,i02-g000001-n000000046;i02-g000001-n000000027;i02-g000003-n000000093;i02-g000003-n000000096,de_trial,167.8649972653986,,,,,real_vector,daf39f63b1c45bbda0ba2110008f0320,nsdH7Ekh/b8WjBAz5RQLQAkcj/bmMxBAKHfgZJOzDUDgbM3T9+gKQEiL5Z9bfPO/CDxe+w6t4j8qS5DhZE7sP+1Tv2wBqv6/orsqbzln+L8=,compact,4,10,,
run-20260903T230838Z-4891f68f,2,128,121,4,1788476919.125369,5867890000000,i02-g000004-n000000121,i02-g000003-n000000095;i02-g000003-n000000080;i02-g000003-n000000087;i02-g000001-n000000028,de_trial,157.37954073100383,,,,,real_vector,3257854d34b09df20b9d21511e209ed6,SEQXjvvJ0j/chg9go/ELwBmRWD+RyPK/sZvAuzZ8/T+iip7tsiHov/pAJ71yshBAyn/W6n9cAUBCXVC06U4UQPKtINVRi/M/uq5RMMqN4z8=,compact,4,10,,
run-20260903T230838Z-4891f68f,1,130,122,5,1788476919.126372,5867890000000,i01-g000005-n000000122,i01-g000002-n000000048;i01-g000004-n000000119;i01-g000001-n000000041;i01-g000003-n000000076,de_trial,143.62069302965674,,,,,real_vector,395f36757bfee2a59236131f86abd7c0,Mk/oFcBf9r8aPAqrBCH8v0gxSI7EjQDAxNh40PoD279Z6PuqU4P5v0KeRrVcjtG/8AXm/LGUur+2HPpDgqXov6U3QJpAGgbATtiapixHBEA=,compact,4,10,,
run-20260903T230838Z-4891f68f,1,131,123,5,1788476919.126372,5867890000000,i01-g000005-n000000123,i01-g000002-n000000049;i01-g000002-n000000048;i01-g000003-n000000076;i01-g000004-n000000110,de_trial,98.19037347051719,,,,,real_vector,b27190b6720f87d05dd79f49c48e797b,UpX3qSySAMAKOVv38ar5v/pRQWfuxde/dcDMtjIZ8j/W/d8VLiPqv9TqVHdcme+/9vZmp+sUB8AgIZAuvl2Qvx9n74mhTPs/MriueBEcBkA=,compact,4,10,,
run-20260903T230838Z-4891f68f,1,132,124,5,1788476919.126372,5867890000000,i01-g000005-n000000124,i01-g000004-n000000100;i01-g000002-n000000066;i01-g000003-n000000077;i01-g000004-n000000118,de_trial,172.10507006792218,,,,,real_vector,49c7127d3b68ac5a2905b8ae42e612ec,QvxbBUg2BsAK3LG3hDQMwLwuXHB5OeW/QJr/vVZ1oD/fSbenQ9D3P3TBYi8iJgnAHOThTpot9z+w1w1YaMrNP9AEIFYwqts/Q9RylInY978=,compact,4,10,,
run-20260903T230838Z-4891f68f,1,133,125,5,1788476919.126372,5867890000000,i01-g000005-n000000125,i01-g000004-n000000101;i01-g000004-n000000105;i01-g000003-n000000097;i01-g000004-n000000110,de_trial,153.69826801085395,,,,,real_vector,8d7279d146ed2a387c58e6cea5c0f53c,Fkin44IoBcBmIJrIeP8QwCN1pdnvb/o/8B8Rdd8p+j/tcF4bG3j7v+DcyH1OQsM/Ekb+GWzt+b+oeV0m8e7lP7HRn4wly+i/gB+bfYyjuz8=,compact,4,10,,
run-20260903T230838Z-4891f68f,1,134,126,5,1788476919.126372,5867890000000,i01-g000005-n000000126,i01-g000003-n000000076;i01-g000002-n000000062;i01-g000003-n000000091;i01-g000004-n000000109,de_trial,126.80003577851164,,,,,real_vector,3dada8bc7a7235261583421a4568daeb,rnHvFECvCcDgETRgUx+xvyezpPtKVPM/hgB43yWB8D9UbaBpVlcPwDJebvGhCtc/Ziuo8VWrEMC35+Ip5fX7P366HZdWbuc/7OIhkfTy4z8=,compact,4,10,,
run-20260903T230838Z-4891f68f,1,135,127,5,1788476919.126372,5867890000000,i01-g000005-n000000127,i01-g000003-n000000077;i01-g000003-n000000087;i01-g000004-n000000105;i01-g000004-n000000118,de_trial,144.6542983621956,,,,,real_vector,c68fdf7c241688917fd56578fa75a284,FnxnDZO+AsBkUEgppMQBwJpAPeZXK/0/QFGHfxowlz9IbWyyhQT2v25lDH3Zu+Q/Do6rUIJKBMAJHdnOMvIFQAAM7uy7dF0/fuMs8ElaBUA=,compact,4,10,,
run-20260903T230838Z-4891f68f,1,136,128,5,1788476919.126372,5867890000000,i01-g000005-n000000128,i01-g000003-n000000097;i01-g000004-n000000119;i01-g000003-n000000077;i01-g000004-n000000105,de_trial,139.69263202045775,,,,,real_vector,6ad1bf0d0722a906719df80ae186e330,mDG/FQmNtb/guYd6mXW/v4BbBOal2eY/5GjLWuAsA8BORiA4ebj3v1c7qsTtMOg/lpBLnklX4z/LzbquaLT4P4BjRNR1Lci/WEHy069J3j8=,compact,4,10,,
run-20260903T230838Z-4891f68f,1,137,129,5,1788476919.126372,5867890000000,i01-g000005-n000000129,i01-g000004-n000000105;i01-g000004-n000000107;i01-g000004-n000000100;i01-g000002-n000000048,de_trial,116.9817582092692,,,,,real_vector,032669c4ef3ed78e91c78a79f1551334,4WFDtr93+L8Y5Xcs4hHwv4WL+jwUbPY/1DRk+tL8AMCixIspY/8BwHfnEq+pLQhAvXYWxW4r+L+bQEPoifvjP4DX7fmVTqg/dD1hRRO07b8=,compact,4,10,,
run-20260903T230838Z-4891f68f,1,138,130,5,1788476919.126372,5867890000000,i01-g000005-n000000130,i01-g000001-n000000032;i01-g000004-n000000101;i01-g000003-n000000097;i01-g000003-n000000076,de_trial,144.28645493945217,,,,,real_vector,c3b7579c0b9fac72a07d7d4d29fd9832,AdVLYEIrDMBsJzXjZ+UKwEWTCGfhfQbAQKJa64Ii77+wwrrxwrHOv7yDbh+EdQlAakVRRAQH7j9uA6+r5jkJwKXbmuZY5+c/m7TuHOoVBsA=,compact,4,10,,
run-20260903T230838Z-4891f68f,2,130,122,5,1788476919.126372,5867890000000,i02-g000005-n000000122,i02-g000003-n000000072;i02-g000004-n000000108;i02-g000003-n000000079;i02-g000003-n000000081,de_trial,127.90212345300594,,,,,real_vector,0736041185e17f6de92a3ee1722aff13,wJ1Ycf02/r/+rRuyfhTQv8Ya0gs3j/K/Xu4pvvBJFEBkKx+ROFLcv1TMO6HKv/O/Rm12x6XWCsDJrLlYIULyP/jVfXnp0AjA1FEzOFcQ6z8=,compact,4,10,,
run-20260903T230838Z-4891f68f,2,131,123,5,1788476919.126372,5867890000000,i02-g000005-n000000123,i02-g000004-n000000099;i02-g000004-n000000111;i02-g000004-n000000102;i02-g000004-n000000108,de_trial,168.06537017747434,,,,,real_vector,59a3021020000b2818de667f233fae61,W+0uvistCUAihw/0ntjdP3ACkNdlxLY/n2qOVKtUEsDq4KsciisPQD22x1J+ugfAaH8EB+N79z+2nzdxqSfUv6jcYpdvxdA/vLgfQJ6XAkA=,compact,4,10,,
run-20260903T230838Z-4891f68f,2,132,124,5,1788476919.126372,5867890000000,i02-g000005-n000000124,i02-g000004-n000000100;i02-g000004-n000000099;i02-g000001-n000000046;i02-g000004-n000000109,de_trial,175.0502999532265,,,,,real_vector,4b1435db05442172b19e202698f2e619,sCf6ZaLg3D8nj0Fe0qf/PzJ9KhtihwVAeJgVkMQkDEDuGbM+IxTkP1YtC56MQPq/tCJ7vtlD1D8GHkf1UPX/P6K8Eu6HYA1An1WYXrlNBkA=,compact,4,10,,
run-20260903T230838Z-4891f68f,2,133,125,5,1788476919.126372,5867890000000,i02-g000005-n000000125,i02-g000001-n000000027;i02-g000004-n000000109;i02-g000001-n000000046;i02-g000003-n000000084,de_trial,145.57342362473216,,,,,real_vector,20c74afb7c0d13f8bbe4f6d42200bbdb,MLQ4qDqyEUD80zOTPOkDQADcWBgOO8S/QhwbTKLt8r8qEMDfLlEGQKiWBKrbhPQ/UADuDNL+7T+mOgJsKs/oP2yhHyqAxP0/fBtEMOhKBUA=,compact,4,10,,
run-20260903T230838Z-4891f68f,2,134,126,5,1788476919.126372,5867890000000,i02-g000005-n000000126,i02-g000004-n000000102;i02-g000004-n000000109;i02-g000003-n000000087;i02-g000003-n000000093,de_trial,131.38350447616477,,,,,real_vector,794bd7170e7e741bc1f029d7555b13d6,zk0u1cUNBUCMTrbgAdnov1yOYDA2awPAarE2xam10D/QWImhK3WvP0T+Au53INo/7Hmj81hAAkAiVoslxs0FQEDHnyDhv5c/w4SNffYFAUA=,compact,4,10,,
run-20260903T230838Z-4891f68f,2,135,127,5,1788476919.126372,5867890000000,i02-g000005-n000000127,i02-g000003-n000000077;i02-g000003-n000000079;i02-g000004-n000000116;i02-g000004-n000000100,de_trial,154.77869092591368,,,,,real_vector,da9eaff53d06161f95f01343269164ac,cjBEovlOA0DMgoEqJeH5P5L9b7eaUhRAtsyQegvfAUDwxCdTQk4AQL44MIDDU/E/tlhiOQSl978+/+IiLEUEQFDNjvS/ybQ//PWIyC1P9D8=,compact,4,10,,
run-20260903T230838Z-4891f68f,2,136,128,5,1788476919.126372,5867890000000,i02-g000005-n000000128,i02-g000001-n000000030;i02-g000004-n000000117;i02-g000003-n000000080;i02-g000004-n000000116,de_trial,154.24347041333544,,,,,real_vector,7117ae94a2c9af6beb394ea8d97dd752,gZcTCWj9CMBcTddpfxUBwLicbqiP4gXAT4OrsUPmEUCIO4gJTH0AwGYmdu9oHABA1lcwQDpkEMAsa39KQf3fv7rDoM/tAP0/4r30Lbuc4z8=,compact,4,10,,
run-20260903T230838Z-4891f68f,2,137,129,5,1788476919.126372,5867890000000,i02-g000005-n000000129,i02-g000003-n000000079;i02-g000003-n000000097;i02-g000004-n000000117;i02-g000001-n000000030,de_trial,171.46547201274063,,,,,real_vector,4fc184651bf0c86639a0d8303f97af68,lk6A20IOFMAsDK9kut0DwM2ZM3naHwLAcGwwOKoeD0BWevxt9zEOwJy8i2ING+y/RPhlNeRIEMC8jc6oHY4AwH4WTKzyzwpA9P4NgOotB8A=,compact,4,10,,
run-20260903T230838Z-4891f68f,0,127,120,5,1788476919.125369,5867890000000,i00-g000005-n000000120,i00-g000002-n000000048;i00-g000000-n000000009;i00-g000000-n000000020;i00-g000002-n000000049,de_trial,126.82863178902176,,,,,real_vector,9cabbee141d5d512a7e2332abbee940b,EFUoQUTYtz+4fUACgob/P7NQ/obISAbARICj36vj7T98t4BAZhoOwABxW+ZsbKC/eA/nYOsPFEAgzNyXM8rYv1BpBoKADPq/LKn4U5/I478=,compact,4,10,,
run-20260903T230838Z-4891f68f,0,128,121,5,1788476919.125369,5867890000000,i00-g000005-n000000121,i00-g000002-n000000049;i00-g000002-n000000071;i00-g000004-n000000100;i00-g000002-n000000053,de_trial,152.9413022382057,,,,,real_vector,16c75ef571cb45c31530fabd3da02311,cSOMdA6PAkD5hJig+L8GwP6PdTAMtAXAtdeiVtrO8T/sP19wL1DVPzSBgZL9mNO/kIV9/3NqDkB2GEzrLuUPwNCMNkI+Ksi/ZazxShWzE0A=,compact,4,10,,
run-20260903T230838Z-4891f68f,0,129,122,5,1788476919.125369,5867890000000,i00-g000005-n000000122,i00-g000000-n000000002;i00-g000002-n000000062;i00-g000004-n000000118;i00-g000003-n000000078,de_trial,130.43202235489065,,,,,real_vector,4f40b93204a7ac6a0e44a2db8ba04e14,rHZtHVvc7j9pzTpOc3AHwDz8uBhjPQHAqrB8lwCBBEAAwaaXrdSvv4TOpcLQONi/og+8paK7CkAFZ6/F8mgBwAAZVVrW/QVAgn9O64s2/L8=,compact,4,10,,
run-20260903T230838Z-4891f68f,0,130,123,5,1788476919.126372,5867890000000,i00-g000005-n000000123,i00-g000004-n000000099;i00-g000002-n000000059;i00-g000002-n000000058;i00-g000000-n000000017,de_trial,180.90567047586558,,,,,real_vector,19debd1a2826d8eed7661a0411e19475,BNXsQ4vK278NMYWnvG4BwJDgunOZhLe/UR/wIsq09z/6IswzCojjvzI6HMUvwOC/pre+Ys2HEkAKr7mnEzkFwAN5qoul7fG/zAYuYzb7DUA=,compact,4,10,,
run-20260903T230838Z-4891f68f,0,131,124,5,1788476919.126372,5867890000000,i00-g000005-n000000124,i00-g000004-n000000100;i00-g000002-n000000048;i00-g000000-n000000009;i00-g000003-n000000078,de_trial,163.59562699718018,,,,,real_vector,acbd7d9168a9d88631519b06a8f37efe,SWJQw9BMAcArKRHhYODxvzrq3T6qAvi/Z0eznwRD8L8wJ9R6VhTZP6DJvN1ZuwNAxBEtAFx04j8ADsGoimqGvwTcEPIgABPAETbAkzCYC8A=,compact,4,10,,
run-20260903T230838Z-4891f68f,0,132,125,5,1788476919.126372,5867890000000,i00-g000005-n000000125,i00-g000002-n000000053;i00-g000002-n000000056;i00-g000003-n000000078;i00-g000002-n000000062,de_trial,117.24073082793387,,,,,real_vector,0359513e4e89de4189f059a34e238333,5H3N51R68788KhLUU4cIQEBwwchAs86/WN/nChQF2L+AJf4cuUgAQGDLpmtt6e2/CEfSjf2y6D9Uo0zPsqETwK7yGTcLXRPAhKX4fl297b8=,compact,4,10,,
run-20260903T230838Z-4891f68f,0,133,126,5,1788476919.126372,5867890000000,i00-g000005-n000000126,i00-g000003-n000000078;i00-g000004-n000000117;i00-g000002-n000000071;i00-g000002-n000000058,de_trial,177.88657225164354,,,,,real_vector,12e708c6247a0cc011c9c826cffb528e,ow8FzwvP+r8+cSZD/bL2v7GEsqKFGPW/sHJb8odfBMC+aNuY9QcCwKL8Tj711P8/e+cs+id8AEBCo8DQkMcPwPHCQ+iu8BHAMo6nOzQUD0A=,compact,4,10,,
run-20260903T230838Z-4891f68f,0,134,127,5,1788476919.126372,5867890000000,i00-g000005-n000000127,i00-g000004-n000000103;i00-g000004-n000000115;i00-g000004-n000000099;i00-g000002-n000000056,de_trial,150.4298893231229,,,,,real_vector,a2f234e905eecffc0b954620577563f3,CmntYlMv+78xD5K+VDUEwC62U1Uyi/Q/Tem4OKiT/T+ZTiopkN7jv6jA2OiAowlAVgyaVaRe779McwmvuI8IwICfZpQjyvS/VlyiojarE0A=,compact,4,10,,
run-20260903T230838Z-4891f68f,0,135,128,5,1788476919.126372,5867890000000,i00-g000005-n000000128,i00-g000002-n000000056;i00-g000000-n000000017;i00-g000002-n000000058;i00-g000002-n000000049,de_trial,153.14499783483842,,,,,real_vector,cf20440db40122abdf146730d8025da0,4oz2e/s/EcCkeIPA2GL+P8zS9+4c5AXA2MGFC5Ti+7/q6jw0Tt/vP+3mcvWV2QnAQuzX2zTj/784k6SU20oKwBIYxaWNXfY/EBjEgdifD0A=,compact,4,10,,
run-20260903T230838Z-4891f68f,0,136,129,5,1788476919.126372,5867890000000,i00-g000005-n000000129,i00-g000000-n000000009;i00-g000004-n000000100;i00-g000002-n000000071;i00-g000003-n000000085,de_trial,141.78566838696736,,,,,real_vector,e9a57a4a10f9e49f1bcefcaadf3a9b93,XU5MUwNjEMA5B/WhXHn6v+Ub0W6lgRPAAGjaGHOpXb9MwzBxDhX0P2QXXoGHXOu/ZImlwyth/T90pevWunzQP34D973N5uw/+M6AWdULEkA=,compact,4,10,,
run-20260903T230838Z-4891f68f,0,137,130,5,1788476919.126372,5867890000000,i00-g000005-n000000130,i00-g000002-n000000058;i00-g000000-n000000009;i00-g000004-n000000117;i00-g000000-n000000020,de_trial,161.05565216570022,,,,,real_vector,5073ab491aa5220636d7d92b2f6ae32f,xpyMa9yjBcBaT/tyKXbovwAxEoWqGJW/8H5jpUn/w78Oazs9xHsRwIrOAM/TH+c/Zns4oHHA+D9Ukdi9AsYSwEDJTsuAMM+/ysIl2Q9R0T8=,compact,4,10,,
run-20260903T230838Z-4891f68f,0,138,131,5,1788476919.126372,5867890000000,i00-g000005-n000000131,i00-g000002-n000000059;i00-g000004-n000000108;i00-g000001-n000000040;i00-g000002-n000000056,de_trial,219.11317415691104,,,,,real_vector,45d91e8fcd67d9f4141a7ea3e94571b2,H63JaQjeEcC4T8l360zwvz8LUqcjXwNAgLy28S5t+z9GCvx/FEn4P21eiyA7/OM/ANMX+JAZ3z/4ZXbMD18DwBl3BFiojQzA+hXnPoWs+D8=,compact,4,10,,
run-20260903T230838Z-4891f68f,0,139,132,5,1788476919.126372,5867890000000,i00-g000005-n000000132,i00-g000004-n000000108;i00-g000004-n000000117;i00-g000002-n000000059;i00-g000000-n000000020,de_trial,215.20674181505922,,,,,real_vector,5576702af53dd1bea200a829871e77d9,GJ/y1KQwDMAgHxHD4Er1v2DGjfnKH8A/uBizjLYi1j/2J5K3sh0CwON5iSykqBNAASoAGLdxDkAWA9ctf8oRwDxNXJ3vkQ7AIKTXsgGsBEA=,compact,4,10,,
run-20260903T230838Z-4891f68f,0,140,133,5,1788476919.126372,5867890000000,i00-g000005-n000000133,i00-g000003-n000000085;i00-g000004-n000000100;i00-g000000-n000000020;i00-g000004-n000000115,de_trial,148.09088177754592,,,,,real_vector,382c13cd9838d0a1deef8daed0c7579c,QhO7/XUWAsBItpYJWaYBQMpknnK7ZgjAEHdUcdRP779G7qVFvEsDQAReq0LuxQPAqJ28oLtSwL8Jw0HVBLMQQNvDl2E9hwLAksPZEtNX5r8=,compact,4,10,,
run-20260903T230838Z-4891f68f,0,141,134,5,1788476919.126372,5867890000000,i00-g000005-n000000134,i00-g000002-n000000062;i00-g000004-n000000114;i00-g000000-n000000017;i00-g000004-n000000108,de_trial,156.7182687354205,,,,,real_vector,eb2e9fdf25ddad74b096011985b119a9,vwEpigcLCkAszg7hbKoBQGjM0EBVgc0/gGXdnvuw+78S04/iszQCQNogmqTSTf+/gyae8PgsEcC+p+TZKW8QQIbh6ym2Pg9AgCVF9Xo20j8=,compact,4,10,,
run-20260903T230838Z-4891f68f,0,142,135,5,1788476919.126372,5867890000000,i00-g000005-n000000135,i00-g000003-n000000087;i00-g000004-n000000100;i00-g000002-n000000048;i00-g000002-n000000049,de_trial,121.71245312615672,,,,,real_vector,75e847a57c225764a187d351104db23f,jELtVqNoB8DLl/oTkBX/P6iOiPWkqQ3ABtrajqA3CMDfJ3dnMyQKQLS1ZCm5xcU/YIT9rRaEyT+2Yx9XYNIJQGDKzEDFDqY/aIROwfdn2r8=,compact,4,10,,
run-20260903T230838Z-4891f68f,0,143,136,5,1788476919.127370,5867890000000,i00-g000005-n000000136,i00-g000001-n000000040;i00-g000004-n000000103;i00-g000002-n000000059;i00-g000002-n000000062,de_trial,128.6454322026334,,,,,real_vector,48c848536bc7c83d16ffb36d38d3497f,vV4ct3Dp6D9Q4ZPECNLWP2QZ+VTjYPa/Fji3tEngEcAEYNIfDvTPv57LrFfTgeQ/jMRhKr60778G0ZW496vmv+il3T1Dxe4/aE0siOjT8L8=,compact,4,10,,
run-20260903T230838Z-4891f68f,0,144,137,5,1788476919.127370,5867890000000,i00-g000005-n000000137,i00-g000000-n000000017;i00-g000003-n000000087;i00-g000000-n000000020;i00-g000002-n000000056,de_trial,125.8378533170646,,,,,real_vector,00bd3576e09bb7c96234b79bc3f2c6d2,3rUjGg6p8j+f+BnDrxX0v1U5sBGIQQTAqDUYqJXQBsA943d8pzYFQFhLnKYoiLE/upO2tAEH/T8sZy5Afy/wPxV0c4GsEAjArmiAco+3DUA=,compact,4,10,,
run-20260903T230838Z-4891f68f,0,145,138,5,1788476919.127370,5867890000000,i00-g000005-n000000138,i00-g000004-n000000114;i00-g000000-n000000020;i00-g000000-n000000009;i00-g000002-n000000071,de_trial,137.55683395312423,,,,,real_vector,31a99fd5204562fcc7cc8d67950bdc4f,4kQSNzx5D0BY1CHTFVL+PymStzOGcRPA9OmSHZ8VBUBZI5mLvEP7v/DK3XfBNgDAkIvhh4fX5z9Qkdl8nOEPQOQv5Hurfuq/YuUZvibkCMA=,compact,4,10,,
run-20260903T230838Z-4891f68f,0,146,139,5,1788476919.127370,5867890000000,i00-g000005-n000000139,i00-g000004-n000000115;i00-g000002-n000000048;i00-g000001-n000000040;i00-g000003-n000000078,de_trial,162.45000595763034,,,,,real_vector,1fe37d19f482c7dde65705c71ba4a579,gTe8evn4EcB4qQRlxaYQwBKOxsU4OPU/+IcMlh9hzD8YbhlcpHf4PzSsmB94ZeE/9IczXfZGAMBtcpx1Udfwvxja8z85QAjAFH+LllZaAsA=,compact,4,10,,
run-20260903T230838Z-4891f68f,0,147,140,5,1788476919.127370,5867890000000,i00-g000005-n000000140,i00-g000000-n000000020;i00-g000000-n000000017;i00-g000002-n000000059;i00-g000003-n000000078,de_trial,160.58404600423617,,,,,real_vector,79ada15d2c3246c574d5ab86ef5df372,gsHwen5T+b/LXVQomOb/v9RoDkp/Nw7AuM0L6n+DA0BAcW1a2oKyPzqpWdDESRLA6IlnXffK5z/OQGtTVkAPQHgS5WtCgAfAJ1fUCf9DCEA=,compact,4,10,,
run-20260903T230838Z-4891f68f,0,148,141,5,1788476919.127370,5867890000000,i00-g000005-n000000141,i00-g000004-n000000117;i00-g000004-n000000115;i00-g000002-n000000049;i00-g000000-n000000002,de_trial,142.4874291999869,,,,,real_vector,a916e4e6a1a6b0b2a321327822f8ab2d,fJjDynyg/j9A1KTGrsClP4cvu8PBEQLAWgZ49tOqDEBgpSBfY6vBv3tS+79ezABAOF9nAK1Z0r/aS4ZG5kMRwOX+nzwQARPAgMyS0mBLvT8=,compact,4,10,,
run-20260903T230838Z-4891f68f,2,138,130,5,1788476919.127370,5867890000000,i02-g000005-n000000130,i02-g000003-n000000080;i02-g000004-n000000108;i02-g000004-n000000109;i02-g000002-n000000062,de_trial,158.75541421260982,,,,,real_vector,e3713371003fd6c40938626fbc9f9a96,gC5H7tKD+T9E3EcEHJDMvyweBADSoArASgczLbSE5r/+ajWvCWvtv6gt5cfgOOY/5r2ddQ155r9b3tXLs7cHQHh9DtMNGRLA/rj/t63+878=,compact,4,10,,
run-20260903T230838Z-4891f68f,2,139,131,5,1788476919.127370,5867890000000,i02-g000005-n000000131,i02-g000003-n000000081;i02-g000000-n000000017;i02-g000004-n000000100;i02-g000003-n000000072,de_trial,160.93048940385765,,,,,real_vector,bb3921842dc6809e07ff1e17b052d00e,vyrdLWkQD8DCCjTETSLxvxFnBL2XVBRA5EUyvpJX6j+gs8XJCpsGQFCpqeNNWwBAEDuaIhGCEkAsK2aWqWXyv8+0aaz+PRJAzLnG7IdDxz8=,compact,4,10,,
run-20260903T230838Z-4891f68f,2,140,132,5,1788476919.127370,5867890000000,i02-g000005-n000000132,i02-g000004-n000000108;i02-g000004-n000000100;i02-g000003-n000000081;i02-g000004-n000000102,de_trial,181.64318239179045,,,,,real_vector,c48bf4685829d6e1861872c16a8fc397,hW1jjHIKA8AepKeHNqwDQEQiMob4Q9g/Ppl5A2zfEUBjnz1o/oH1v4DNHSYaf9e/9KlmB2Tu6j+E0jQIGKf4v+HGVH36AP0/h2071hI56z8=,compact,4,10,,
run-20260903T230838Z-4891f68f,2,141,133,5,1788476919.127370,5867890000000,i02-g000005-n000000133,i02-g000004-n000000109;i02-g000000-n000000017;i02-g000003-n000000095;i02-g000001-n000000027,de_trial,156.77223242258296,,,,,real_vector,d36a239365641bfe9ab1226e2c2d11d8,SKZAKy/Q7T8hycm6iUUIwLRWT2ZZPgtA6hxWj4kv2b9gw36coFHkP9RsbGKGy9q/R/9+Gjj9EUDkRBsqRqnqv4xmyvlYHABAedgBKHcL9D8=,compact,4,10,,
run-20260903T230838Z-4891f68f,2,142,134,5,1788476919.127370,5867890000000,i02-g000005-n000000134,i02-g000003-n000000084;i02-g000004-n000000100;i02-g000004-n000000117;i02-g000003-n000000080,de_trial,160.0549893213359,,,,,real_vector,a434074cb00f4314b24cfe4846efdaf5,Ue8iAoGSE8AtcSpe8xIQQKARMEpHp5U/1KY0y4knEUA38U5dQyzwvyCFhtxJFhHARctQXzAD9r9xYt6hDBYAwPNfCsNzmwxAnH3vSa1M7j8=,compact,4,10,,
run-20260903T230838Z-4891f68f,2,143,135,5,1788476919.127370,5867890000000,i02-g000005-n000000135,i02-g000004-n000000111;i02-g000001-n000000046;i02-g000003-n000000084;i02-g000003-n000000077,de_trial,166.11515234310335,,,,,real_vector,206a2a2ad1c4f0973971e9495809ae44,utVjCMy2EsD+w4mEyjkMQOrXzTZ/XuI/3pW1wkMiAEDOS9OHlrMAQAgHmh/i7QfAFJ9+8iNIB8CFY9sygwjsP4L6+XHqEN2/EsMDpF0xFEA=,compact,4,10,,
run-20260903T230838Z-4891f68f,2,144,136,5,1788476919.127370,5867890000000,i02-g000005-n000000136,i02-g000002-n000000062;i02-g000003-n000000077;i02-g000004-n000000108;i02-g000003-n000000097,de_trial,167.32552460830019,,,,,real_vector,0d43e7492079696b6ac292fd07eadd32,sq4mmpsqCkDAWyexr0MAwHKm9VnEZeW/xNrXkIOPD8BHPv+MIBEEQLwOidnaG9k/vC46BPJM17+gACp0YvvWP9fW8Ea11ArAl1WVVFdtAMA=,compact,4,10,,
run-20260903T230838Z-4891f68f,2,145,137,5,1788476919.127370,5867890000000,i02-g000005-n000000137,i02-g000003-n000000087;i02-g000004-n000000100;i02-g000001-n000000046;i02-g000001-n000000030,de_trial,193.65836475868326,,,,,real_vector,93f2675d00d84ea82169c8158cab161b,4/r/j3sME8AecuppX+kAQFSrzzv7V/4/ZNoAIUM6AkC4uzcrJVrRvyawKtLa5xHAPhMxms88479C59kYDWcRwL/Y48OaPg9AqtOyA4Xw5z8=,compact,4,10,,
run-20260903T230838Z-4891f68f,2,146,138,5,1788476919.127370,5867890000000,i02-g000005-n000000138,i02-g000004-n000000114;i02-g000001-n000000046;i02-g000004-n000000100;i02-g000002-n000000062,de_trial,180.4492946002723,,,,,real_vector,435b3031896e8fd1353f2727c31602fb,KRgIzLDzDcB3/BNiNgQDQKZobEs4Bd0/hM6RAKjH4r9WjpjvL5H3P8pp+P9mH/i/YiFgEYhTBMB+JUvLKD7uv0hEchC6l9K/VOiu4kFiAUA=,compact,4,10,,
run-20260903T230838Z-4891f68f,2,147,139,5,1788476919.127370,5867890000000,i02-g000005-n000000139,i02-g000000-n000000017;i02-g000003-n000000087;i02-g000004-n000000100;i02-g000004-n000000116,de_trial,130.75420664254113,,,,,real_vector,e6a0f827f0f86ddaa852c55dd8367ba1,jYyMkSw3A8AMvhZpS2/2vwC0S0UQvhDARKT11r7UBkCKtgKl/r4AwHuVYBTmSg/A87AxFQL95796UKeiY10AwGCp7VEpuwfAUjs3V6zP/z8=,compact,4,10,,
run-20260903T230838Z-4891f68f,1,139,131,5,1788476919.127370,5867890000000,i01-g000005-n000000131,i01-g000004-n000000107;i01-g000001-n000000041;i01-g000004-n000000109;i01-g000002-n000000062,de_trial,103.29646323712737,,,,,real_vector,3c14a51c4acd2c157a89836473fa3d05,Hj2ez0O1CMAk/qz0BQPUP2iFsyQPfQXARruCzfbh9T9mq14NgyX8P/vVg+Xlmeq/KEbOFXDx1L9gB/ZXZJHrP9jR2teY77O/ALaJ5XtygL8=,compact,4,10,,
run-20260903T230838Z-4891f68f,1,140,132,5,1788476919.127370,5867890000000,i01-g000005-n000000132,i01-g000004-n000000108;i01-g000002-n000000048;i01-g000000-n000000023;i01-g000004-n000000110,de_trial,160.65891122655248,,,,,real_vector,9a63cadb5f040f7aab73898455f1035f,qH6Q1KBO4b8poMv/0GMRQCyFzei66Pe/8MDYeoOCx79dW3LZchf3vzL77QWGtty/jslwYOnW8L/gosj5Sj/vv0wBkDoDxug/KE6fLJnxE0A=,compact,4,10,,
run-20260903T230838Z-4891f68f,1,141,133,5,1788476919.127370,5867890000000,i01-g000005-n000000133,i01-g000004-n000000109;i01-g000004-n000000101;i01-g000002-n000000062;i01-g000002-n000000049,de_trial,165.69538914125903,,,,,real_vector,0a29939ab75267c72f22b6affbdd1103,bjt9jZYZ9D+IDjVNoxgGwMhQk/kldBHA0ZycqpgwAEA+fJAztYb0v1iZjUktRf8//EA+tLP7379UVZ78HzsCwJcs9xaJQfk/q1HDsEKMEMA=,compact,4,10,,
run-20260903T230838Z-4891f68f,1,142,134,5,1788476919.127370,5867890000000,i01-g000005-n000000134,i01-g000004-n000000110;i01-g000003-n000000091;i01-g000004-n000000109;i01-g000003-n000000076,de_trial,149.37693653780258,,,,,real_vector,8f9cba59b2b6e3aa7441f005242f8dd5,VqNGKWjECEBwIZJNP0DMv3jHf+Xf3gnAkS31zQh1EMCYWj+An8wDwBnYV2ge0fm/sti+cpOn/z9gWqT3A6+Sv25G1X4/U/g/ZM/1o2HZ9T8=,compact,4,10,,
run-20260903T230838Z-4891f68f,1,143,135,5,1788476919.127370,5867890000000,i01-g000005-n000000135,i01-g000002-n000000061;i01-g000003-n000000087;i01-g000001-n000000041;i01-g000001-n000000032,de_trial,130.8818731979054,,,,,real_vector,34f11a54aac88d064065a142ee504c0a,nBq8KBP8/b9O6aOsrZAPwMicuCSbPAXArOuORToY8j+Sl6JARdUCwH3diVQ+R/E/6+QUqFK18z/gkZ6pbr2vv1o+QI0wJvk/R/u43IDLEEA=,compact,4,10,,
run-20260903T230838Z-4891f68f,1,144,136,5,1788476919.127370,5867890000000,i01-g000005-n000000136,i01-g000002-n000000062;i01-g000001-n000000041;i01-g000003-n000000097;i01-g000000-n000000023,de_trial,200.34760939255366,,,,,real_vector,4b224d391f2bd1d239ce51b937675d4c,dOP5tqMEDMAs9K1cWPjnvxZTM1RtBwXA7q+JE6MLEUCEPoJbEoLgPx5d5pnC0fU/DHX4GH968b+xK1XQMsv6v6ReM65mqeG/yn6TIf3oA8A=,compact,4,10,,
run-20260903T230838Z-4891f68f,1,145,137,5,1788476919.127370,5867890000000,i01-g000005-n000000137,i01-g000003-n000000087;i01-g000004-n000000101;i01-g000003-n000000096;i01-g000003-n000000076,de_trial,137.58476120390094,,,,,real_vector,06ca57e01680914586b9b0d6369f08ef,UvnNqAjqB8BPbiwF/2z/v7sglMubWAjA3Rh9mCleEEDufRH+wHXqP8JzKwkaFQVAOkbquMIz6T+uHFWCEBICwPjdsZEhaNS/36TS8jcJEcA=,compact,4,10,,
run-20260903T230838Z-4891f68f,1,146,138,5,1788476919.127370,5867890000000,i01-g000005-n000000138,i01-g000003-n000000096;i01-g000004-n000000101;i01-g000000-n000000023;i01-g000002-n000000062,de_trial,151.79193788693115,,,,,real_vector,66b978b5e076d5ebbe793592ff1ff78d,cse1MT37AcC2tHhwwPHuv6ko1kZNeAPAwGCkBhJg+z+sf3N6yFPjP3reyEI74eA/vkSMe4WK6j+b9TnMgZrmvw0Xmldqg/g/JMG1ru5FBsA=,compact,4,10,,
run-20260903T230838Z-4891f68f,0,149,142,5,1788476919.127370,5867890000000,i00-g000005-n000000142,i00-g000004-n000000118;i00-g000000-n000000020;i00-g000002-n000000058;i00-g000004-n000000114,de_trial,156.41610458668998,,,,,real_vector,e9b00d4a71b0e7598c5b49719c20913d,0CK2CtFC4z8QY7kFgNPYv/RX4Jd4RPy/yLUPRdM3BMDoM6kufGLxv3Z7E0ir6QTAFgG23LDu9L/7QWWxltoKQG5WqlciaAhAH0CKUw9D8T8=,compact,4,10,,
run-20260903T230838Z-4891f68f,0,150,143,5,1788476919.127370,5867890000000,i00-g000005-n000000143,i00-g000002-n000000071;i00-g000000-n000000020;i00-g000002-n000000062;i00-g000002-n000000048,de_trial,193.7086921540124,,,,,real_vector,26135a0cafa3d4571dfa6e00d17205b0,uFVeC+HdEEDC3PEzCyrnv+wBZH0srgfA5M0LiEdfB0BlPeOskh/4v/e/miBfZRHA1e6hlRq2+D8SStrRZ8MIQMBdeNmAzRBAUhiyZWiL+L8=,compact,4,10,,
run-20260903T230838Z-4891f68f,2,148,140,5,1788476919.128462,5867906000000,i02-g000005-n000000140,i02-g000004-n000000116;i02-g000003-n000000081;i02-g000003-n000000093;i02-g000000-n000000017,de_trial,154.85389936684254,,,,,real_vector,fc4ad92bb7a5fcbbb7a5f0d7292ffa3e,yJddvEr27j8mpM5pFCoSQGuzXz294ArAnCnAskPO9j+8oG4NLXbYvyfFsK5qhPA/hhcPYI388b9IFfkZ9bfPPwpUJhVN3ee/qxrWpIRc+T8=,compact,4,10,,
run-20260903T230838Z-4891f68f,2,149,141,5,1788476919.128462,5867906000000,i02-g000005-n000000141,i02-g000004-n000000117;i02-g000003-n000000095;i02-g000001-n000000046;i02-g000003-n000000084,de_trial,108.83275470938995,,,,,real_vector,35bd61a5086c5c68d58f9681cbcf196d,9t7CwOvf+z/yJ89TYZ7sP9VgRMmogfa/UGH0PIPtvT/0UmdP1zTsvxoHD5P3QwdAYLGln6M45z+3k1wtCEANwOwjiF+2p/8/0H3Qj0HF578=,compact,4,10,,
run-20260903T230838Z-4891f68f,2,150,142,5,1788476919.128462,5867906000000,i02-g000005-n000000142,i02-g000003-n000000097;i02-g000000-n000000017;i02-g000001-n000000027;i02-g000004-n000000116,de_trial,197.95028865454088,,,,,real_vector,77fe424548f1f431355bb5ee51980c44,VA/3+a8QE8DGR/7oat4FwMPVzASyRRJAIdwesurTBEA4Y4wR0lcGQORjmvjLEes/hNgnDotoC0BV8+sJw1D9PxbjzrmiCum/My3zpbLn9D8=,compact,4,10,,
run-20260903T230838Z-4891f68f,2,151,143,5,1788476919.128462,5867906000000,i02-g000005-n000000143,i02-g000003-n000000093;i02-g000001-n000000046;i02-g000003-n000000084;i02-g000004-n000000108,de_trial,137.84858993972153,,,,,real_vector,5004e294d68a0dc0402079c085fad9b0,ifc/0bZwAMBSMnYM6q/7P+Rhv+z0P/M/sBrB6OexAcBYzI6mq1oLQAEcLJ3/IALAvp0AcBhuAMCAolbvS2qcP+F4f7bVGOQ/iept+UUSC0A=,compact,4,10,,
run-20260903T230838Z-4891f68f,2,152,144,5,1788476919.128462,5867906000000,i02-g000005-n000000144,i02-g000001-n000000046;i02-g000002-n000000062;i02-g000004-n000000102;i02-g000004-n000000116,de_trial,127.54888922973714,,,,,real_vector,cc138b95d961a63bc70eac8c0ad25803,MiCYY9aNB0A53Rila0j1PwCdJx/Ymn4/cCSJpLCqy78ekcOU9CsCQNXV7ssxrwDA/+xQ7uAB5b9SBQjja9Dlv72F5yPiURFAC0aW2cy86T8=,compact,4,10,,
run-20260903T230838Z-4891f68f,2,153,145,5,1788476919.128462,5867906000000,i02-g000005-n000000145,i02-g000003-n000000095;i02-g000002-n000000062;i02-g000004-n000000108;i02-g000003-n000000080,de_trial,191.86483770434896,,,,,real_vector,65582e4e85cdce7e69d50135ba412498,sjD6by7f4T9G6JIsT9wOQESo4jjbQNY/G6KWH1sCCkCC/kDpS8LfP8Zt3tnqdQ7A9USaToxI+r9sY9cOA7cTwKS979yk1fQ/ovLQbROD5D8=,compact,4,10,,
run-20260903T230838Z-4891f68f,1,147,139,5,1788476919.128462,5867906000000,i01-g000005-n000000139,i01-g000001-n000000041;i01-g000004-n000000119;i01-g000004-n000000105;i01-g000003-n000000097,de_trial,133.10227497109335,,,,,real_vector,7ac0a8d482f9232200dd9221015d63f4,AS+1qhvP6D+/sL00WCgKQGh3x/AYiNo/SpH69/dw/7/Tm07liKsDwEX54DVlZe2/MA/R7ePhAcCATjjnB1AHQGjVhQxBiAXAQCJQkEYd6j8=,compact,4,10,,
run-20260903T230838Z-4891f68f,1,148,140,5,1788476919.128462,5867906000000,i01-g000005-n000000140,i01-g000002-n000000066;i01-g000003-n000000077;i01-g000004-n000000109;i01-g000002-n000000049,de_trial,172.39972842761384,,,,,real_vector,10b7965dd4a31b6ec22fe24105d084cb,HEdvkC+k1D+AL3rhJW4UwCSzsYGdUPs/nM2XK7KA8r+3QjgTk5gCwDtwCFimb+y/4JBouiXPBUAtC/iOQv8FwK4nfUShjgTAICoex5omDkA=,compact,4,10,,
run-20260903T230838Z-4891f68f,1,149,141,5,1788476919.128462,5867906000000,i01-g000005-n000000141,i01-g000003-n000000091;i01-g000004-n000000105;i01-g000001-n000000032;i01-g000003-n000000097,de_trial,166.43046263122426,,,,,real_vector,593f0c9efab425dc26bcd685dcff9f43,KgjLqtEh7L9XIcycMOIDQMBdEWKzlOQ/+CDlLtyT5L+eD90qEDnzv6oUDfqNvwDAKo+UfaUFD8CHAtgIoswRQCLX+W5Apt4/dkWkPQjmBkA=,compact,4,10,,
run-20260903T230838Z-4891f68f,1,150,142,5,1788476919.128462,5867906000000,i01-g000005-n000000142,i01-g000004-n000000118;i01-g000004-n000000101;i01-g000003-n000000077;i01-g000001-n000000032,de_trial,144.11396704861411,,,,,real_vector,22013147abd94cf5b1c2206306da0143,saEArq4e9b+yXhINv/AJwCBjQ2lQ7gDALcXZaJQtEEBQN+qSZs4FwOuf/gz4RfI/9LBMw6OADEBajgReCanmPyBkAjf16sK/LMstSQF+/L8=,compact,4,10,,
run-20260903T230838Z-4891f68f,1,151,143,5,1788476919.128462,5867906000000,i01-g000005-n000000143,i01-g000004-n000000119;i01-g000002-n000000048;i01-g000003-n000000076;i01-g000004-n000000120,de_trial,146.5406800551654,,,,,real_vector,bf225bafb6a4fba54f33c2e487e1c12b,Sl8MHAoxEMBAx/ESzLbWv2umwTxiGuA/DlrkElhl4D/rmSN4Gr7wvziDKTLEwPS/02EDDJQz/7+Wcve77eDQP65ZaxHr4ANA36wVvSNKBkA=,compact,4,10,,
run-20260903T230838Z-4891f68f,1,152,144,5,1788476919.128462,5867906000000,i01-g000005-n000000144,i01-g000004-n000000120;i01-g000004-n000000118;i01-g000003-n000000091;i01-g000004-n000000105,de_trial,202.3471839711096,,,,,real_vector,23526346563aa068aa40e1c39ec06678,aoFu3iTs/j8ZuwNZ+0ETwCSlSQXHuBLAsJZL0UCRDcCgP0o9MR4AwIZYEAgpN+6/eq5cy0RBBEBEN2dER2YDwPtyxj9daw9AAq7IbmYgDEA=,compact,4,10,,
run-20260903T230838Z-4891f68f,1,153,145,5,1788476919.128462,5867906000000,i01-g000005-n000000145,i01-g000000-n000000023;i01-g000003-n000000097;i01-g000004-n000000109;i01-g000002-n000000048,de_trial,98.90856527689661,,,,,real_vector,196abfa38b5801bd4702a1bd3dc9b28e,+AJcvaVUB8CUn4agMYPsvz5ElndHdf8/hHeTj0ug0b9Ayx8wGte+v6oxWg7XH/w/RAzlgvFJ/L9c6vaQXUf0v5K40ngsiQRAHIr/iZBTAMA=,compact,4,10,,
run-20260903T230838Z-4891f68f,0,152,144,6,1788476919.128462,5867906000000,i00-g000006-n000000144,i00-g000002-n000000048;i00-g000005-n000000135;i00-g000004-n000000100;i00-g000000-n000000002,de_trial,161.1351615354629,,,,,real_vector,e1731362a4068f0edca2c7d85d10ea38,viUYOKglCcA0nXirf5kKQGKE4ysBBQDAiBz2W4moC8DhGC6llccHQIbXasFrZea/5vHWONUr8j+srdbEarYTQPiKP4otj9O/pAG/2qlz9r8=,compact,4,10,,
run-20260903T230838Z-4891f68f,0,153,145,6,1788476919.128462,5867906000000,i00-g000006-n000000145,i00-g000005-n000000121;i00-g000002-n000000056;i00-g000002-n000000058;i00-g000002-n000000071,de_trial,131.03259096751447,,,,,real_vector,f68d47335e77937ceec526a88e952c60,EFspHzo55L+M5EfffVwDQJRepiMa7A7A4OztZcOUAEAmnimQ4nzzP7J3HDHYNwrAcjtftyi/8z8AdIyhD4t5P7R0DLznyQLAwAKNl3/5uL8=,compact,4,10,,
run-20260903T230838Z-4891f68f,0,154,146,6,1788476919.128462,5867906000000,i00-g000006-n000000146,i00-g000000-n000000002;i00-g000005-n000000125;i00-g000004-n000000103;i00-g000002-n000000048,de_trial,188.06029640132112,,,,,real_vector,30cd3f425252397c2f2065b96fd1f0d1,hJI2Zqhw4z/2payjMVYJQMLmlOdvY/2/5kocMurmAsAQPXUjxNLdPwoKBi9+5/S/0Bzrlu3Q9D8+nxxRvMASwCrw4mabpgbAlhlKh8ylA8A=,compact,4,10,,
run-20260903T230838Z-4891f68f,0,155,147,6,1788476919.129542,5867906000000,i00-g000006-n000000147,i00-g000004-n000000099;i00-g000005-n000000129;i00-g000004-n000000114;i00-g000002-n000000048,de_trial,143.00242961648337,,,,,real_vector,90a46336fa97da179e7380899c2609ca,utoeOkUr8L8QTihyRwnnv3EZSSUIBf6/LRFK2vuU7L8ZFxcAQAj0P/PiQISslwvA5sZpoJmN/T9OChtDpA7oP17e+mDwXAxAl3OhUAnuEEA=,compact,4,10,,
run-20260903T230838Z-4891f68f,0,156,148,6,1788476919.129542,5867906000000,i00-g000006-n000000148,i00-g000004-n000000100;i00-g000002-n000000071;i00-g000005-n000000125;i00-g000005-n000000121,de_trial,118.38669410883035,,,,,real_vector,0ec6a5428e782598d1dbf2717c117fd9,qO1IygRzDcDAQpg+TqjFv+AMRzSt7ts/Z0eznwRD8L/3gHR+GywCQLitWyAak76/AEkkNrRdwT+GOvKyE3gUwKTD3ue7AvG/xPOBhLgF9D8=,compact,4,10,,
run-20260903T230838Z-4891f68f,0,157,149,6,1788476919.129542,5867906000000,i00-g000006-n000000149,i00-g000005-n000000125;i00-g000004-n000000118;i00-g000005-n000000134;i00-g000004-n000000114,de_trial,176.84528514431423,,,,,real_vector,60bc276994724a94e1f873b29546a235,QGLqtd0l+j8Ie6SEvULZP3wR3RpmWvY/DJqeEiq2A8AwKRNh+h/8Pw5BRor+aAlAngenWvySA8BQA/OADszwPxrOp2kTpgVASFdUYUbw2b8=,compact,4,10,,
run-20260903T230838Z-4891f68f,0,158,150,6,1788476919.129542,5867906000000,i00-g000006-n000000150,i00-g000003-n000000078;i00-g000004-n000000103;i00-g000005-n000000134;i00-g000002-n000000058,de_trial,145.06947180634378,,,,,real_vector,f4ef13577dc704e15b52dc3089984d42,pgFivin2CUA6J2Jqx130P2jH5BOkz9u/zHn+T8hYE8BUV9PVfrTkP3W7qbACZfA/0NJyjvnpAMA3aKWSREXyP2wPQWfXW/U/iDVppxzD478=,compact,4,10,,
run-20260903T230838Z-4891f68f,3,1,0,0,1788476919.128462,5867906000000,i03-g000000-n000000000,,init,198.88688635083926,,,,1,real_vector,07cef6dc5fe742a6252ef3120c0eb02d,"[1.6678048166912296,2.8360213093645834,-0.4081325660645643,-4.467422923471845,-2.1956273710969367,-3.4914021298639524,-0.9848500800837323,1.4428317166328348,-2.3026922524149085,-2.4423738820940777]",full,4,10,,
run-20260903T230838Z-4891f68f,3,2,1,0,1788476919.128462,5867906000000,i03-g000000-n000000001,,init,114.23382509769755,,,,1,real_vector,aaa96bac3f8fd13b82948393f2eee2d5,"[-3.1336407827411925,1.4277329286942972,0.9584803414578609,-1.5140002750914379,0.9090026609449353,-1.09041996993502,1.8310820666315637,-2.1741936589189983,1.190817069886842,-2.430729520837199]",full,4,10,,
run-20260903T230838Z-4891f68f,3,3,2,0,1788476919.128462,5867906000000,i03-g000000-n000000002,,init,180.4004881453672,,,,,real_vector,a3f2f43a46962b6b715dd6383dbf16af,np/AT6WM9b8uUNuE/KsEwMziRr+a3/y/qbPZP6VuAsBANw13OYjdPz/NekjVQBLAygAAhlhHEMAp/Ebg+FQTwPhm3THTlu8/bOSwStYo8b8=,compact,4,10,,
run-20260903T230838Z-4891f68f,3,4,3,0,1788476919.128462,5867906000000,i03-g000000-n000000003,,init,146.84656265709089,,,,,real_vector,9a8f4454bf93ad80f86839b382e623b4,4omesO+y9L919xs1dPcRwNe8CfllBA7AzJrqNda6/7/KWTLMkEIIQGwSDcN0p/E/4EtZoWHP+T841A1mwTAGQKpPh6uaJ/y/kCt0DBB78T8=,compact,4,10,,
run-20260903T230838Z-4891f68f,3,5,4,0,1788476919.128462,5867906000000,i03-g000000-n000000004,,init,188.50077218786325,,,,,real_vector,b1451acf96b94d08ae7aaf23f30f6df4,JsflU9gfA0Afy+dSWzcPwADcP7EHj4K/VEN8b3E+DsC4aVzr+7Xhv9TrITB4Uw3A+8uyYVbKAsCmy66xyMQEQMDXDnF+Cw/AACJIYwZu9D8=,compact,4,10,,
run-20260903T230838Z-4891f68f,3,6,5,0,1788476919.128462,5867906000000,i03-g000000-n000000005,,init,201.34398358434078,,,,,real_vector,c5f09e94cd7f46cc1c85322248895ba9,yBRAI0LaEMDxMGaVhNAKwLh4pFO4ngJAqrdEYKniCUDGVF7UnPkIQIFd3BpIKxPAYmvuvcmM97+iiUC98x8DQGCBrhdcsuK/aCo93nLm7T8=,compact,4,10,,
run-20260903T230838Z-4891f68f,3,7,6,0,1788476919.128462,5867906000000,i03-g000000-n000000006,,init,182.58714869952684,,,,,real_vector,28a81de2f04a53da011822d44aa13c7f,ITBNfn4wEkDYi4vgGTruPzT6MStyufi/rHmQAg7/CMBwDciEsLzmv97E2EkUfQtAjEjwAA8o+j+kSxGd2s78P3ig9pKBjem/SrAluJe2BEA=,compact,4,10,,
run-20260903T230838Z-4891f68f,3,8,7,0,1788476919.128462,5867906000000,i03-g000000-n000000007,,init,160.39363599954785,,,,,real_vector,3721687261138da4c03d42e54fe0f223,Dfpwn9jeEMDaJz64bo4BwOTGDl5gKARAgEIPFVZo1b+YhW2Awj4CQPc3uyHcihBArII7VhiiAUAAs3vzvMvhv7zTVPri8fw/IBJ/MrK97D8=,compact,4,10,,
run-20260903T230838Z-4891f68f,3,9,8,0,1788476919.128462,5867906000000,i03-g000000-n000000008,,init,195.7933327296223,,,,,real_vector,9b8c1a026d7b718479dd9828802ee074,shcbd/zjD0CpDZuVEWQQQIM4NgB1iRFAISuDmOAFEUCQrDRybxbzv3jSU5XZIOU/QNmlqFksEMB0H9+QlvUNwMi0GsSUnPK/VTPdqoa+E8A=,compact,4,10,,
run-20260903T230838Z-4891f68f,3,10,9,0,1788476919.128462,5867906000000,i03-g000000-n000000009,,init,150.06545007627233,,,,,real_vector,d8debab250f9c4e46d9913d23015f10a,ccNHrmYUEkASOXfOOXYAwGbFdvLKVA7AOIOPVwwl+L8Aq1gCqpPJP2Dcupfto8y/FC5jVGkY878gsMXospbvP2FWGdrkGgfAaG0x7B+gE8A=,compact,4,10,,
run-20260903T230838Z-4891f68f,3,11,10,0,1788476919.128462,5867906000000,i03-g000000-n000000010,,init,155.8651105019945,,,,,real_vector,ee38e44a799d22a4b1f3588ed0da0c57,tDtxylNq9b/pzuG493URQPN9X/1quAHAGOdeOq2s/j8MberYiG7+PxCg17JDSdg/7qs6GRkIBsBWDUpVwHkNQDzD1IYcxvM/EMUcTRHN/b8=,compact,4,10,,
run-20260903T230838Z-4891f68f,3,12,11,0,1788476919.128462,5867906000000,i03-g000000-n000000011,,init,161.9032603547198,,,,,real_vector,0fa1d8fe5c66b27a6b00905b6334fb19,arjdb3AXB0BNZMaKFA8LwN4HxaOqPwhAwE74N51xAMC+ZJyG1BwOQIiVUVZUbuo/6RKvHVNQE8A0pqmlETgJwOHwuE8ZRQDAELHKbxCpC8A=,compact,4,10,,
run-20260903T230838Z-4891f68f,3,13,12,0,1788476919.128462,5867906000000,i03-g000000-n000000012,,init,256.10034115299595,,,,,real_vector,4b8a412feac06fcede5ee4adba74716b,YrsnmbTzCsD+u82Zg/cEQEPQI0sWlgTAho/E6y79EcA3QVpSLv0SQNrOHjJw9wlAfPJAPM6z9r8AcoWKLpQKwILHOyjLagrAECriHcvq1L8=,compact,4,10,,
run-20260903T230838Z-4891f68f,3,14,13,0,1788476919.128462,5867906000000,i03-g000000-n000000013,,init,197.16439564926117,,,,,real_vector,a1a986cec3ead1d5ef981583ac94f61a,ZwChaTosFEC6fYt3q/8QwM0zBNoUGQPAfEozNT0w8b91IZbx+SIRQOD1rX7rvO+/j5wNIJrPBMDeGWrIeMEKQMrxefvuggTAVXiCm7vRB8A=,compact,4,10,,
run-20260903T230838Z-4891f68f,3,15,14,0,1788476919.129542,5867906000000,i03-g000000-n000000014,,init,138.21644882166993,,,,,real_vector,5f7e33a0fa007eb3d3d4e38c0ba63f44,gADhmJ130z9R2/1WHKYQwDD9XsO9Duw/LgRjL8pK+r/8R0U00Vr6vyYrv7sL3QpAfnnkYAkKDkAM7NMnh4LwP77auhvigP2/+P670azi778=,compact,4,10,,
run-20260903T230838Z-4891f68f,3,16,15,0,1788476919.129542,5867906000000,i03-g000000-n000000015,,init,184.34675608717487,,,,,real_vector,ead3cb8eb33c6c1f4a22487acee5fb0b,wh2M/2ibBEAwv5/2WqbtP9q9Nx7TsRDAwDrcdqWxxr/NkzMY87QLwKYPvm3AyQxAs0en/HWKAcBU7XMIwA79P3PfYXlqShNAq/E+JBMXEEA=,compact,4,10,,
run-20260903T230838Z-4891f68f,3,17,16,0,1788476919.129542,5867906000000,i03-g000000-n000000016,,init,180.33703917342388,,,,,real_vector,244d07544e13abf3c8288b097ae43b9e,chJ86g7TEMAWOOOUbIEHQJX0x6H5IAHARmQYeP6iDECQFUfuZHjwP+gfRj7Da+I/plrXv7XmBUBfMdMQsWUTwKA2N+4sDdU/otP2dG+CCkA=,compact,4,10,,
run-20260903T230838Z-4891f68f,3,18,17,0,1788476919.129542,5867906000000,i03-g000000-n000000017,,init,187.82713590150252,,,,,real_vector,f054bb1e670c799e950b7964e2b1b399,YqApF2TwB0AwN/F84uXbP/nt3j1nURJAsGQ52YyU/T+UWYiZX3L2v5epdbTmbwXAlCoB2h/a9j/clH8t7M4EQDin3p3wrPy/QqrYKBid9L8=,compact,4,10,,
run-20260903T230838Z-4891f68f,3,19,18,0,1788476919.129542,5867906000000,i03-g000000-n000000018,,init,145.85977811168107,,,,,real_vector,f394d1e56a8d9207c566feb8cd70a85d,ms+48imH/r/4E3g4K0QAQERWAiMP2v8/QRE0gyclE8AAhDLrgzfCPyR+s961RPO/YXSRfIXHBMCIbFw8N2Lkv9RrTwAfmvY/IdAI0RhNFEA=,compact,4,10,,
run-20260903T230838Z-4891f68f,3,20,19,0,1788476919.129542,5867906000000,i03-g000000-n000000019,,init,156.06305214483734,,,,,real_vector,a1924802a760a9b79b208e2bfff13bb7,QDJYWuv/4r+S7TFG7EkCwNJ7dZoDQwHAFtSdSJI2B0AECB/pwtn/P0CJcBKhcMG/xNpu+2FVEsCPp7T8TkIGwAx8WRm86Ps/SQv1LyzIEMA=,compact,4,10,,
run-20260903T230838Z-4891f68f,3,21,20,0,1788476919.129542,5867906000000,i03-g000000-n000000020,,init,157.22997513682355,,,,,real_vector,f1b1224066387710681d6cf353b92929,kPnF3Wwf9r++M7U8qNQIQNhdWTlz9OY/KM4l3+BE5L/XGwZRfy4RwLxVHZ/YXhDAMEiSrLJ3EsCE7OKlLkfwv6qhP8SCrfK/gI9dxkVqrj8=,compact,4,10,,
run-20260903T230838Z-4891f68f,3,22,21,0,1788476919.129542,5867906000000,i03-g000000-n000000021,,init,227.3008997609684,,,,,real_vector,3c75212f215d9a76245fd939ef3921ac,/U0BLh8JE0CQCnuXRhTqv4qmjPmiwve/oHvdJoh53j/xBfPymP4QwNEXKWK6ahNAHGhcDTXqC8CYVioBzoYTwFpYchsoTwfAGp8y/kQ0+L8=,compact,4,10,,
run-20260903T230838Z-4891f68f,3,23,22,0,1788476919.129542,5867906000000,i03-g000000-n000000022,,init,139.01293724981892,,,,,real_vector,fe12c1299d02fa2d70b9fa85ab48fb76,tAvvFE9JDcBUPk9wWInxv19mGhUtFgbAqNi3NJP37D87GyuCPpAIwLGX0c+0rQDAw7WpNZWBEcCgKInxIfXav4BUdkm41Mg/YFHwkRDi/D8=,compact,4,10,,
run-20260903T230838Z-4891f68f,3,24,23,0,1788476919.129542,5867906000000,i03-g000000-n000000023,,init,209.4364549162284,,,,,real_vector,c8e4dda5cdb582097660cf39428ba755,mIKcaync77+4yvy5Dl4LwMAfRZe20+U/0P9Graz5CMCKJMC3IIAJQBsNesaK6xBAoAd19cKs3L/7Z5IYF/4SwIekq5KLdBFAHwJYONWrBcA=,compact,4,10,,
run-20260903T230838Z-4891f68f,0,159,151,6,1788476919.129542,5867906000000,i00-g000006-n000000151,i00-g000004-n000000103;i00-g000004-n000000108;i00-g000004-n000000115;i00-g000005-n000000133,de_trial,188.00022924293407,,,,,real_vector,0e91706552ef38b4dbe09baadccb28a6,dBEQccfs/L+WJJne3TgRwGAdzN0Mh6+/M1dLoMf49D/s51/SVbjzPy18zBAhNwtAx0PP8kEmBEAQ2cuEl0UEwFHt5OdLchTAOQgfK6fN6L8=,compact,4,10,,
run-20260903T230838Z-4891f68f,0,160,152,6,1788476919.129542,5867906000000,i00-g000006-n000000152,i00-g000002-n000000056;i00-g000005-n000000125;i00-g000004-n000000103;i00-g000000-n000000020,de_trial,174.33100733464565,,,,,real_vector,65283676a2a61bf5b5baa8028df1e84d,m6KcdweEA8Dp91etSHoGQLjIgUZcDfE/WQPpjnOhCcCb/DfbL6j+P8wE0vhnZeM/UasohMWX4j8MLwCJJ9AQwIjQnL1AZhTAH813siuWBcA=,compact,4,10,,
run-20260903T230838Z-4891f68f,0,161,153,6,1788476919.129542,5867906000000,i00-g000006-n000000153,i00-g000005-n000000129;i00-g000004-n000000108;i00-g000003-n000000078;i00-g000004-n000000114,de_trial,159.2659663228084,,,,,real_vector,a0b34c735033cb2c55092b992ce09ff1,JGTtaPJ6E8DoEgdGAg30v2yx0MFdMuE/Wm/KooOA0r/W+NGKzMX/P+9LwUlvqgNAfB11V0cACEAFkWHLiZkNwAs0748H3gDAiF0FEpQb9T8=,compact,4,10,,
run-20260903T230838Z-4891f68f,0,162,154,6,1788476919.129542,5867906000000,i00-g000006-n000000154,i00-g000002-n000000058;i00-g000003-n000000078;i00-g000002-n000000071;i00-g000000-n000000002,de_trial,161.1603154766466,,,,,real_vector,cc6718780be342c31b74cada2fcc1141,vjpTxilE67+5xD6pl/v1P3DyyNSQdgjAqMVmsriOA8CdMZ5/XN/4PxJfC3mdXADAaIACaT6L5D+CLLbatUIQwEoJ+IQpSug/INcIAP2cDEA=,compact,4,10,,
run-20260903T230838Z-4891f68f,0,163,155,6,1788476919.129542,5867906000000,i00-g000006-n000000155,i00-g000002-n000000059;i00-g000000-n000000002;i00-g000005-n000000121;i00-g000002-n000000048,de_trial,174.29748698181203,,,,,real_vector,bb11cc3dd61bf4d81cbeff1df3f4698b,JAk8uWEh9r+7TAQsjyMRwNDnyJqJddW/1hr1jyED3D/wthidWMLevzI5fM1ZVPY/Xgh8pZ3u8j9+ptcB584PwJhspCxzEOw/tofc5UKzEEA=,compact,4,10,,
run-20260903T230838Z-4891f68f,0,164,156,6,1788476919.129542,5867906000000,i00-g000006-n000000156,i00-g000004-n000000108;i00-g000004-n000000103;i00-g000004-n000000114;i00-g000002-n000000058,de_trial,111.28840237962794,,,,,real_vector,02571e64bfe9c5c5af81d7aeb0eddcae,NlHuWkXLCUBgTDflcJXwP5AK9YbZXc+/qgc36ZyZE8CMitx4pcDvP/Am3vDAesG/9i6biFY577/9yZlQZJTjv7Z6otYdpus/O9xNlkrlCsA=,compact,4,10,,
run-20260903T230838Z-4891f68f,0,165,157,6,1788476919.130542,5867906000000,i00-g000006-n000000157,i00-g000005-n000000133;i00-g000004-n000000115;i00-g000004-n000000117;i00-g000005-n000000134,de_trial,188.6874807577836,,,,,real_vector,9abe0c1de635e8cee534b18eb25bec21,fiG37hapDcCucsWFaU/3v4QD5i792gDAVNZTphVZBEA+cY79QvoCwPLKsEzUL/U/wniRp8RIEECQi2KT4z7ev2j2efh/vg3AsX2Fxju+6j8=,compact,4,10,,
run-20260903T230838Z-4891f68f,0,166,158,6,1788476919.130542,5867906000000,i00-g000006-n000000158,i00-g000005-n000000134;i00-g000005-n000000121;i00-g000002-n000000071;i00-g000004-n000000108,de_trial,186.56371905441003,,,,,real_vector,125d82f8bfd4f87505e58bca8163f2d2,Xo4k2NclBECU0AZGKcMOwIYxPxDPFwTAxBw9tvy+8T/mv5E5ziDqvzYsKobc6OS/gyae8PgsEcD0siW33S7gv4bh6ym2Pg9A02YC90ieBUA=,compact,4,10,,
run-20260903T230838Z-4891f68f,2,155,146,6,1788476919.129542,5867906000000,i02-g000006-n000000146,i02-g000003-n000000072;i02-g000001-n000000030;i02-g000003-n000000084;i02-g000004-n000000114,de_trial,170.72367341636152,,,,,real_vector,ed01596e60e2f48a339107f53836f5d8,yG34HFE0BEC2OTRI8mbmP8ogM6EdXwnAvPVR7TJ23L/7aOq+Lp74P5OxA2ShDv8/SmBj5jRi+b+I9crr1vK+v7jcOR2jFwPA/hbLUH7xAkA=,compact,4,10,,
run-20260903T230838Z-4891f68f,2,156,147,6,1788476919.129542,5867906000000,i02-g000006-n000000147,i02-g000004-n000000099;i02-g000005-n000000141;i02-g000004-n000000116;i02-g000004-n000000108,de_trial,132.77161595854665,,,,,real_vector,f958787d47a237d59d9deddd7f7bae86,YsMZHZ3mDkASFV8Ub2cBQLFxxxmkzPE/0MFkE/HaA8CsiEBnbUDZP4LZbwE7d+a/5QUP6B40+z8+dL+QpsYHwDjpJHhB/wBAtBgToOWx/L8=,compact,4,10,,
run-20260903T230838Z-4891f68f,2,157,148,6,1788476919.129542,5867906000000,i02-g000006-n000000148,i02-g000004-n000000100;i02-g000003-n000000097;i02-g000005-n000000141;i02-g000004-n000000111,de_trial,248.3867241280337,,,,,real_vector,a6476c0fbf9037aad21c4f274fb6693d,RjTXBqNmA8CSAY0T9jb2v5EQublWVgPA0t7e6BWuBUCqTHccfhEGwP63tGW95Q1Aobdz+nQ9BMCKhOKC90YLwOqX6/jWJxJAtGebqNqXEMA=,compact,4,10,,
run-20260903T230838Z-4891f68f,2,158,149,6,1788476919.129542,5867906000000,i02-g000006-n000000149,i02-g000005-n000000125;i02-g000003-n000000084;i02-g000003-n000000077;i02-g000001-n000000046,de_trial,126.8053483943701,,,,,real_vector,5ee0fa3e5bf99af3b36747b7d865bf56,y/XeMjQsBkAnbuUc9CsOwMExSVwQPP6/LJJ6SvoJ3b/gQiYkqzkCQNHqYS7+AvW/UADuDNL+7T8An2pGA5z2P2yhHyqAxP0/AOCnn+rrmr8=,compact,4,10,,
run-20260903T230838Z-4891f68f,2,159,150,6,1788476919.129542,5867906000000,i02-g000006-n000000150,i02-g000005-n000000126;i02-g000001-n000000030;i02-g000005-n000000141;i02-g000003-n000000081,de_trial,166.9240307455632,,,,,real_vector,dc122931a509b47e20b287ca0d33aea5,4+JvN0XF+j9YcFyoN/n1P5ZVjHDqwPW/aRTEuQEpA8CUlZLUEuEAQCjnCChIUhBAUDIjio4z9r8QvXwF/dcCwPRq3ZRGTtI/wLuvPj+A0D8=,compact,4,10,,
run-20260903T230838Z-4891f68f,2,160,151,6,1788476919.129542,5867906000000,i02-g000006-n000000151,i02-g000003-n000000077;i02-g000005-n000000141;i02-g000004-n000000099;i02-g000003-n000000095,de_trial,127.27859215556788,,,,,real_vector,0e0b0f1fed3468ddf82796bb88d1f02c,G8Gt0U0bBEDEVEXtsS0HQPElg+An0P6/h7tFx0Cf9z8MTHBD9/TgvxzhVFrVofY//vmAGlfK/78cLODzuwHmv9rsyqub1e0/BMk4Wh2P8T8=,compact,4,10,,
run-20260903T230838Z-4891f68f,2,161,152,6,1788476919.129542,5867906000000,i02-g000006-n000000152,i02-g000001-n000000030;i02-g000003-n000000095;i02-g000005-n000000141;i02-g000004-n000000100,de_trial,193.1364858530922,,,,,real_vector,1ce3ed09bd4b171293ca8eb39e29e8cb,AbkO15ydEUDP2QRy54X1v9Ly5RSLIfo/PiFQtezd2z+Ols/Fbt/0v5R4hapDCxNAdqOg36Un9L9G9U9BsoAFwBgNSFuU+tc/N2IOKRGz7b8=,compact,4,10,,
run-20260903T230838Z-4891f68f,2,162,153,6,1788476919.130542,5867906000000,i02-g000006-n000000153,i02-g000003-n000000079;i02-g000003-n000000097;i02-g000005-n000000141;i02-g000004-n000000116,de_trial,171.57562643226987,,,,,real_vector,1e7fafc39ffd0b4b3773cac210f64faa,WzLli6b09786V+aYd1AHwJbWcz55iBHABBWd0p5lCEBEKmveV2sHwEsZoOnoqQNArqd3HCtzAcACO1POLfcLwFCi8kVihvI/uATTnhMe/b8=,compact,4,10,,
run-20260903T230838Z-4891f68f,2,163,154,6,1788476919.130542,5867906000000,i02-g000006-n000000154,i02-g000005-n000000130;i02-g000004-n000000109;i02-g000003-n000000093;i02-g000003-n000000077,de_trial,178.8745309880274,,,,,real_vector,3bc02cbb0ea0d19507bb6825a35cfed1,Et97Vfn5EUC4U4Ds8foLQHwMXb7OQO+/yuokbii/BUAI3thuoM/bvySpb7WjIPG/5r2ddQ155r9qF+fF113qP3h9DtMNGRLAd0xcs2v2/j8=,compact,4,10,,
run-20260903T230838Z-4891f68f,1,155,146,6,1788476919.129542,5867906000000,i01-g000006-n000000146,i01-g000002-n000000048;i01-g000004-n000000118;i01-g000004-n000000100;i01-g000004-n000000107,de_trial,101.15771555430777,,,,,real_vector,e9eb73a5b84d77087793aeb783b9dc76,Mqms7xa5/j8ubqBFjIoJwEhyhc4e+du/UENAgWHFxr/QIrw5F7fzv3wTDaT3TdK/cE9R9MCRor+PzorDNb3wv7/IJRI8NhBAy8OT+ggNCUA=,compact,4,10,,
run-20260903T230838Z-4891f68f,1,156,147,6,1788476919.129542,5867906000000,i01-g000006-n000000147,i01-g000005-n000000123;i01-g000004-n000000101;i01-g000001-n000000032;i01-g000003-n000000097,de_trial,168.78858737805325,,,,,real_vector,e8c9b5b2aefb978b7df17b575ac192fc,fp0s1X33BsBAvKKkwzYMQFxybm5GCg7AWIXKfmvnDUC8WSyCpRzmP2ilh2Vb1Mw/8WL0vaeN/b+oe57TEynfP7YpSOI0Ofo/xHCtFrHZ8r8=,compact,4,10,,
run-20260903T230838Z-4891f68f,1,157,148,6,1788476919.129542,5867906000000,i01-g000006-n000000148,i01-g000004-n000000100;i01-g000002-n000000066;i01-g000003-n000000091;i01-g000005-n000000145,de_trial,159.04940264346195,,,,,real_vector,977ce71d3acbd8659da71675d91dec91,2He2HPSD3L8K3LG3hDQMwFaW4bwhGA/A1lf6yQBPAMAqQc3jCvUOwEYIJipizRPAfajntkBa/j/FvXVRcFsBwILgr37vzQRAVrDfgPbr7T8=,compact,4,10,,
run-20260903T230838Z-4891f68f,1,158,149,6,1788476919.129542,5867906000000,i01-g000006-n000000149,i01-g000004-n000000101;i01-g000004-n000000120;i01-g000003-n000000077;i01-g000003-n000000087,de_trial,167.04664797723387,,,,,real_vector,66ae3e00b30b84341780fd4382ef344d,w21cVA1CDUBXul2BuqT3P9yKyNIt1e4/9FISRJV3BsAMvigqAMzkPyDbJxLXq9q/nv6jCj6mB0CugRmwjfMLQKoiWXYZUvM/F+wz9hjw9L8=,compact,4,10,,
run-20260903T230838Z-4891f68f,1,159,150,6,1788476919.129542,5867906000000,i01-g000006-n000000150,i01-g000005-n000000126;i01-g000001-n000000041;i01-g000005-n000000135;i01-g000004-n000000108,de_trial,209.1980530613199,,,,,real_vector,b5c274234f7c3ff6d4c2952ff837a2a8,rnHvFECvCcDC5C6VXr8EwPtMz0kNIxPAkIBpjJzwEUBUbaBpVlcPwEDpS8JfVPY/1pTO+QM82b8ovqEuEJ4BwFJu+fbnmPM/z8CupeDFDkA=,compact,4,10,,
run-20260903T230838Z-4891f68f,1,160,151,6,1788476919.129542,5867906000000,i01-g000006-n000000151,i01-g000003-n000000077;i01-g000004-n000000118;i01-g000005-n000000126;i01-g000003-n000000096,de_trial,207.6579596142791,,,,,real_vector,20f82ade655baccfcbf18c40e05efa2d,VHT5+WEK6j94XRxF3DcFwG91z12BRQTAKMGgFxqt979CQ2a8vg8UwKLQ7BSIg+W/0Ilvn26Czr8YjTFXJv60PzDQXTldPxJAHPIYQQp3EkA=,compact,4,10,,
run-20260903T230838Z-4891f68f,1,161,152,6,1788476919.130542,5867906000000,i01-g000006-n000000152,i01-g000003-n000000097;i01-g000001-n000000041;i01-g000005-n000000135;i01-g000005-n000000145,de_trial,133.73487484738382,,,,,real_vector,18a494b12122ee66dcf5046cb7d4eef3,DjDl5g6NEMBTqbD4N3sKwNjtr46NVPy/vgGfN6L1DUDkec/auErxvyqTEm9a9NG/6E1GJ9xm8D9YbZbALgyyv0zYKjPxBNU/6FIbSG1++T8=,compact,4,10,,
run-20260903T230838Z-4891f68f,1,162,153,6,1788476919.130542,5867906000000,i01-g000006-n000000153,i01-g000005-n000000129;i01-g000005-n000000145;i01-g000003-n000000087;i01-g000004-n000000110,de_trial,150.8456649184068,,,,,real_vector,eaca3d2d95e4e3f82d26f64780c4e324,AgvxhkWoCMC6ZKicmJoTwPy/0h2iguQ/O4HJp4C/8z9YgrR7O2Drv2Z814Gz2gJA5DMU2tdQ5r+kNQgQR1T9v8BFgINHsgRACIJDYe4z0z8=,compact,4,10,,
run-20260903T230838Z-4891f68f,0,167,159,6,1788476919.130542,5867906000000,i00-g000006-n000000159,i00-g000005-n000000135;i00-g000000-n000000020;i00-g000002-n000000059;i00-g000004-n000000099,de_trial,189.25404890032092,,,,,real_vector,44115d337d5e771fba7c34b5fda8478d,GN79kDrIDECyViijZhwAQOgtOeHZpxHAXZlxMF748D/8yfc3a5nJv7lEG6VKMQvAolZCKvY7BUAjrBqfHy0NQJ3uL/EL6QZAQjyfOJ035r8=,compact,4,10,,
run-20260903T230838Z-4891f68f,0,168,160,6,1788476919.130542,5867906000000,i00-g000006-n000000160,i00-g000005-n000000136;i00-g000004-n000000115;i00-g000005-n000000129;i00-g000002-n000000059,de_trial,167.92561208286105,,,,,real_vector,9e68bcba5ebc907571dacd32acb6b127,vFiWhqr1B8B6qbmFBkIPwNeUDKsuegvAGkD8a1WQ5T+/Ctw1DhHjP15+DaxkCAVAjLlhfjlh9785Ij1etzcEwOil3T1Dxe4/guK6p94K8j8=,compact,4,10,,
run-20260903T230838Z-4891f68f,0,169,161,6,1788476919.130542,5867906000000,i00-g000006-n000000161,i00-g000005-n000000137;i00-g000004-n000000108;i00-g000005-n000000125;i00-g000005-n000000129,de_trial,144.93276242709015,,,,,real_vector,000f3132651cb1b0b620d3f0df3c7a1c,sI2dDzTY67+3JEh+btTzP1U5sBGIQQTA4J8P7bPKwL+QhP1bt3YHQOYM1pFcLus/KCPqwoBX/z9jb08hdUcSwBV0c4GsEAjAlLlP0ylMEcA=,compact,4,10,,
run-20260903T230838Z-4891f68f,2,164,155,6,1788476919.130542,5867906000000,i02-g000006-n000000155,i02-g000003-n000000081;i02-g000003-n000000097;i02-g000003-n000000095;i02-g000004-n000000111,de_trial,161.19501907279127,,,,,real_vector,f7ce016635afa6f311416bbc57536803,2TzU5NPu87/VXDbarOUBwBxWo+E8VNS/ohEeUyB29D+gMz6QGY8FwM3P4yHnZwtA0Fv68ZLs/L8wK8pxhrcHwCypnmdKpBBAAartCMP+D8A=,compact,4,10,,
run-20260903T230838Z-4891f68f,2,165,156,6,1788476919.130542,5867906000000,i02-g000006-n000000156,i02-g000004-n000000108;i02-g000004-n000000100;i02-g000005-n000000139;i02-g000004-n000000099,de_trial,167.78754749773458,,,,,real_vector,ddd0df2db8b8fb22ae9a999c92528e4f,AkKEjSpDBcBm1XwJhb7aP+TLmXEBdwDANG1HGjKj9D+qPJPyhafpv4DNHSYaf9e/VK/P6d4b+T8LEX8y/MIFwDUTpRST/gRAgBMTPuye2b8=,compact,4,10,,
run-20260903T230838Z-4891f68f,2,166,157,6,1788476919.130542,5867906000000,i02-g000006-n000000157,i02-g000004-n000000109;i02-g000003-n000000084;i02-g000004-n000000111;i02-g000004-n000000108,de_trial,119.69471800984044,,,,,real_vector,6fdee475a12f2c710de8486ef22776f0,wBvRvlIkp7/3eKTY2HDzvxq7F0ABjOK/knMlpnkT7L+a6AMhb9QKQMTrgTUFG+U/1VLZhlrf8T8ompc5qSX7P5toSDy3c/u/TGbWwMysB0A=,compact,4,10,,
run-20260903T230838Z-4891f68f,0,170,162,6,1788476919.130542,5867906000000,i00-g000006-n000000162,i00-g000004-n000000114;i00-g000004-n000000103;i00-g000000-n000000002;i00-g000004-n000000099,de_trial,136.4914299169908,,,,,real_vector,2ab9be2b7b8ff7537d282baa58a7f7cf,fLhOU3eD4b837cY25OfxP3cFNpcUkv+/l4nWYcnoC8Boa9fm/yjEP/FEGm/4/vI/YXFGEyjl7L/s6absNBDeP/857I1nUAFAposc0GNTDMA=,compact,4,10,,
run-20260903T230838Z-4891f68f,0,171,163,6,1788476919.130542,5867906000000,i00-g000006-n000000163,i00-g000004-n000000115;i00-g000005-n000000136;i00-g000005-n000000121;i00-g000005-n000000133,de_trial,137.97752034594532,,,,,real_vector,b35ddf3d5682e170e31172d7c5ce01fc,CbPqZh6NCEB2IYW851gBwJhE0BI0rvO/XSubReJiC8BIUpQbOKD0v62TMTy4k/s/SNqwSIEq7z/DoYYcTSgTwAGXMY6dMwBARnxt0jYo/D8=,compact,4,10,,
run-20260903T230838Z-4891f68f,2,167,158,6,1788476919.130542,5867906000000,i02-g000006-n000000158,i02-g000003-n000000084;i02-g000003-n000000087;i02-g000003-n000000081;i02-g000005-n000000125,de_trial,126.25414921372843,,,,,real_vector,80d8d5e0de60384f5fdccf6ee67ca5f4,jDieOMO3679M9mH/02Ltv4mpYxJjvgzABFAkwRBuA0DGkulhqqABwPoJBSg5/QPAMx63uobl8L/f5OfloWLtP+xmBiUCsg7AYLeEogvwu78=,compact,4,10,,
run-20260903T230838Z-4891f68f,2,168,159,6,1788476919.130542,5867906000000,i02-g000006-n000000159,i02-g000004-n000000111;i02-g000003-n000000097;i02-g000001-n000000030;i02-g000004-n000000109,de_trial,175.48534588070737,,,,,real_vector,3143fb1c6ed7cb952e16cecb9e5b0cac,3VrJlbmrB8B/+X8pTgvzv0QpCaMDsQHA5LQ23+XB9T/UAsORLCDWvyTyRS6wTQTAXT+UR9EjEsCGGGbgOHj8vyYk/7t3Z/E//qjXyFawC8A=,compact,4,10,,
run-20260903T230838Z-4891f68f,0,172,164,6,1788476919.130542,5867906000000,i00-g000006-n000000164,i00-g000000-n000000020;i00-g000000-n000000002;i00-g000002-n000000056;i00-g000003-n000000078,de_trial,164.77359711748935,,,,,real_vector,3a6fb7dc3a9f3a2d531f6071953a1ecd,ch4hrtAyC8DgdT7ryHwJwDiCYE5GWf2/7K2oj+2iAUD66cnUa+7aPzwaEJyucP4/iEIJUR9p0T/aIe8GsUEDwOaViIkZxwHATG/RQWCMA8A=,compact,4,10,,
run-20260903T230838Z-4891f68f,0,173,165,6,1788476919.130542,5867906000000,i00-g000006-n000000165,i00-g000004-n000000117;i00-g000002-n000000048;i00-g000002-n000000059;i00-g000002-n000000058,de_trial,180.16098628651432,,,,,real_vector,61013259ae18040ddeffeab8cf79e675,F7ybIqO9AsBgbLCO09vxvyDOBwZAlAPAaALj/7C50j8Xp5FIXMUDQOQv5fmz8gFAzMZ06B7xD0DSlLP4MHT+v6qcsGoBMxLACN7t/m1F1b8=,compact,4,10,,
run-20260903T230838Z-4891f68f,0,174,166,6,1788476919.130542,5867906000000,i00-g000006-n000000166,i00-g000004-n000000118;i00-g000002-n000000059;i00-g000004-n000000117;i00-g000005-n000000133,de_trial,192.55783835690755,,,,,real_vector,762ebc489d6a0a9808c5b08c0943a061,tBLcw4cK1L8E6NcAYvsJwAOi9+6TYvk/SB0EFy3MAkCmkf7M8a4EwIsohst0rQFAFgG23LDu9L/M7OL0rdwRwBD/qSKnXrG/16jaB+Zz+L8=,compact,4,10,,
run-20260903T230838Z-4891f68f,0,175,167,6,1788476919.130542,5867906000000,i00-g000006-n000000167,i00-g000002-n000000071;i00-g000004-n000000108;i00-g000004-n000000118;i00-g000005-n000000136,de_trial,131.95704075386575,,,,,real_vector,21f410bfa740dd4aad69d540f812dada,nzvG8EdH/r9X41dRqIXzv4Rrr61Zmum/Bqe2+VZs8D9WJm9HwsANQHCBdRDEOPk/WOPCLpeoAkDoMqG6jcH/vzZtmyUHBRHAuExW+qN5/b8=,compact,4,10,,
run-20260903T230838Z-4891f68f,2,169,160,6,1788476919.130542,5867906000000,i02-g000006-n000000160,i02-g000002-n000000062;i02-g000003-n000000095;i02-g000004-n000000108;i02-g000003-n000000072,de_trial,157.10467204109835,,,,,real_vector,67545a85f529c5225159fbc13ed044fe,LZZFA5rr/D/qJFz4Wezmv7q/At6n9AJAwHUyAjhTBUD5uI1GP8rmv5wSqAzKCeQ/zIP++Vtb6b9+W465kvsMwApRkmld3PM/8tmer2jE878=,compact,4,10,,
run-20260903T230838Z-4891f68f,2,170,161,6,1788476919.130542,5867906000000,i02-g000006-n000000161,i02-g000003-n000000087;i02-g000003-n000000079;i02-g000005-n000000141;i02-g000005-n000000126,de_trial,119.62136944461062,,,,,real_vector,7c3036e908e6a185c9c0b7881dfd9bc9,xP1U2kaU5r8md70GaTv/P3dqDe6DAAnA39LQqAWLDkDN3exLQbLzvwpIOS189vg/cqXNhdHV/r9QNkASFzD5P9qD6UFPVPI/RHU/iinC6j8=,compact,4,10,,
run-20260903T230838Z-4891f68f,2,171,162,6,1788476919.130542,5867906000000,i02-g000006-n000000162,i02-g000004-n000000114;i02-g000005-n000000130;i02-g000005-n000000141;i02-g000002-n000000062,de_trial,128.49254449867794,,,,,real_vector,f1869c62357acb3c717466171a182780,jWm3KVQU/D+k/KLB0QHqv7APYL7/MxPAVowgXKhz8r/XcKWZ0NH/v5mWjcvuCgdAAMtFcyUPrT8MAqFbuDwGQMCYhh1Qg/i/HcZ2oRD8+b8=,compact,4,10,,
run-20260903T230838Z-4891f68f,1,163,154,6,1788476919.130542,5867906000000,i01-g000006-n000000154,i01-g000001-n000000032;i01-g000003-n000000096;i01-g000004-n000000120;i01-g000003-n000000077,de_trial,179.74767614139083,,,,,real_vector,55e46a99a8d3c63d46aa9ef0a445c6e9,3Pjy0tgB+L93ET89QaEKQMi1Olkk+MS/snOJetUW6r+dKcIgEhwOQJY9jZ2PWfY/bV+XJJo7B8DthUMm+0QBwJjjedvopfW/phN5oRPYEcA=,compact,4,10,,
run-20260903T230838Z-4891f68f,1,164,155,6,1788476919.130542,5867906000000,i01-g000006-n000000155,i01-g000004-n000000107;i01-g000004-n000000119;i01-g000003-n000000087;i01-g000004-n000000110,de_trial,103.89967985521014,,,,,real_vector,4038094390f5863a2a6c7c63d38ed818,Buxwt6fh6r9Wx9vvsbj/vxUimJSKTeq/QDY/Y1ii2r9j3vuSxoD8v2KGGgifwfI/At9Q7Bwk7L96zx3yvYvfPwVHbtwuUQbAuuAr0o33CEA=,compact,4,10,,
run-20260903T230838Z-4891f68f,1,165,156,6,1788476919.130542,5867906000000,i01-g000006-n000000156,i01-g000004-n000000108;i01-g000004-n000000107;i01-g000004-n000000109;i01-g000005-n000000129,de_trial,116.30039421234491,,,,,real_vector,68d5c51fce996623bedc374960d78585,Lj0zPMEr478AV+fVPdHnPzTnnORyqf2/KIuwhfU8A8B8NXwVsrrjv4AZvzDl96a/zvki2yfB+r/mOnciWEzyPxgQi2jmwf0/cWHL+DGW/b8=,compact,4,10,,
run-20260903T230838Z-4891f68f,1,166,157,6,1788476919.130542,5867906000000,i01-g000006-n000000157,i01-g000004-n000000109;i01-g000005-n000000135;i01-g000001-n000000032;i01-g000004-n000000118,de_trial,136.91767719101955,,,,,real_vector,aacbf5ac26d4197793f8dd7adc122daf,1jYN121xEMBMikwBCDHyv/fIyNMHVfW/769fYM6S+j/cBd92hWDXv6rTbLv8fOi/G7geqbzr+b+YaeUHelXwP4ivSFosB9k/YOe1GNjZ5j8=,compact,4,10,,
run-20260903T230838Z-4891f68f,1,167,158,6,1788476919.130542,5867906000000,i01-g000006-n000000158,i01-g000004-n000000110;i01-g000003-n000000096;i01-g000002-n000000062;i01-g000005-n000000123,de_trial,115.07988918305057,,,,,real_vector,2f10c162950664084438b7da33942dba,KsIgajXsBsAShKVGQyHRvzjmRj1lB8w/ro1Pvgza3z+bu/rL4/wEQPrIX/Dijv4/6A2Wd/c//78GwuXeaG/uvzkjscvGtwHAKE5AHS4eEMA=,compact,4,10,,
run-20260903T230838Z-4891f68f,1,168,159,6,1788476919.130542,5867906000000,i01-g000006-n000000159,i01-g000005-n000000135;i01-g000001-n000000032;i01-g000004-n000000107;i01-g000004-n000000118,de_trial,155.6653395870067,,,,,real_vector,04a9e7b145674b9cd5c1c7e381253fd5,RTB4mYb/E8B+6XDQM4YOQPrcOHIvIOY/rOuORToY8j+Sl6JARdUCwGZCfCZ50ew/gLZROxkb/7/2e2tnF7b+P1o+QI0wJvk/4MDp+kayEsA=,compact,4,10,,
run-20260903T230838Z-4891f68f,1,169,160,6,1788476919.130542,5867906000000,i01-g000006-n000000160,i01-g000002-n000000062;i01-g000004-n000000119;i01-g000004-n000000110;i01-g000001-n000000032,de_trial,88.39684770742207,,,,1,real_vector,bc87a18df809eb89a2d0d4da28cc7d06,"[-1.8845307722110585,2.9009239610038486,1.0105133565342745,-3.3872291095727487,-2.0993283841313533,0.5552824042826513,-1.0667807615083575,0.8480578541538006,1.917899307380615,0.8680583072061805]",full,4,10,,
run-20260903T230838Z-4891f68f,1,170,161,6,1788476919.130542,5867906000000,i01-g000006-n000000161,i01-g000003-n000000087;i01-g000003-n000000097;i01-g000005-n000000123;i01-g000004-n000000120,de_trial,162.7259231400078,,,,,real_vector,9a36352e206b3b93d07a1b3429003e66,1IblLde5CcA5lcvStkkTwM1CozuFKvw/qNS4fz/R+z/MK2P850LUv3oBi8O6RPU/nU0kqjG4DcBeQC9nGazrP//D9hRN4eY/Stxze17QD0A=,compact,4,10,,
run-20260903T230838Z-4891f68f,2,172,163,6,1788476919.130542,5867906000000,i02-g000006-n000000163,i02-g000005-n000000139;i02-g000005-n000000130;i02-g000003-n000000087;i02-g000003-n000000084,de_trial,176.99931724495275,,,,,real_vector,20520997e7290979e25b1c57a3785a05,kHGWeXcv+T9Uph8AwSTIv9ga7junTBHARKT11r7UBkBkguNv1UMFwBgRQU84Id8/87AxFQL9579UsN2dDN0EQJZ0Uvg6LBDAJI6Oq8NKAcA=,compact,4,10,,
run-20260903T230838Z-4891f68f,1,171,162,6,1788476919.131767,5867906000000,i01-g000006-n000000162,i01-g000003-n000000096;i01-g000003-n000000077;i01-g000004-n000000110;i01-g000005-n000000135,de_trial,177.10868694697882,,,,,real_vector,0b500c58f33ac21b098f55c7a50ab3b9,kF1uD18e4D+QwC/CvcDbv3GXezemgg1A9IUVymuFDcBPvziGynr4vxLOWHHljPS/XIuEPiMq5D+5RzAOPu4CQEI1cSUowgDARIRNg7GL8D8=,compact,4,10,,
run-20260903T230838Z-4891f68f,1,172,163,6,1788476919.131767,5867906000000,i01-g000006-n000000163,i01-g000001-n000000041;i01-g000005-n000000129;i01-g000003-n000000077;i01-g000003-n000000096,de_trial,130.7106577756338,,,,,real_vector,0a108607763aa75bcc936c12f7807222,wD7qCFQTlr+s63PARXsKwKALhPj/Ffw/Ww9C7Y5VCECmjJli7FUEwLSIQtbmFAJA1uxOGG4a7T9tCGkfWXYKQFhf97FmPsg/kIG2vzFG/T8=,compact,4,10,,
run-20260903T230838Z-4891f68f,1,173,164,6,1788476919.131767,5867906000000,i01-g000006-n000000164,i01-g000002-n000000066;i01-g000004-n000000119;i01-g000005-n000000145;i01-g000004-n000000110,de_trial,117.92591499831573,,,,,real_vector,dcf989ce6a8b312ef7a0a7ccdb781596,SJSlzI1H+r/EIZK23jzov6lHVez2VO4/WB79FdBV2b940tkXdh70vxR6a7KZRwjAjb4X6St19L8v+nQxrxDzv5gAILdLCALAeg2wNhCj5z8=,compact,4,10,,
run-20260903T230838Z-4891f68f,1,174,165,6,1788476919.131767,5867906000000,i01-g000006-n000000165,i01-g000003-n000000091;i01-g000002-n000000066;i01-g000004-n000000110;i01-g000005-n000000145,de_trial,150.56431613046192,,,,,real_vector,fc86295b33717deebe75162d9d947403,OA7iuwve9b+2zqZvkXsCwDRNAoIzegrA8Q5AaPylAcDGQ0iQuL4CQAuxVQc/LBDAwNoRV8X1yr/MhZd85uLxv9Ptu6Q2TQNAqDcRlw1n8b8=,compact,4,10,,
run-20260903T230838Z-4891f68f,1,175,166,6,1788476919.131767,5867906000000,i01-g000006-n000000166,i01-g000004-n000000118;i01-g000005-n000000145;i01-g000005-n000000129;i01-g000004-n000000119,de_trial,168.96349522232114,,,,,real_vector,9a9b743c0bd98d93ba88cea511bdf34a,9UHJmDDACsAeQODfSkEDwDOQcYNcUgNAfPEnMETz17/B6Pcgjxvnv8AcBZq82wdAuZZu397F+L9l5dfO8s3yv1p+VJju9g9A+aStsNIoB8A=,compact,4,10,,
run-20260903T230838Z-4891f68f,1,176,167,6,1788476919.131767,5867906000000,i01-g000006-n000000167,i01-g000004-n000000119;i01-g000003-n000000097;i01-g000004-n000000107;i01-g000002-n000000066,de_trial,179.31634919803673,,,,,real_vector,3378ad27468062c3ed49ffb7097e5fb4,Y6HMXp7ODsCUf8ftQOvqv0a9F5MzzQJAfcdXzr3F9r8yokptaSjmv6sHy0zexxFAVKdIcoicBMDcEUZ8VsLhv+CbJOk3SOi/f6XWZqtIAEA=,compact,4,10,,
run-20260903T230838Z-4891f68f,2,173,164,6,1788476919.131767,5867906000000,i02-g000006-n000000164,i02-g000004-n000000116;i02-g000005-n000000130;i02-g000003-n000000079;i02-g000003-n000000097,de_trial,94.01222950608536,,,,,real_vector,cc41bf7db1d9ff6a53b11e71d4a394f7,5NcVShsqB0AGNaJPSVX0PwCHRcrMRc6/8EqH66R7uj9AB37ROkTbP0SvdqtC69U/gBM2xb2FtD9kN3r5J6wIQORhzuwk8em/UBhICDelAMA=,compact,4,10,,
run-20260903T230838Z-4891f68f,2,174,165,6,1788476919.131767,5867906000000,i02-g000006-n000000165,i02-g000005-n000000141;i02-g000004-n000000116;i02-g000003-n000000081;i02-g000005-n000000139,de_trial,197.60850046552076,,,,,real_vector,7c9494751aca81294463fe15d2e0737c,2whCRELhEECV+xLAiqITQCJeRg5jUBJAgOxIPH2/AcBBS61/qE0LQKhq6MUS/QdA2lxzEQbP4D+VJjcMcu8HQOwjiF+2p/8/ctyXxbiDBcA=,compact,4,10,,
run-20260903T230838Z-4891f68f,2,175,166,6,1788476919.131767,5867906000000,i02-g000006-n000000166,i02-g000003-n000000097;i02-g000005-n000000139;i02-g000003-n000000081;i02-g000003-n000000093,de_trial,168.69884732334882,,,,,real_vector,6681a188d6d6106af712e15c0081293a,kFL++u7xAsAbRU32Gaz0v62yne029RHAxiojA1YaCUCtTGgt6A/6v/7+/rQ5Nvu/ZOHlPeoAxz+cOczWJnLQv5UsTJ9Z/QLAU7ARH0j88T8=,compact,4,10,,
run-20260903T230838Z-4891f68f,2,176,167,6,1788476919.131767,5867906000000,i02-g000006-n000000167,i02-g000003-n000000093;i02-g000005-n000000139;i02-g000004-n000000099;i02-g000004-n000000100,de_trial,181.34362743036615,,,,,real_vector,c2da1931864c9e88ce1c7bfc0f45c7d3,HL2vAc695z9ZvABnmUfpv4hGpkSVHQ7AI5AhANFzD0BkBEy97NMBwMlZePSM7QnA2sfyoJJIBMCY+mLRNCT3PyiEUdi9DAjAHYMTDk/0C0A=,compact,4,10,,
run-20260903T230838Z-4891f68f,2,177,168,6,1788476919.131767,5867906000000,i02-g000006-n000000168,i02-g000001-n000000046;i02-g000003-n000000093;i02-g000004-n000000116;i02-g000005-n000000139,de_trial,172.49286240183378,,,,,real_vector,88481613ec20572afc3f1755f605a311,J0U4mR1l+j9OvpnB9LMRQOqpjnJy/AhAcksjGqHn9r9WEru0JvT+P0iStAepTtq/B6SHLDHDCMCwZVXe9R3Iv1lxKpRzuAJAOCt+eYK93T8=,compact,4,10,,
run-20260903T230838Z-4891f68f,2,178,169,6,1788476919.131767,5867906000000,i02-g000006-n000000169,i02-g000003-n000000095;i02-g000004-n000000111;i02-g000003-n000000087;i02-g000005-n000000141,de_trial,131.5559011171862,,,,,real_vector,d7d8c23006a1d8944dba039c3362437d,8GVTlcYsx7/g2P4a0wTvvwyQcb1DJfy/IBogJqELy7/+BpIY5eb2Pz/y7oN3rfa/aWTXx4Rt4b/ApjxbUiwHQP3Ry6QZMP+/LICUXg3tCkA=,compact,4,10,,
run-20260903T230838Z-4891f68f,1,177,168,6,1788476919.131767,5867906000000,i01-g000006-n000000168,i01-g000004-n000000120;i01-g000002-n000000066;i01-g000005-n000000126;i01-g000004-n000000118,de_trial,108.99656925626242,,,,,real_vector,8643d9d0ad14058425051ec9f5791542,UJl9Te6jEcCOHQuze3ABQCy89FqGEO+/gCXkv1Mu8j8qSj4RjavuP+y0YinGEdc/u/EhwE9JAMA3qME3ZyH2vy4e3slVEf0/eq0dNj4GAMA=,compact,4,10,,
run-20260903T230838Z-4891f68f,1,178,169,6,1788476919.131767,5867906000000,i01-g000006-n000000169,i01-g000005-n000000145;i01-g000004-n000000109;i01-g000002-n000000066;i01-g000005-n000000123,de_trial,164.29430296556305,,,,,real_vector,424e35d08b3d1b4c61de3f8b6450b274,dzJ4l8D98T/awvbkdWDiP2r2taC6Fu2/ruJr0nVg/b+MZSBkKz8LQKoxWg7XH/w/9nXM5p7f57/khsxaHuThP5K40ngsiQRAidmtjKmkDMA=,compact,4,10,,
run-20260903T230838Z-4891f68f,1,180,170,6,1788476919.132768,5867906000000,i01-g000006-n000000170,i00-g000002-n000000048,migration_arrival,90.729540967393,,,,,real_vector,cee9d4f3e424c1130bc30c49555db8b9,2r3QT4mrB8Dwzc7PKCrBv2RAKm+A1/E/YAdDfpQXs7/hGC6llccHQMylAJtEF+0/Ynxo5RdPAMAgzNyXM8rYv4kr/jSMkALApAG/2qlz9r8=,compact,4,10,0,i00-g000002-n000000048
run-20260903T230838Z-4891f68f,1,181,171,6,1788476919.132768,5867906000000,i01-g000006-n000000171,i00-g000004-n000000103,migration_arrival,104.51540273978068,,,,,real_vector,6c36cdbe8725503c04dcc22ead56bf05,MCVgLH8c5j+AUgFHImOxP4iY55ZHoQDAGFu4AqYyEMCwLQ6/uFLFv4hR2NiaMMU/VgyaVaRe779gtR1x4aSqP7R9R7PTLPs/nrA7nl/TEcA=,compact,4,10,0,i00-g000004-n000000103
run-20260903T230838Z-4891f68f,0,178,168,7,1788476919.131767,5867906000000,i00-g000007-n000000168,i00-g000002-n000000048;i00-g000004-n000000118;i00-g000005-n000000129;i00-g000005-n000000134,de_trial,153.23151589916517,,,,,real_vector,5f7e5a966a5b02ab2a08e5be853a36ce,jE7foHyAAMDgDQtWwl78v2RAKm+A1/E/HdQT6d2a+r9gUaAI4Xv5Py9G3tu0hgRAohBZ5tYb/D9aknVJEgkFwPhS4zm3fOc/pAG/2qlz9r8=,compact,4,10,,
run-20260903T230838Z-4891f68f,0,179,169,7,1788476919.131767,5867906000000,i00-g000007-n000000169,i00-g000006-n000000145;i00-g000004-n000000099;i00-g000006-n000000148;i00-g000004-n000000115,de_trial,164.55159109993963,,,,,real_vector,cd2f04411878bde103cad1d6ff26eaef,EFspHzo55L+M5EfffVwDQLeWivwchP8/9vv46AyL+D/ujGagUeX2PwQn5W0EB/a/lLelKJCa/L/cnOioT7sPwJhIUsRFjNG//mEE6yb7DkA=,compact,4,10,,
run-20260903T230838Z-4891f68f,0,180,170,7,1788476919.132768,5867906000000,i00-g000007-n000000170,i00-g000000-n000000002;i00-g000005-n000000129;i00-g000003-n000000078;i00-g000004-n000000118,de_trial,154.81634742086874,,,,,real_vector,c4eddde6444a86d5fbfbfcdd6d08953f,jCeK0+9IEsBpzTpOc3AHwHeN/ygmAA3AAMH5CIWPh78kAjaDXhPyP3bcTxrxdgPA7y/+lhHb/z96HtV++LDpv7iSJxW6Usm/Nem0mXzaCkA=,compact,4,10,,
run-20260903T230838Z-4891f68f,0,181,171,7,1788476919.132768,5867906000000,i00-g000007-n000000171,i00-g000004-n000000099;i00-g000005-n000000137;i00-g000000-n000000002;i00-g000004-n000000118,de_trial,187.0790463322686,,,,,real_vector,d0d90133b87839d6d38c78ef4bf15e95,CkAqHPls+r+80kiwEiEUwEcEGI2SSQTAONTDwAip+r9U88hzYigAQGjTyKxrBbA/e5dcA+OY+T/VM1D12BcIwN3E9uJ34RDAwShXcnqxEUA=,compact,4,10,,
run-20260903T230838Z-4891f68f,0,182,172,7,1788476919.132768,5867906000000,i00-g000007-n000000172,i00-g000006-n000000148;i00-g000004-n000000103;i00-g000005-n000000136;i00-g000005-n000000129,de_trial,110.02524080716839,,,,,real_vector,025ecc7a8dbb6cddca889167e502c58f,geNHNVEHCUDAQpg+TqjFv+AXpurXvtW/Veaab6KLCMC4mu5kPmjtv+OFuyJUO+0/AB6cy4smA8AU7ef1uJXbv04mQRNxpPs/FC8bTeby/r8=,compact,4,10,,
run-20260903T230838Z-4891f68f,0,183,173,7,1788476919.132768,5867906000000,i00-g000007-n000000173,i00-g000005-n000000125;i00-g000000-n000000020;i00-g000003-n000000078;i00-g000004-n000000114,de_trial,140.0481170101749,,,,,real_vector,bfa089cac85353a48e247065fc9240c5,mGqld8Bl4j+0UlmAwLPcPxvLNNpjmQfA4ChEbfQ09D9w1XGMCgXfv5BhWDlLjvW/QFkYOCvutr9Uo0zPsqETwBSc44YGCeg/hCQ+D4YJAEA=,compact,4,10,,
run-20260903T230838Z-4891f68f,0,184,174,7,1788476919.132768,5867906000000,i00-g000007-n000000174,i00-g000003-n000000078;i00-g000002-n000000058;i00-g000004-n000000118;i00-g000006-n000000156,de_trial,152.73043566412977,,,,,real_vector,adede86e89762b7e3c514d3e2af638e4,OFchzqlEBcAQGMacuYHkv9SSYLDJWxBArumxWH178D8ngp06GEPzPwcQ4w6aygTA98c9VdKJAcBsd4BQ0R/+P/nMtczZnARAMo6nOzQUD0A=,compact,4,10,,
run-20260903T230838Z-4891f68f,2,180,170,6,1788476919.132768,5867906000000,i02-g000006-n000000170,i01-g000006-n000000160,migration_arrival,88.39684770742207,,,,1,real_vector,bc87a18df809eb89a2d0d4da28cc7d06,"[-1.8845307722110585,2.9009239610038486,1.0105133565342745,-3.3872291095727487,-2.0993283841313533,0.5552824042826513,-1.0667807615083575,0.8480578541538006,1.917899307380615,0.8680583072061805]",full,4,10,1,i01-g000006-n000000160
run-20260903T230838Z-4891f68f,2,181,171,6,1788476919.132768,5867906000000,i02-g000006-n000000171,i01-g000004-n000000107,migration_arrival,89.22673662666013,,,,,real_vector,ed3fbd88ebf7dbaa3f873089cb257ca7,P+35v4ve/78M6OpDO17tvyrBjGIiJ/W/6C3RZRZxB8AEs1AYjsrtv5YjaLQplf0/OUJF0pV88796zx3yvYvfP9z/WzWPQf0/wGvoRItVz78=,compact,4,10,1,i01-g000004-n000000107
run-20260903T230838Z-4891f68f,1,184,172,7,1788476919.132768,5867906000000,i01-g000007-n000000172,i01-g000006-n000000146;i01-g000006-n000000160;i01-g000006-n000000170;i01-g000006-n000000171,de_trial,171.02326001969018,,,,,real_vector,a12cd48fbb8be4c7e9a2daa6836073ad,hQEMbNmsDcA4EovPOWYGQHs/Eu4L3ARAYyscxYdl9r+AHO9VMPTgv8BOM41uqu0/GtwshPeI+b8LexZIlhvkP2Ag5vftc7e/LrZPtT0oA0A=,compact,4,10,,
run-20260903T230838Z-4891f68f,0,185,175,7,1788476919.132768,5867906000000,i00-g000007-n000000175,i00-g000004-n000000103;i00-g000005-n000000133;i00-g000004-n000000114;i00-g000002-n000000059,de_trial,181.6819119227515,,,,,real_vector,9273c0ac496aab760388c65d3063115c,1GjO2LQB1r+azSrSn6AQQAR56phQygfAAELr8igdBsDHMjVGpUkQQP7lNWnDbhDABJDCWGmLC8DRZvuMlxsUQOxYv5Skeu2/xG8BM7ohDsA=,compact,4,10,,
run-20260903T230838Z-4891f68f,0,186,176,7,1788476919.132768,5867906000000,i00-g000007-n000000176,i00-g000002-n000000056;i00-g000004-n000000114;i00-g000005-n000000137;i00-g000005-n000000136,de_trial,171.1096811724272,,,,,real_vector,1d5d3c0161ca97352b432ec10848d89a,gALnMlRCC0BxYmgK8q/uPyC/cSP97aU/65lLp6LH8L+meKex3aoRQIPctvSuQhLAgIWpWEep479krOp/d2D3P7aCGha8U+8/4MpyU+b92j8=,compact,4,10,,
run-20260903T230838Z-4891f68f,0,187,177,7,1788476919.132768,5867906000000,i00-g000007-n000000177,i00-g000005-n000000129;i00-g000005-n000000125;i00-g000000-n000000002;i00-g000004-n000000099,de_trial,157.17643358872425,,,,,real_vector,f34365360b3f1453bb8cbac591909d9b,XXbSEyilA8Aiy55uFngQQHgT+BNsL8G/AGjaGHOpXb8Sf1yndOACQABRveLlQrY//eEl0Hks6z8gcGRD+fURwBy19VwMgBHAWyNvVZ/v/78=,compact,4,10,,
run-20260903T230838Z-4891f68f,0,188,178,7,1788476919.132768,5867906000000,i00-g000007-n000000178,i00-g000002-n000000058;i00-g000004-n000000099;i00-g000002-n000000048;i00-g000005-n000000137,de_trial,190.80737749055126,,,,,real_vector,c3402037c5a246e1fb43df6e80645012,xlJmrQneDMDgziRbBeMRwEi8tY5ehwlAecLl+mjJEEAYSmM85nvWP5WRZYBBVNg/kK0j71A1AMBimtn+W7ANwO5gan4K2+i/mgohFOqu8j8=,compact,4,10,,
run-20260903T230838Z-4891f68f,0,189,179,7,1788476919.132768,5867906000000,i00-g000007-n000000179,i00-g000002-n000000059;i00-g000005-n000000125;i00-g000005-n000000135;i00-g000006-n000000167,de_trial,171.55218944239903,,,,,real_vector,c716ad57970f4ea532dcd84f30201d68,oKJXRlS/+7+CZLP2EJcSQM/hNKN2Gfu/gLy28S5t+z+JTARa4/T8Pw3bdyu9NPq/OJ7n81vb0r8TSGEE0mkCwFBDw1JTTMY/tofc5UKzEEA=,compact,4,10,,
run-20260903T230838Z-4891f68f,0,190,180,7,1788476919.132768,5867906000000,i00-g000007-n000000180,i00-g000006-n000000156;i00-g000006-n000000148;i00-g000005-n000000135;i00-g000002-n000000058,de_trial,163.6350277410944,,,,,real_vector,63ed84a23ea1e3c323986664c56103b5,NlHuWkXLCUDoDhtOzeXsPwBwIsVyibw/v/QbSlidA8AO5E2CJqYMQDBSbJgC2fw/9i6biFY577/UllUoCd8RwLZ6otYdpus/O9xNlkrlCsA=,compact,4,10,,
run-20260903T230838Z-4891f68f,0,191,181,7,1788476919.132768,5867906000000,i00-g000007-n000000181,i00-g000005-n000000133;i00-g000004-n000000117;i00-g000005-n000000125;i00-g000003-n000000078,de_trial,225.95595986024162,,,,,real_vector,d9fc977010a1c9af6424cceedcd1d80b,BPZTo8XQ9L+mzksbY+HqPzs2V97RchLAXzf3sFEN9j9G7qVFvEsDQLYMSyktQBBAVh7Y8xuDE0D4JyOj1boMwGj2efh/vg3AQMw5TJL1AsA=,compact,4,10,,
run-20260903T230838Z-4891f68f,2,184,172,7,1788476919.132768,5867906000000,i02-g000007-n000000172,i02-g000003-n000000072;i02-g000004-n000000100;i02-g000006-n000000169;i02-g000005-n000000141,de_trial,151.91998282805721,,,,,real_vector,9b06e9dde1a435e7e3582be558b0151a,M4eyKwQYC8DyDo5CBb/wP18d69g1iec/sJwJ/wh5+z890W9WZwP2P3CqwsvNmwdAFPMBqU5i1L/QNx/zCSvhv1B++9knVfs/MLgTa484AkA=,compact,4,10,,
run-20260903T230838Z-4891f68f,2,185,173,7,1788476919.132768,5867906000000,i02-g000007-n000000173,i02-g000006-n000000147;i02-g000005-n000000141;i02-g000001-n000000030;i02-g000006-n000000157,de_trial,201.2271978071131,,,,,real_vector,4e0b0092b1fbc628f4b259393081329d,TOH1I0CICUA4HeSiGKEEQJaKTBRrfvu/MPpeUuR91r/tLUtWHybxv6ssR1RanBFA2Imojbmc3b/MC8LDKjsRwN4EMi2wdgRAtBgToOWx/L8=,compact,4,10,,
run-20260903T230838Z-4891f68f,0,192,182,7,1788476919.132768,5867906000000,i00-g000007-n000000182,i00-g000005-n000000134;i00-g000005-n000000135;i00-g000005-n000000137;i00-g000006-n000000148,de_trial,202.66836338098324,,,,,real_vector,f850a4deee8d0382947f1fd514a3fef7,AHn/rHUT4L+oH1cWPWX2PxiOp53WjgPAACP6OiqPD8AC2XhmeakLQPxZke1E5tA/gyae8PgsEcAcXsmQBXUSQOBX+8awve2/ZJvXf2o16j8=,compact,4,10,,
run-20260903T230838Z-4891f68f,0,193,183,7,1788476919.132768,5867906000000,i00-g000007-n000000183,i00-g000005-n000000135;i00-g000000-n000000002;i00-g000006-n000000156;i00-g000004-n000000114,de_trial,122.12412347573658,,,,,real_vector,591bc5bdae68b07ef0030dde9c5dc8d9,hg57uXwREMD6895CIjwKwEWIwUBJbPI/fGJjCcvW+r8YNwowIu3Cv0dQJK44TBBAcobs2Jl2879oIS7M7UIGwDj92/IU0vO/BMpUhU+U7D8=,compact,4,10,,
run-20260903T230838Z-4891f68f,2,186,174,7,1788476919.132768,5867906000000,i02-g000007-n000000174,i02-g000004-n000000100;i02-g000006-n000000170;i02-g000003-n000000081;i02-g000006-n000000158,de_trial,169.38129621040133,,,,,real_vector,ed6801dfd7b6dc8324077d2384402c4f,eDqKZDwz4z/F8XVSm1kSQPCx7PoBFQJARggY34uyD8CYXaYkJ2jivyjbimx7nQZAIBBrjHiWqL+zxedRYvX0P8MEE8zP3A9AEceXKeTt9D8=,compact,4,10,,
run-20260903T230838Z-4891f68f,0,194,184,7,1788476919.134240,5867906000000,i00-g000007-n000000184,i00-g000005-n000000136;i00-g000006-n000000156;i00-g000004-n000000118;i00-g000005-n000000135,de_trial,182.83721252285451,,,,,real_vector,69a5022b22c20d415c7a1e34d2287a0d,U6CRXg+YB0BQ4ZPECNLWPyzfEt6ZNwNAmj7ElqmZEsA0+wu5mDzaP57LrFfTgeQ/THCIHUWs+7/U9jVOI58EwEPv/QGDXP8/Kp4vnMRbD8A=,compact,4,10,,
run-20260903T230838Z-4891f68f,0,195,185,7,1788476919.134240,5867906000000,i00-g000007-n000000185,i00-g000005-n000000137;i00-g000000-n000000002;i00-g000002-n000000056;i00-g000005-n000000125,de_trial,111.32460179165138,,,,,real_vector,872d6e2997abd870ac0e88161049af13,gWQnxwX1DcA51vb2Ht4PwNDpsnsEJtU/E+VSrvXm8T/y1BUO4xDVP8Cg7KU8yvw/QDZpVNSf478sZy5Afy/wP2BUkSmjfss/YOCkB52mor8=,compact,4,10,,
run-20260903T230838Z-4891f68f,0,196,186,7,1788476919.134240,5867906000000,i00-g000007-n000000186,i00-g000004-n000000114;i00-g000004-n000000099;i00-g000005-n000000135;i00-g000006-n000000156,de_trial,188.72710607671283,,,,,real_vector,ff9529ca1901356f593146472f91468b,Imjx6/p7EsBPaXDKDlESwNR7zCNKSde/4hCCFbL0DUAeoqJvFUL1P3SxJAOC+Lw/4D6kCKoiAMB1kVp/OHjxv4fkT+zxfvi/oTp/fr1E+T8=,compact,4,10,,
run-20260903T230838Z-4891f68f,0,197,187,7,1788476919.134240,5867906000000,i00-g000007-n000000187,i00-g000004-n000000115;i00-g000005-n000000137;i00-g000004-n000000114;i00-g000004-n000000103,de_trial,175.0037033655234,,,,,real_vector,3191c934f938f7225646df685a1c2b13,uaYmiZZrA0CEP7jlyfrav9Q8UWSFAfO/WJ8Qf68X/L+BRT1uUN8QQJEoG6LlOgHA8Nd4wQC89D+c8kCzyJP0P8hLR5fqAAPAEdEmRDbZE0A=,compact,4,10,,
run-20260903T230838Z-4891f68f,0,198,188,7,1788476919.134240,5867906000000,i00-g000007-n000000188,i00-g000000-n000000020;i00-g000004-n000000115;i00-g000004-n000000117;i00-g000006-n000000167,de_trial,137.25081258250344,,,,,real_vector,cb529b0d2c1e272685b2a0f809fac9fd,biPiWoIj8r9yECZYn0AMwGEfU55Od/m/ZKZdAIKj8j/gGv4vSsAIwP7irgRhVAfAVGWNHBNB6D/633++v+sLwJRB9wdEOgDA5IkWP79i/j8=,compact,4,10,,
run-20260903T230838Z-4891f68f,0,199,189,7,1788476919.134240,5867906000000,i00-g000007-n000000189,i00-g000004-n000000117;i00-g000005-n000000137;i00-g000006-n000000156;i00-g000004-n000000118,de_trial,137.80474090790187,,,,,real_vector,f52eeae1e976dfbc1125f75de7bb667e,ZIaQ/UiM/z/G6Pp8Rx7qvyrKpdkblQvAN7FjdyQnEMDcg+2+OMUAQJ6eh6f6HfC/iMjqgASw/z9rE+lc0mUEwEcXd1zAjA3AxiRQqeNhBkA=,compact,4,10,,
run-20260903T230838Z-4891f68f,0,200,190,7,1788476919.134240,5867906000000,i00-g000007-n000000190,i00-g000004-n000000118;i00-g000006-n000000156;i00-g000000-n000000002;i00-g000005-n000000133,de_trial,152.14521530854705,,,,,real_vector,c8ba9dffc4f22442bb7e18c75c2084be,O6Bl+oG/AkBQN5pyW4H4v0v/NaEajgBA5YeKz4v0EcBm4UvZBtMAQEbx6rudzgBAasr2qfZ8/L8L6T9Ml0wOwP66pO901/4/D8/r4bS6AcA=,compact,4,10,,
run-20260903T230838Z-4891f68f,1,185,173,7,1788476919.132768,5867906000000,i01-g000007-n000000173,i01-g000005-n000000123;i01-g000006-n000000158;i01-g000001-n000000032;i01-g000006-n000000164,de_trial,167.8009925937405,,,,,real_vector,98c9500f3b790e442d843ae2a3e935c4,9uEsIOp8DsAKOVv38ar5v/pRQWfuxde/NPXmu+PEyj+uooIV2dIRQAyka1sfhwpA9vZmp+sUB8Co/+ep6g7OPwwKL6P7Bei/xHCtFrHZ8r8=,compact,4,10,,
run-20260903T230838Z-4891f68f,1,186,174,7,1788476919.132768,5867906000000,i01-g000007-n000000174,i01-g000004-n000000100;i01-g000003-n000000097;i01-g000006-n000000146;i01-g000005-n000000123,de_trial,144.69981377406697,,,,,real_vector,ad5d97e68831efd15d6aefd723b7b40e,QoDlraA2AMA+NjTz/MoNwDLyb/QDvPg/n0OBvaHw6b9r4uvwcjTkP4kV8Gfx1AJAcB9RbyYB1L+IimN44ocFwPyilknxgO8/gV4AymRv/D8=,compact,4,10,,
run-20260903T230838Z-4891f68f,1,187,175,7,1788476919.132768,5867906000000,i01-g000007-n000000175,i01-g000004-n000000101;i01-g000003-n000000097;i01-g000004-n000000107;i01-g000006-n000000168,de_trial,142.74357537875198,,,,,real_vector,8611acd67ec02dbcfe49529e32b6892e,OFdNYbGBBsDSzFLC4RLjP7JEz2b6cvY/BL+E2NCDAcA4wnuo0wi7v/0myl3T+gVA9qhqaOk/9b//Pzoxus/zv8jcTCaQbMe/fzvB48SdE8A=,compact,4,10,,
run-20260903T230838Z-4891f68f,1,188,176,7,1788476919.134240,5867906000000,i01-g000007-n000000176,i01-g000005-n000000126;i01-g000005-n000000123;i01-g000003-n000000091;i01-g000006-n000000156,de_trial,167.99442338203977,,,,,real_vector,dc2da320791f54688ded32a4550de58d,tb9yiQZz9b/odvw6ak8RwN8WnjjYAOu/LOkqeCKz4T8ghuanuCH/v5DGvTGcAwDAmLbQ46rz97+rcNmuWofkv366HZdWbuc/NBv9xYrtEkA=,compact,4,10,,
run-20260903T230838Z-4891f68f,1,189,177,7,1788476919.134240,5867906000000,i01-g000007-n000000177,i01-g000006-n000000171;i01-g000005-n000000126;i01-g000003-n000000091;i01-g000006-n000000158,de_trial,161.05569792778513,,,,,real_vector,2e347b306f0a0c69b5166591f63e9a04,joVOROiL9b+6riUmGkYCwIiY55ZHoQDAbJBzcWXt77/ohaYNdyUFwAxhaLgyG/q/HPa0xuEbBcDtvhKK2loBQLR9R7PTLPs/vWyh1mJ0DUA=,compact,4,10,,
run-20260903T230838Z-4891f68f,1,190,178,7,1788476919.134240,5867906000000,i01-g000007-n000000178,i01-g000003-n000000097;i01-g000005-n000000123;i01-g000001-n000000032;i01-g000005-n000000135,de_trial,135.2520398171993,,,,,real_vector,6dd3c41f251a6356d744900cdb6747ce,iBP+CMA1B8Dy9CnPXln9P4VNRf8zle8/8CDqkk1HtD/rwtrnDwb5Px5f41GLOPq/4JKI15xtC8BGO8PbcV3jP4BjRNR1Lci/ACaQYyrG2b8=,compact,4,10,,
run-20260903T230838Z-4891f68f,1,191,179,7,1788476919.134240,5867906000000,i01-g000007-n000000179,i01-g000005-n000000129;i01-g000005-n000000126;i01-g000003-n000000087;i01-g000006-n000000158,de_trial,197.5857916728333,,,,,real_vector,b2cb07a3fb722f791f895e2d6c51393f,8oIWRht4A8D17uLJ26j5vwzIkoze9NM/wKKkWaYL1j/M9nPcknoNwPznkb6xCMC/3W6srJtnDcAoFLTdYj4FQBgWuyIsswRAMd8Iwez/D0A=,compact,4,10,,
run-20260903T230838Z-4891f68f,1,192,180,7,1788476919.134240,5867906000000,i01-g000007-n000000180,i01-g000001-n000000032;i01-g000003-n000000091;i01-g000006-n000000168;i01-g000004-n000000109,de_trial,179.49072122955272,,,,,real_vector,f40ce5e6be3c87bdeaefd8899f4dbfca,EZna6uKH/7+vROEZo3MHQO1RYo6XnwvA/VVdc7mmA8BEKiiyYUIDQLCcIIVbK/i/E3Yepiq89D8GIM9WEzH8v3kar3kuegVAosblvxI8CUA=,compact,4,10,,
run-20260903T230838Z-4891f68f,1,193,181,7,1788476919.134240,5867906000000,i01-g000007-n000000181,i01-g000004-n000000107;i01-g000003-n000000096;i01-g000005-n000000123;i01-g000005-n000000129,de_trial,170.88331379002508,,,,,real_vector,a37df754e859f9be795102e21fd145b6,C7A7t6/WCcDcDq79M8fbvxCDJh7ERc0/mGTmDfPX+D93+zd34YINQEbPZ39eiPG/OUJF0pV88796zx3yvYvfP+Ba7PwB3Pe/rBcgvbFV3D8=,compact,4,10,,
run-20260903T230838Z-4891f68f,1,194,182,7,1788476919.134240,5867906000000,i01-g000007-n000000182,i01-g000006-n000000156;i01-g000003-n000000087;i01-g000006-n000000168;i01-g000005-n000000135,de_trial,141.62155370584952,,,,,real_vector,e691fd18cf78b7f3ec92af020aa0df30,XHe9T9WiBMAAV+fVPdHnP4hvt/aAaee/rF6+StH1679IVrCuVzjfP4AZvzDl96a/LmmZ2NfTBMDYMuqSdiLKP1xHu/pe5Pk/SAs9xuck2L8=,compact,4,10,,
run-20260903T230838Z-4891f68f,0,201,191,7,1788476919.134240,5867906000000,i00-g000007-n000000191,i00-g000006-n000000167;i00-g000002-n000000058;i00-g000002-n000000048;i00-g000005-n000000129,de_trial,125.67400939047529,,,,,real_vector,a28b16e05666cf18daaee51af949f691,Cv8NYpuL9L/jHW70dd/hP4CcUYvSwq+/YGbbUYWnyL+feh4sSR34PwvqTyRfVwbAGk7B0ie1D8Csm4CLjrP5P5pZtKOSKghAXCjsfSGS7b8=,compact,4,10,,
run-20260903T230838Z-4891f68f,2,187,175,7,1788476919.134240,5867906000000,i02-g000007-n000000175,i02-g000006-n000000149;i02-g000002-n000000062;i02-g000006-n000000151;i02-g000006-n000000171,de_trial,180.39549175009114,,,,,real_vector,aa1a6448a938c4a411e7626344b2e988,S5DGfb5kDUAqVFwUHtkPQJhxsGqKxvM/kbEoxBXBCUD05pmRkVP3P9HqYS7+AvW/yB0doY7U8r+VvZCqBAMPwNB+BSuuAA1AKI3h2Biq5T8=,compact,4,10,,
run-20260903T230838Z-4891f68f,2,188,176,7,1788476919.134240,5867906000000,i02-g000007-n000000176,i02-g000005-n000000126;i02-g000001-n000000046;i02-g000004-n000000100;i02-g000004-n000000114,de_trial,166.3161419681959,,,,,real_vector,c5b2200a26dd6172c56c44d216e6efb1,HG7Sd007CMDcn3/tQJADQGRH3zGzAse/onBaW4Yv4z8QK2upHjDdv/IPy6aVuAXAtJGqgPlICcD0BfceODcNwMj/4Rn7++Y/9sMWA/6XAUA=,compact,4,10,,
run-20260903T230838Z-4891f68f,2,189,177,7,1788476919.134240,5867906000000,i02-g000007-n000000177,i02-g000006-n000000151;i02-g000002-n000000062;i02-g000006-n000000171;i02-g000005-n000000141,de_trial,129.59318974911122,,,,,real_vector,716f395ef6da3b0ab753f897d62b0728,+PTv2UmB3L+MFYpE1K3yP9JzB11QSPk/+PK2gRs+4L8ydScqvrjzP9YTDvlN5P+/Wk8LziE6/L+OaEWuomLzvygYWLjU/A9AONCt6nJQ0D8=,compact,4,10,,
run-20260903T230838Z-4891f68f,2,190,178,7,1788476919.134240,5867906000000,i02-g000007-n000000178,i02-g000001-n000000030;i02-g000004-n000000108;i02-g000001-n000000046;i02-g000005-n000000141,de_trial,137.29136445683486,,,,,real_vector,49f29c49ed8c95de67488e8145938371,ZAne7b+h/79tKo2Sie3yPxAxHDaFP/O/WmJuGnKWCUByokPpo4PqPw+gRPb1cAPA8wj61LDMEMAjoFaJgavyP6pEJ3BzSxDAZk1C5AbJ9j8=,compact,4,10,,
run-20260903T230838Z-4891f68f,2,191,179,7,1788476919.134240,5867906000000,i02-g000007-n000000179,i02-g000006-n000000170;i02-g000004-n000000100;i02-g000006-n000000149;i02-g000003-n000000093,de_trial,129.84885470120432,,,,,real_vector,3ad3f9b8c59076fcced58bda6b6e6f20,4uR/56Z0CMCrk45XeWTwv9T0jAqm2co/SvPPEA7I9D/ekzbPY2j2P0xOcYc8Lvi/NeLDsjeV8z+wMvf+AukBwFUKn0TCMRRA5BcPNyLH6z8=,compact,4,10,,
run-20260903T230838Z-4891f68f,2,192,180,7,1788476919.134240,5867906000000,i02-g000007-n000000180,i02-g000006-n000000171;i02-g000005-n000000141;i02-g000004-n000000111;i02-g000003-n000000093,de_trial,126.38476881322319,,,,,real_vector,3f6321f6cc0acec4242bfac582b8ae8d,WEjFdTl7zz/ocvK0h47Qv6V6XVqe0fm/MtD7Xjup478wHSCzP6Giv5YjaLQplf0/ijU1xIp89T+Gln7WC84CwN57EPhLX+k/Artua2+J5r8=,compact,4,10,,
run-20260903T230838Z-4891f68f,1,195,183,7,1788476919.134240,5867906000000,i01-g000007-n000000183,i01-g000004-n000000109;i01-g000006-n000000164;i01-g000005-n000000126;i01-g000003-n000000087,de_trial,184.0145971145772,,,,,real_vector,a4be4e6f830954ff7c51df86ed24ed8b,ohCTCnG8BMDQWdMMSifsPxRIVPyetQJAmj0DNzPc4T/EmmuaYQ4FwCmcVfXImArAIm/yPv4EB8DWrJ7shQHovyVfV/szFgXAq1HDsEKMEMA=,compact,4,10,,
run-20260903T230838Z-4891f68f,1,196,184,7,1788476919.134240,5867906000000,i01-g000007-n000000184,i01-g000006-n000000158;i01-g000006-n000000146;i01-g000003-n000000096;i01-g000005-n000000126,de_trial,118.81806676568158,,,,,real_vector,941e35cb4a7ec6b635fd748e071559ab,g65l2mZeAEBWFJ4+YM8JwM5Xeuez8t6/0EGsh/dj57+yMYlq6rMBQCCZcziAgIe/7k9F9gVz8D/47btlt+gAwGrE6DZnNgRAKE5AHS4eEMA=,compact,4,10,,
run-20260903T230838Z-4891f68f,1,197,185,7,1788476919.134240,5867906000000,i01-g000007-n000000185,i01-g000005-n000000135;i01-g000003-n000000096;i01-g000006-n000000146;i01-g000005-n000000145,de_trial,109.3806134904185,,,,,real_vector,b2a70f01dc57d5b9a5628ee2ac4785c2,SEje1MJL4b8HoHj3BI/0v0AAGWdyJLa/oG5xgXtxmr9aj38/LFUDQOCF5uKC4Ly/4LcvDX7D8r+GlAT947XRvyZ+g77MPfm/REzUqe/s8j8=,compact,4,10,,
run-20260903T230838Z-4891f68f,1,198,186,7,1788476919.134240,5867906000000,i01-g000007-n000000186,i01-g000006-n000000160;i01-g000003-n000000087;i01-g000006-n000000164;i01-g000005-n000000129,de_trial,120.97727551248967,,,,,real_vector,fdcab86938adb95e916bdabd31e92477,mOIOpL7j9b9MqWhIMr4JwFkZv2wGzvy/gJudcjXuib9Ick731IPlv9UgvezutgDAJiQOXipR67/goXXmqyWmv/B9kjUZFdY/+VmCbud0DEA=,compact,4,10,,
run-20260903T230838Z-4891f68f,1,199,187,7,1788476919.134240,5867906000000,i01-g000007-n000000187,i01-g000003-n000000087;i01-g000006-n000000146;i01-g000006-n000000170;i01-g000004-n000000119,de_trial,129.6410931099455,,,,,real_vector,dd4da01742846848a2baa4dda9d8be70,ZcndmNf79L/IwV+88RcRwNYv5VkAycC/YutJ/Fft5z8MhgdPF9/oP8SwX7pEO76/QF+VcL6dtL9CM3ju81v3v+oyrX6rMBFANBDixV5RAEA=,compact,4,10,,
run-20260903T230838Z-4891f68f,2,193,181,7,1788476919.134240,5867906000000,i02-g000007-n000000181,i02-g000003-n000000081;i02-g000006-n000000147;i02-g000003-n000000072;i02-g000001-n000000046,de_trial,114.7010219259073,,,,,real_vector,0037ff73453d7bc3ee5fdfe93e8e1f7b,/DwqbB5yEkD+OyKJxF3xP2i+R83CGcM/JlDTcb799r9+BZ1m+lDuv1OD/RpeHvY/yeyvSUZo7z9Q65mhjvT+v8ygyQ0gKeQ/xOju0/AyAMA=,compact,4,10,,
run-20260903T230838Z-4891f68f,2,194,182,7,1788476919.134240,5867906000000,i02-g000007-n000000182,i02-g000004-n000000108;i02-g000006-n000000170;i02-g000006-n000000151;i02-g000003-n000000087,de_trial,153.85329467272757,,,,,real_vector,545f092823e8925857ea89ff5581a173,YO2w06ia0b/DRuoZbzMTQFHEsXbfCwDAEPgmbsv7CcAYLvyG9vr7v0YW9dSBngVAJJN3XMJW+L/8yA+troHUv6JnSav5SA9ARiYozCr17z8=,compact,4,10,,
run-20260903T230838Z-4891f68f,2,195,183,7,1788476919.134240,5867906000000,i02-g000007-n000000183,i02-g000006-n000000157;i02-g000006-n000000147;i02-g000006-n000000164;i02-g000006-n000000151,de_trial,83.06011964580935,,,,1,real_vector,aa12d4c52d9ee42c338287f287a6214f,"[-0.04519899920756343,1.362259757849636,1.9571182630704826,-0.8773773427052325,0.8725285711110522,-1.2380674796226798,2.7337573896104175,-1.0861112290971315,1.2531307121316075,2.959374910872418]",full,4,10,,
run-20260903T230838Z-4891f68f,2,196,184,7,1788476919.134240,5867906000000,i02-g000007-n000000184,i02-g000006-n000000158;i02-g000003-n000000081;i02-g000001-n000000030;i02-g000003-n000000072,de_trial,196.5420101328436,,,,,real_vector,ed81bb440dc26d8b6089fc40627f8f92,iLkt5nB1FEAlerign0YLQO0iiWkF1/G/IKo0xNPqxL/XjvbOC2sFQPoJBSg5/QPAqEOm/dHH9z+Tq4a+YXr1P0r+usWZ3fg/GCoh7n+Q3j8=,compact,4,10,,
run-20260903T230838Z-4891f68f,1,200,188,7,1788476919.134240,5867906000000,i01-g000007-n000000188,i01-g000003-n000000096;i01-g000006-n000000156;i01-g000005-n000000126;i01-g000004-n000000109,de_trial,181.54838466554497,,,,,real_vector,68e326bc34682cb004396481876c874f,/tbj/PWoBsAkiOyanLzcv1mtNwMHs/a/uCaC4cak9b8RLcbaF1QMwMoPBoeokeA/0y6FKcVeBMCTF2iX/97wP4/bnUH1XQFAPnUHGiH+4D8=,compact,4,10,,
run-20260903T230838Z-4891f68f,1,201,189,7,1788476919.134240,5867906000000,i01-g000007-n000000189,i01-g000001-n000000041;i01-g000001-n000000032;i01-g000005-n000000123;i01-g000005-n000000126,de_trial,101.46572847710183,,,,,real_vector,b20aee4a5962ccafccb89f5491d3b497,jRvvnKa2B8C0RovpY00BQMKNi8LcR+e/UeIFFHaK7b8zYTwkp6kPQMr41WdOsOy/QvwgD0byEMB4w7zz94rlv5nGhTxDk/I/N8c4TQMG8b8=,compact,4,10,,
run-20260903T230838Z-4891f68f,1,202,190,7,1788476919.134240,5867906000000,i01-g000007-n000000190,i01-g000006-n000000164;i01-g000001-n000000032;i01-g000004-n000000101;i01-g000003-n000000096,de_trial,152.32282843941843,,,,,real_vector,d73d84fd59ac316ffe929b31c1318294,bFQxsF3lDMC5FKqYUF8KQErnlXY05v+/ZBGpr14z8j940tkXdh70vxR6a7KZRwjAEBjf8Uz5D8CNlg+ZjefoP0QfwIYQgQNAbf7gPYYTD8A=,compact,4,10,,
run-20260903T230838Z-4891f68f,2,197,185,7,1788476919.134240,5867906000000,i02-g000007-n000000185,i02-g000004-n000000111;i02-g000001-n000000046;i02-g000004-n000000114;i02-g000006-n000000149,de_trial,155.70936311791235,,,,,real_vector,58d49dc08dad25f38a028eb4d0b86cf4,im5QEWivCcB3VpHIozEEQHsjPthp6AhAyP27u06J97+ielBjxEgLQIDwBrPd6LW/OcQafgW5CsBk0I4ltMPUvwB8ybw2DYA/Du6B7dNuAEA=,compact,4,10,,
run-20260903T230838Z-4891f68f,2,198,186,7,1788476919.134240,5867906000000,i02-g000007-n000000186,i02-g000002-n000000062;i02-g000006-n000000149;i02-g000001-n000000046;i02-g000003-n000000097,de_trial,150.402636087015,,,,,real_vector,863133a84d1321bb845a668578409abc,3NIYJ6RtBkBy+Uvh4vn5v5DdqDa6K9u/YINfgHbPAMD+Ll8sPiAQQOp1r8EKbwPAdtA2XNbl5z/pa4FTy036P/KNzzUxaes/IsXOK3QAAkA=,compact,4,10,,
run-20260903T230838Z-4891f68f,1,203,191,7,1788476919.135744,5867906000000,i01-g000007-n000000191,i01-g000003-n000000091;i01-g000004-n000000107;i01-g000006-n000000146;i01-g000003-n000000097,de_trial,104.50010961466367,,,,,real_vector,741daa71f3f533a5e1fa4fbe4bcd1596,IrlR7fhX7z/LFFuZNsnwv0jVhJ69owLAqqAJF2mHB8B+bPRwT3f/v4BvQNmKieY/tCqG2ZaF17+cc3FgR+3wP8nrdVtvmA9AvhnS20HG4D8=,compact,4,10,,
run-20260903T230838Z-4891f68f,2,199,187,7,1788476919.135744,5867906000000,i02-g000007-n000000187,i02-g000003-n000000087;i02-g000006-n000000170;i02-g000006-n000000171;i02-g000003-n000000081,de_trial,123.05268646090917,,,,,real_vector,ed25bb293ae391ebc3c1f12cceb300ce,YD+er0G6E8BFNJxhF2/zPxbjJg3crew/bCQGdqJg/7+UPwIlzOUHwAKuxQ/bRt0/jr/cl/JUAcAQtsRjuTXGPwi36kJMfAVASL/z2JYN1z8=,compact,4,10,,
run-20260903T230838Z-4891f68f,2,200,188,7,1788476919.135744,5867906000000,i02-g000007-n000000188,i02-g000004-n000000114;i02-g000005-n000000126;i02-g000003-n000000097;i02-g000006-n000000164,de_trial,119.88061648839772,,,,,real_vector,7e9135db585a17b008491990574eb469,MC55DVzvzj/4C8o80fz+PxIpQ5SwIAvAHubPHCOO9T9HYARqGhbtvw9KOFY+z+c/RG7iSaFL7D9ETYeXApPjP8XbR1ckM/Y/DKPP4SbI/j8=,compact,4,10,,
run-20260903T230838Z-4891f68f,2,201,189,7,1788476919.135744,5867906000000,i02-g000007-n000000189,i02-g000005-n000000139;i02-g000006-n000000169;i02-g000004-n000000114;i02-g000002-n000000062,de_trial,128.74491357926934,,,,,real_vector,7207130c749ae2f81c69cff2b06050c1,sIEr9r6s7L86s1akfprwvwC0S0UQvhDA1yK6Ugtd9r8MsEJZDuIKQCjhibKZ3cq/87AxFQL957982LTsXpj4P3qx7NoCqgfAUjs3V6zP/z8=,compact,4,10,,
run-20260903T230838Z-4891f68f,1,204,192,7,1788476919.135744,5867906000000,i01-g000007-n000000192,i01-g000006-n000000170;i01-g000003-n000000091;i01-g000004-n000000109;i01-g000005-n000000129,de_trial,148.1927156483975,,,,,real_vector,aa742f80839adb35b75b8ea722fdb374,+MJfDLgKAkAVPag4iVIIwJA91TXSpArARzRHIHZICMDsJOOzcRXpv00iiyvevA/AiXrz4z3N5D+XJAQWqGLhP7D9tMyazf0/vA3REHfp3j8=,compact,4,10,,
run-20260903T230838Z-4891f68f,1,205,193,7,1788476919.135744,5867906000000,i01-g000007-n000000193,i01-g000004-n000000119;i01-g000004-n000000101;i01-g000003-n000000097;i01-g000005-n000000123,de_trial,130.25422392448348,,,,,real_vector,1a6adc97262f6bf966e3049cfa81bb0e,mOHjCuZcEMCwpzwWlxixv1xRq8FvLADA04rfeL4FDEBvCoRIbIPnP5Jeg441qwZAfAv9mAcH0z9fuQejDywCwIqjdFDFo9A/TCGsiSFcAcA=,compact,4,10,,
run-20260903T230838Z-4891f68f,1,206,194,7,1788476919.135744,5867906000000,i01-g000007-n000000194,i01-g000006-n000000168;i01-g000006-n000000158;i01-g000006-n000000171;i01-g000003-n000000096,de_trial,148.77354845943862,,,,,real_vector,6c835cffbc81938d7d38fecfa7e39bb2,Lr1YucGl8L+OHQuze3ABQPPb0yYbDPa/irrqMQzW9796e9ZmBt3wP6AkLXcbnPg/nBSUp4jI9r9ToWXttGfnv3DgAka8RMq/OOu8YgB+DMA=,compact,4,10,,
run-20260903T230838Z-4891f68f,1,207,195,7,1788476919.135744,5867906000000,i01-g000007-n000000195,i01-g000005-n000000145;i01-g000006-n000000171;i01-g000006-n000000156;i01-g000003-n000000096,de_trial,145.1138203038018,,,,,real_vector,e71288723a30448a9da0972a7b0f3c27,+AJcvaVUB8COr81NSDrgPz5ElndHdf8/80unAOaUBcD2625CmWD/v6BuoIF17tO/YA3sZZyB6b9ESYAfMynqP6SYRY4pTw5AmDz9obC3EsA=,compact,4,10,,
run-20260903T230838Z-4891f68f,2,202,190,7,1788476919.135744,5867906000000,i02-g000007-n000000190,i02-g000006-n000000164;i02-g000003-n000000087;i02-g000006-n000000157;i02-g000003-n000000072,de_trial,152.95429633329286,,,,,real_vector,9655d8fd9e6e4307254a4b9b085fa7ba,WxI2nmJK8r8rYgnqiRj6vynbG1M2rgbAhDZze7WozD/+ZshhplbpP1zoRLcXGhDAMl5HhJau4z+Uwg3qzS3hP68ZCZvD+ALAyC44rUI++D8=,compact,4,10,,
run-20260903T230838Z-4891f68f,2,203,191,7,1788476919.135744,5867906000000,i02-g000007-n000000191,i02-g000005-n000000141;i02-g000006-n000000151;i02-g000005-n000000139;i02-g000003-n000000097,de_trial,112.39712121768564,,,,,real_vector,5b6a3852038d620754a8a8b3d60e9a45,zkkz+HkJAkAnN65sIQ4JQAqAWGt7fgfAr+tcy2k//D8cRbgdljbqv77vFT/6xfC/IVqhS+QS8L9KmL6WXjjyvyP3mRM3KPi/vPKzU/ivCkA=,compact,4,10,,
run-20260903T230838Z-4891f68f,2,204,192,7,1788476919.135744,5867906000000,i02-g000007-n000000192,i02-g000003-n000000097;i02-g000005-n000000141;i02-g000006-n000000151;i02-g000005-n000000139,de_trial,112.67200233957502,,,,,real_vector,f456ea1d47461a1bf7d8e27f8b8dc210,KEv/iJnMEEDiI9wlRFoIQDQvurtwttG/1wAHf4xM4r8wX9A4rYq5vyoyMwpWiQhA4H7sfWxmuz/+8ITajdEHwEFENE4jbA9AD3hnRugC878=,compact,4,10,,
run-20260903T230838Z-4891f68f,2,205,193,7,1788476919.135744,5867906000000,i02-g000007-n000000193,i02-g000003-n000000093;i02-g000005-n000000126;i02-g000005-n000000139;i02-g000001-n000000030,de_trial,193.52735148821733,,,,,real_vector,52cfc2c33fcfe8dd9f47b2f8bcc5bfb9,ANxvotxbcD8keDpqXW8EwBg2JShlWQ/AEtkZfazCBED1ZzFdCMYDwKp6n8iB+QrAq2zlKKJKBEACQwrCr8P7v8XbIir45/K/pko02tTqBEA=,compact,4,10,,
run-20260903T230838Z-4891f68f,2,206,194,7,1788476919.135744,5867906000000,i02-g000007-n000000194,i02-g000001-n000000046;i02-g000006-n000000149;i02-g000006-n000000171;i02-g000006-n000000164,de_trial,145.16002656738473,,,,,real_vector,d186f89dc027e471c70070f2540533e4,SHSs7hz81D81rKXshnYTwPOcdWCidQPAywzMH3KH/78XmAhoK5j5P91dOVOj6+G/vrmqvMBz0j+wGEKzMBW+P+qcAIDIcAlAKOT1Ul2I7D8=,compact,4,10,,
run-20260903T230838Z-4891f68f,2,207,195,7,1788476919.135744,5867906000000,i02-g000007-n000000195,i02-g000006-n000000169;i02-g000004-n000000114;i02-g000006-n000000164;i02-g000002-n000000062,de_trial,130.8065733826774,,,,,real_vector,32eae8bfb803cc94ac5b157e1a53f91d,PMhgPAVQ5z+12V4v+JD4P7p/X7pyrP4/FFkh1ZYC/b9t1hEfg8wSQNqykFB7q/0/4KGnWTlG7D/uM6Y6hQgQQOBkrmkLt9i/LZlkBBVw8b8=,compact,4,10,,
run-20260903T230838Z-4891f68f,0,203,192,8,1788476919.135744,5867906000000,i00-g000008-n000000192,i00-g000002-n000000048;i00-g000004-n000000099;i00-g000006-n000000145;i00-g000002-n000000058,de_trial,165.18571254055266,,,,,real_vector,43755c75bab4b73c722d4910c3243dcd,2r3QT4mrB8A/EXw+UsUNwMxlkQrX1+4/oojac0FhD0AMKcw6fXHeP2A6a6oHTMQ/ACWp2xS+0L8wO75HkcgPwGFPau/PcRLAXYNHgyVKBUA=,compact,4,10,,
run-20260903T230838Z-4891f68f,0,204,193,8,1788476919.135744,5867906000000,i00-g000008-n000000193,i00-g000006-n000000145;i00-g000004-n000000118;i00-g000005-n000000133;i00-g000002-n000000048,de_trial,131.9475022097902,,,,,real_vector,cfada3d248886ad5d3ddf187e8816ebf,+asYQShl/z8P55FyVEH1P+SL7+yev9+/jDhBgW/VB8AxmA9TNCr9P0zpbXGLx9Q/OjplxRKT1r+w1X/j5zv5P+gYY5VW5gFA6pgx3wXQ8r8=,compact,4,10,,
run-20260903T230838Z-4891f68f,0,205,194,8,1788476919.135744,5867906000000,i00-g000008-n000000194,i00-g000000-n000000002;i00-g000007-n000000172;i00-g000002-n000000056;i00-g000004-n000000099,de_trial,191.99573306759135,,,,,real_vector,8117539d367e3707d858d1db640a47c0,8Bd0srOQDEDeWqwNjJwGQDx2WAFqQvk/Lg5Z3ToUC8BxCAIqWTbgv5o9NNoBytA/lPlpP+7K+79QtZy54TDiv8DRdCrCWtE/6FIbSG1++T8=,compact,4,10,,
run-20260903T230838Z-4891f68f,0,206,195,8,1788476919.135744,5867906000000,i00-g000008-n000000195,i00-g000004-n000000099;i00-g000002-n000000058;i00-g000005-n000000129;i00-g000007-n000000188,de_trial,194.49965111299835,,,,,real_vector,67b5bed92bea3792f4c897f6fa5ad397,drT+GC+tCsATCsp6QJPnPz6jAk4xzRLAurx8xr6q57/1nw8UhpUGQB4TsBU5JwXAw++Xw1DK979Ef1u54WsOQHTshsnv/v8/ybFw+ly3CkA=,compact,4,10,,
run-20260903T230838Z-4891f68f,0,207,196,8,1788476919.135744,5867906000000,i00-g000008-n000000196,i00-g000007-n000000172;i00-g000002-n000000059;i00-g000004-n000000103;i00-g000003-n000000078,de_trial,149.76790738226867,,,,,real_vector,d4bc4a94dbeb57be8befa84551e55739,/PoS2mi05T8Ehs4ufvAGwFWZFAcABQXAVeaab6KLCMDeBisqLc/1v8bgIhI8kda/dZzL+1p+EkCw6ikvW3TVP0i27DkDHPA/AGgvUx8Ycj8=,compact,4,10,,
run-20260903T230838Z-4891f68f,0,208,197,8,1788476919.135744,5867906000000,i00-g000008-n000000197,i00-g000005-n000000125;i00-g000005-n000000135;i00-g000007-n000000191;i00-g000005-n000000133,de_trial,146.78202686394079,,,,,real_vector,349fcaaaf903151ab071aff0062a464e,rjiTME+AA8D8aH+HFOfxP3z/T+HMtQHAVyY/K+ISBcBkz6uPp4UGQMBXBcQho4M/tNP1Qnl/+78wj3tJfhj/P67yGTcLXRPAmXQwFiPR4L8=,compact,4,10,,
run-20260903T230838Z-4891f68f,0,209,198,8,1788476919.135744,5867906000000,i00-g000008-n000000198,i00-g000003-n000000078;i00-g000007-n000000188;i00-g000005-n000000129;i00-g000002-n000000059,de_trial,160.79691549697856,,,,,real_vector,83b3bbf3979d18bac9bdf077d7cd2c6d,XOq8fyT5BsD8ZtYTGzUKwDtHLbyBCBHAXLN8ZNWk0z8cqffm21ACwIPLEXTouQbAMKxfiWMx5L81XwkePXoGwH72nNWZn/q/NIwvE/KJAEA=,compact,4,10,,
run-20260903T230838Z-4891f68f,0,210,199,8,1788476919.135744,5867906000000,i00-g000008-n000000199,i00-g000004-n000000103;i00-g000004-n000000118;i00-g000005-n000000134;i00-g000004-n000000117,de_trial,170.7526853280546,,,,,real_vector,0984f23ff7eaca26eb310b8b6f72d340,DBH3GG1BEECAUgFHImOxP4iY55ZHoQDATj/FPK1PDMDIcaWNDxERQKTWFMjQLO6/BlZh0rVmCMCBjFnrXgAFQOjzfzQWRgtAshOrKkp59r8=,compact,4,10,,
run-20260903T230838Z-4891f68f,0,211,200,8,1788476919.135744,5867906000000,i00-g000008-n000000200,i00-g000002-n000000056;i00-g000007-n000000185;i00-g000005-n000000136;i00-g000002-n000000048,de_trial,102.36848260114019,,,,,real_vector,647a517e4dcd0aaba6edf907dfd6b0c0,efO2ECYE/r+0IS8krecNwODkSYZhpe2/3XIpF+FA8b+kyaXDnYL0vzSqF1XgpPo/EP5I9hzgtr84k6SU20oKwI+/p2mxsf0/2JhhCF7VwT8=,compact,4,10,,
run-20260903T230838Z-4891f68f,0,212,201,8,1788476919.135744,5867906000000,i00-g000008-n000000201,i00-g000005-n000000129;i00-g000002-n000000056;i00-g000007-n000000188;i00-g000002-n000000059,de_trial,161.57044467398998,,,,,real_vector,c9090ace21bd4be4b2332d359c0d96e5,osJSafRh7b863Z8aQqzRP4Z97FCnFQ7AAGjaGHOpXb9Up+nUELDWv/w7GF2QYQLATeytg/p18T9kXm5AgusRwAs0748H3gDA+M6AWdULEkA=,compact,4,10,,
run-20260903T230838Z-4891f68f,0,213,202,8,1788476919.135744,5867906000000,i00-g000008-n000000202,i00-g000002-n000000058;i00-g000000-n000000002;i00-g000005-n000000134;i00-g000004-n000000118,de_trial,107.56108310259233,,,,,real_vector,dab532b5e0a9a5a5f4cca0520a655d3f,sbR4NX6cCcCa7mUppnr+vwJk07tq0uw/QC3WUqD/zj+o6T8yTZ3tP4BeAFcM5JE/CKMl2cPWCcAgM1ErEnHNPwrgZoewruQ/AqZY1Zf/A0A=,compact,4,10,,
run-20260903T230838Z-4891f68f,0,214,203,8,1788476919.136749,5867906000000,i00-g000008-n000000203,i00-g000002-n000000059;i00-g000005-n000000133;i00-g000004-n000000118;i00-g000002-n000000056,de_trial,105.5669105513995,,,,,real_vector,0ba9827a6caaeeaeda4754e1fa3893ff,TwhY/6T58b/odZL+4eT8P4xLkv0fcOy/7Av7CrmiCsAvE/iJQ6UHQHws0w1EX+m/OkKOrblUAsAOTqZUKhEAQHQX822PL+o/Ltp4BTo65D8=,compact,4,10,,
run-20260903T230838Z-4891f68f,0,215,204,8,1788476919.136749,5867906000000,i00-g000008-n000000204,i00-g000006-n000000156;i00-g000005-n000000134;i00-g000000-n000000002;i00-g000005-n000000129,de_trial,166.3892846721384,,,,,real_vector,ccbfa7ea1a9109b80f13cd9aa00e5c67,gBUPfgxXCkCMUt3EFCH5PzpGNENVqgtA42gdJvfs/L8JozqqrooAQDaj+OEW4OC/WnrBGAxiCMCi4YKjDiIHQPrdisNw4ApAHKuiUdXK8r8=,compact,4,10,,
run-20260903T230838Z-4891f68f,0,216,205,8,1788476919.136749,5867906000000,i00-g000008-n000000205,i00-g000005-n000000133;i00-g000002-n000000059;i00-g000005-n000000134;i00-g000004-n000000099,de_trial,197.81252496497586,,,,,real_vector,9003d4917b8b28e21474304195889db6,QjEcBYl6/D+UxmyOJEX3P4hzZ8iinLy/+NjgomjE4b+4Aev4BgrmPwReq0LuxQPAE4ya5PJNC0DNNH1uqKcDQDnDDK2JfwVAviQN3tmhA0A=,compact,4,10,,
run-20260903T230838Z-4891f68f,0,217,206,8,1788476919.136749,5867906000000,i00-g000008-n000000206,i00-g000005-n000000134;i00-g000004-n000000114;i00-g000006-n000000145;i00-g000005-n000000135,de_trial,155.43710305625763,,,,,real_vector,3e634cdda4e9960d121a30f02f81ff6f,YotplTRxEUBKfxKN4pX/P2DVYkQi/OA/7uRNGIcp5j+QgMZIzA//P7Kc1PBVTgzATbh4IAH+97/wmKDd4Cfwvwx36Iq4Sfw/M3RMJtfc/L8=,compact,4,10,,
run-20260903T230838Z-4891f68f,0,218,207,8,1788476919.136749,5867906000000,i00-g000008-n000000207,i00-g000005-n000000135;i00-g000004-n000000118;i00-g000005-n000000136;i00-g000002-n000000058,de_trial,170.35756325562517,,,,,real_vector,da744acf09b0566609f3a388a6a34ed3,AoSavL5uB0DgD9BlCf/bP+ADooxZVANA8+hNVhG8EsAaO9Zwr3b6P5h94/D7sBBAYIT9rRaEyT+LyWgqTi4AwDiPk8Pyk9k/aipT3giRCMA=,compact,4,10,,
run-20260903T230838Z-4891f68f,0,219,208,8,1788476919.136749,5867906000000,i00-g000008-n000000208,i00-g000005-n000000136;i00-g000005-n000000125;i00-g000004-n000000118;i00-g000007-n000000185,de_trial,153.9302807483347,,,,,real_vector,bb9bcfffe0a17299a24ca5925f240299,TmfbVrti9z+QUvfTAegFQGQZ+VTjYPa/FJB5j0mWAcAEYNIfDvTPv1ZqzMsHduq/JMKhtm0o2z+czsA+YFAHwHZ9qPEzpQ7ArBNLTwfO+r8=,compact,4,10,,
run-20260903T230838Z-4891f68f,0,220,209,8,1788476919.136749,5867906000000,i00-g000008-n000000209,i00-g000007-n000000185;i00-g000004-n000000114;i00-g000005-n000000135;i00-g000007-n000000191,de_trial,172.85455477950433,,,,,real_vector,7878c675133f76913b39987934a8d235,XH9O8NMjA0CI1VSii2sDQJoNDFsTavO/CHwvUWQyCsD2YcicjsUOQA12n8VmYQbAAIqKxVKBsD9sGg0DU5b2P3r4Rs2Dmfc/IKNouoBK+78=,compact,4,10,,
run-20260903T230838Z-4891f68f,1,209,196,8,1788476919.136749,5867906000000,i01-g000008-n000000196,i01-g000006-n000000146;i01-g000006-n000000171;i01-g000005-n000000145;i01-g000004-n000000101,de_trial,128.15809565872502,,,,,real_vector,6070ed82c927c212e222debc70c81822,uMViyPtK6T/ji4xopZ7lv2DUxdn2xdk/lha4UwwxBcA4MYamNhLHvwgaSjEeBdg/pjCGm3Gd+79APQe2ILaMP7/IJRI8NhBAy+q1ncIyCMA=,compact,4,10,,
run-20260903T230838Z-4891f68f,1,210,197,8,1788476919.136749,5867906000000,i01-g000008-n000000197,i01-g000005-n000000123;i01-g000006-n000000160;i01-g000003-n000000087;i01-g000006-n000000146,de_trial,167.23769891219973,,,,,real_vector,d3f0f85baeb7b8334dfca0fe7882a5b7,mDq6gMAADMDclZtD1pwGQBKHM4tbTtw/otXl313kDcBswe2FK4oAwGa16oXhr/I/pdTc/hyJ+L8+hVxYRtv8PzJFHHJKdeQ/MriueBEcBkA=,compact,4,10,,
run-20260903T230838Z-4891f68f,1,211,198,8,1788476919.136749,5867906000000,i01-g000008-n000000198,i01-g000004-n000000100;i01-g000003-n000000097;i01-g000006-n000000160;i01-g000006-n000000158,de_trial,117.23636145793756,,,,,real_vector,90ec5fc973e504811c6667690177932d,ALbdNVmLn79eXHuUpof1v/bqV7R7l/8/4ckuS9fJAMBw/SnqVlv4v9IvEBURN/U/BmS03baz9L+Ztj/FOG30v/hauqjzCf4/TO0XhCQrEEA=,compact,4,10,,
run-20260903T230838Z-4891f68f,1,212,199,8,1788476919.136749,5867906000000,i01-g000008-n000000199,i01-g000004-n000000101;i01-g000007-n000000185;i01-g000004-n000000109;i01-g000004-n000000100,de_trial,157.47738507154241,,,,,real_vector,9f540f9a5309e3d90f5b3a2d844a15fd,8E+z6whguj8iOHi+GubqP2yTYmDzi/Y/xrD8evx17r+GFWW9fBsEQNh0HnClgfi/GCyzu1An7b88JBkHcwTgP24ZAAZQogvAfzvB48SdE8A=,compact,4,10,,
run-20260903T230838Z-4891f68f,1,213,200,8,1788476919.136749,5867906000000,i01-g000008-n000000200,i01-g000005-n000000126;i01-g000005-n000000123;i01-g000003-n000000097;i01-g000006-n000000158,de_trial,134.32282064668505,,,,,real_vector,8ac19627de71147b9805c65eaa043353,2W5NVBAzBcD4qmBunnsHwPDgHUwMvdM/HmC/0oC86T/yuPwO/lf7vwIhKMH0Gu6/4fFbWak3BsAQbmANHx3kvxAiLnzIwAVA2FDS2T/5BkA=,compact,4,10,,
run-20260903T230838Z-4891f68f,1,214,201,8,1788476919.136749,5867906000000,i01-g000008-n000000201,i01-g000006-n000000171;i01-g000006-n000000164;i01-g000005-n000000123;i01-g000004-n000000109,de_trial,171.98956292299516,,,,,real_vector,9011e562fa1e6cc7a8ab8066ed548a47,qOOt3kJzCsCAUgFHImOxP7qzqhkI/OI/8g8UIG2X5j//0T/vYA0FwPl86KklKwnAj8IVJc4v+L/QWOnm2kwBwDoVXzTYS/e/kVhjvYfBEEA=,compact,4,10,,
run-20260903T230838Z-4891f68f,0,221,210,8,1788476919.136749,5867906000000,i00-g000008-n000000210,i00-g000004-n000000114;i00-g000003-n000000078;i00-g000005-n000000134;i00-g000004-n000000103,de_trial,136.96540265226193,,,,,real_vector,3f0a598aa0e0a348745afb0aee771d18,4KBBwz61CUBXywykUVQEQCLjwdsC6wZA8OG0rkEy9r80e5GiRpYIQBd3+tDGnQHA+D7tAJc+BcDoxIrs+33pv6MEZ2QuMPI/qty5IQpi/78=,compact,4,10,,
run-20260903T230838Z-4891f68f,1,215,202,8,1788476919.136749,5867906000000,i01-g000008-n000000202,i01-g000003-n000000097;i01-g000006-n000000171;i01-g000004-n000000101;i01-g000006-n000000160,de_trial,107.98435601753245,,,,,real_vector,919ed0c6a9f268e498840af52ccc60e4,4NSllgZesz9pzTpOc3AHwA4mRhdgVBDAAOsxWgv7w7++Ai8DmcTqP2RKupQl0+E/1uDhQs664r+EnnYCP/fuv9pK4tYEfvU/gn9O64s2/L8=,compact,4,10,,
run-20260903T230838Z-4891f68f,0,222,211,8,1788476919.136749,5867906000000,i00-g000008-n000000211,i00-g000004-n000000115;i00-g000006-n000000145;i00-g000004-n000000103;i00-g000004-n000000118,de_trial,139.6573549563772,,,,,real_vector,62c7a4807475c5a3013585f2aca8da0d,7CT+u4d98b/cWGQx9P8CQERYbgdKk+i/WNl6Cw789D9Qns2uAku1P8y64/XdzhDA6LhTENhe9j/xoJbJSpfYP9CHEmWK7wTA/KfkgHOz7j8=,compact,4,10,,
run-20260903T230838Z-4891f68f,0,223,212,8,1788476919.137753,5867906000000,i00-g000008-n000000212,i00-g000007-n000000188;i00-g000007-n000000185;i00-g000000-n000000002;i00-g000002-n000000058,de_trial,189.15444676617193,,,,,real_vector,6f86c4ce1f842673ae5512cb435b5461,0RMs/D5RE8BajuB5mE0RwAH0MHqjMAVAUv4Fkznn8T96VLyuYCrbP/aqQ6iujRJAaKkXa0EA3r/I1C2yqafwv701ArdakQHAZAuU09Zo0L8=,compact,4,10,,
run-20260903T230838Z-4891f68f,0,224,213,8,1788476919.137753,5867906000000,i00-g000008-n000000213,i00-g000004-n000000117;i00-g000002-n000000058;i00-g000005-n000000129;i00-g000007-n000000191,de_trial,179.49122369910725,,,,,real_vector,7659669a0796e6b0e4dc89f205296035,kL0z1ygTCsDhktyX3O70v4v7sUoBRQ7AoJg6vsEkr791zyPEOrjgP5iP3wW6pQXAWG+ZrDf26z+40HZuPBL0P3ED19tClwxAp+z5fCgBE0A=,compact,4,10,,
run-20260903T230838Z-4891f68f,3,26,24,1,1788476919.137753,5867906000000,i03-g000001-n000000024,i03-g000000-n000000000;i03-g000000-n000000014;i03-g000000-n000000023;i03-g000000-n000000003,de_trial,185.7478356845732,,,,,real_vector,300499a6a9a171d44bfbccc827d6aa81,PM18GlSv+j+JJN7VywMNwLBBRUBZwAhATFva4IWzAcA8fbdIQR35v3aaZz1k7gvADNY2yWTLBUDwHMm11hX3PyYWYF8CfPM/sgu401ktB8A=,compact,4,10,,
run-20260903T230838Z-4891f68f,3,27,25,1,1788476919.137753,5867906000000,i03-g000001-n000000025,i03-g000000-n000000001;i03-g000000-n000000004;i03-g000000-n000000018;i03-g000000-n000000017,de_trial,98.70369570535664,,,,1,real_vector,8402e8a99dafb8e81422bffdc0e6756b,"[-0.0596393671945572,-3.1033398991808765,0.9584803414578609,-3.317000137545719,0.2191563464166495,-2.9280744610576415,1.8310820666315637,0.9770730986333152,1.190817069886842,-2.430729520837199]",full,4,10,,
run-20260903T230838Z-4891f68f,0,225,214,8,1788476919.137753,5867906000000,i00-g000008-n000000214,i00-g000004-n000000118;i00-g000005-n000000135;i00-g000003-n000000078;i00-g000005-n000000129,de_trial,193.2870630640744,,,,,real_vector,9396a9c78874e0acfe7639d805ff5e96,YQED7xTQ+T96QssQcwsMQAOi9+6TYvk/3IJr+MQyEcArh9NAm4cMQOAOvB3twps/Jm4Vp4V9878wNTxByvv6P0Smn+0wFdm/sGFbz+g6578=,compact,4,10,,
run-20260903T230838Z-4891f68f,0,226,215,8,1788476919.137753,5867906000000,i00-g000008-n000000215,i00-g000007-n000000191;i00-g000004-n000000115;i00-g000004-n000000118;i00-g000005-n000000129,de_trial,156.85344851853898,,,,,real_vector,d172e04bbf0db294e6fe3c044ddb0a05,Ph2FtYKR+T8ogIxqHQ0KwFVus+h3tQNAfPw/GmU50T+4DKVMUZHLP0LqDZ3l6A9AGk7B0ie1D8DPL6K634ENwJY2bDD0twDAL08++/F7AMA=,compact,4,10,,
run-20260903T230838Z-4891f68f,1,216,203,8,1788476919.136749,5867906000000,i01-g000008-n000000203,i01-g000005-n000000129;i01-g000001-n000000032;i01-g000006-n000000146;i01-g000005-n000000123,de_trial,112.04741742450398,,,,,real_vector,e2633011d39415a9236e64592181daeb,iykIg6ib+L/a2+d0GRkBQBA6DiO3I54/kLUn6TAK+r9LIXWmAZkBQNwSXYviYMA/vXYWxW4r+L92AQXlKUnlP5dfqXyvjv0/dD1hRRO07b8=,compact,4,10,,
run-20260903T230838Z-4891f68f,1,217,204,8,1788476919.137753,5867906000000,i01-g000008-n000000204,i01-g000001-n000000032;i01-g000006-n000000160;i01-g000005-n000000126;i01-g000004-n000000107,de_trial,208.33662507895917,,,,,real_vector,2442bada2306982c264d9f5f532dd8fa,edsQ+YHzA8CsGiK6YZwKQDJAYF5jNAJALZsN0W2A9r9IZdEfxr0MwPwX+nSGNsi/Pkws1/RUBMDLB3nzH5v3PxD3PDqF6vU/aYse9KbV9D8=,compact,4,10,,
run-20260903T230838Z-4891f68f,1,218,205,8,1788476919.137753,5867906000000,i01-g000008-n000000205,i01-g000004-n000000107;i01-g000004-n000000119;i01-g000003-n000000096;i01-g000003-n000000097,de_trial,105.72137175295902,,,,,real_vector,53e057011ced2bd8b8f91c520ac08d3d,hHSVzAY5wr8qLuA59GYLQCbhJlXxXtE/NybNkjUp/r+AWB9Hmb+UP2DT54+5zpo/tnDbaJrOAMDgY5fCm1r1P9zG+FIkAQ/AGLvKMhn85r8=,compact,4,10,,
run-20260903T230838Z-4891f68f,1,219,206,8,1788476919.137753,5867906000000,i01-g000008-n000000206,i01-g000006-n000000156;i01-g000005-n000000126;i01-g000001-n000000032;i01-g000007-n000000191,de_trial,115.96937260239594,,,,,real_vector,9e15a8e8658da9b081a172c3cbd98462,IXw0b1ngBsD2jYswScb+P3TzcYfBOwNAUHzVHfcfAEAkep5oo7D7v4j0h16Cf7q/7tJ2PisrC8DJkZ+le/D8P2qbeAIA+uy/oDBm/oOV5r8=,compact,4,10,,
run-20260903T230838Z-4891f68f,1,220,207,8,1788476919.137753,5867906000000,i01-g000008-n000000207,i01-g000004-n000000109;i01-g000003-n000000087;i01-g000005-n000000129;i01-g000006-n000000171,de_trial,155.17053090712994,,,,,real_vector,a112f5bf0870b725024d0a7995b1ec27,0MGLn2tfA8DpXO4QFAUPwEjGbWC9UMU/wFEriDootj8oe3AbJa4BwCDBxMQC8QJAdCYr6sTB87+A+eOnW2ryP+yfYLU5c+U/xdxHGnDzEUA=,compact,4,10,,
run-20260903T230838Z-4891f68f,1,221,208,8,1788476919.137753,5867906000000,i01-g000008-n000000208,i01-g000006-n000000158;i01-g000006-n000000168;i01-g000006-n000000170;i01-g000005-n000000126,de_trial,163.36764253359112,,,,,real_vector,ea80b3508df61f99eabaee06afc33503,W+w1nAAjEcBmdw26pysBQHiXt3OoRvC/ro1Pvgza3z/SatulLJ0RQNAV1uXcUeQ/GBK4BBcW77/MWtcf0JoDwBgQYrzPlNI/QKrxPochCMA=,compact,4,10,,
run-20260903T230838Z-4891f68f,1,222,209,8,1788476919.137753,5867906000000,i01-g000008-n000000209,i01-g000007-n000000185;i01-g000005-n000000129;i01-g000004-n000000107;i01-g000003-n000000087,de_trial,174.23759824724317,,,,,real_vector,ef057bca083353676c7b5367d3a95f13,SEje1MJL4b/w+Q3674zKP7C9XxAgb/g/uFiq1OAzCcDgVURGMAwBwGToK7oa0QtAxOC1X94n+r+VKGZi2RDcP4gXOuKwXss/CKv/qrJMA8A=,compact,4,10,,
run-20260903T230838Z-4891f68f,3,28,26,1,1788476919.137753,5867906000000,i03-g000001-n000000026,i03-g000000-n000000002;i03-g000000-n000000003;i03-g000000-n000000020;i03-g000000-n000000021,de_trial,194.1133767064818,,,,,real_vector,2ed3bb5cfecff49d48740329d3662234,qQjhHjl1EcC58+14C0IEwHpne9MuNQXA5d5HuZ9NBMDkQx9uqhIIQFbkv5/Y9QrAnCORVTHK8D/Yt9/e4dISQEqQaeRnXuy/W/GmotsO/j8=,compact,4,10,,
run-20260903T230838Z-4891f68f,3,29,27,1,1788476919.137753,5867906000000,i03-g000001-n000000027,i03-g000000-n000000003;i03-g000000-n000000016;i03-g000000-n000000012;i03-g000000-n000000015,de_trial,146.14080624809782,,,,,real_vector,7c329d1285e7c221b4298f481364ad92,9LbVM52nCcAvHvYCY0gOQLk9RFJjdPW/zJrqNda6/7+woOPWFE4QQKA8D45Fjtk/4MEaL/3+CEC+VE4pAcXyv2DcuG8q3g3ArH6zPV858j8=,compact,4,10,,
run-20260903T230838Z-4891f68f,3,30,28,1,1788476919.137753,5867906000000,i03-g000001-n000000028,i03-g000000-n000000004;i03-g000000-n000000020;i03-g000000-n000000010;i03-g000000-n000000003,de_trial,214.29283308550885,,,,,real_vector,b858a19d27ea8f300af7fe627c495704,JsflU9gfA0Afy+dSWzcPwNDtVpg0xvc/3tmRSFER9T+oZPVoUnETwAk76Bl90RHA+8uyYVbKAsDMZk1tX/zhvySfuVNjJdU/ACJIYwZu9D8=,compact,4,10,,
run-20260903T230838Z-4891f68f,3,31,29,1,1788476919.137753,5867906000000,i03-g000001-n000000029,i03-g000000-n000000005;i03-g000000-n000000008;i03-g000000-n000000000;i03-g000000-n000000010,de_trial,159.2909012730847,,,,,real_vector,c042df024b923b0fa816f016b057a7b3,mP1vI/kE3T/xMGaVhNAKwLh4pFO4ngJANoYPiuMD8T/gMvl5LO8JwDylGOkfZ/S/Sg3ETiNFCcBy7wiHgHYTwMwK9njGdQfALm/m6xK+AMA=,compact,4,10,,
run-20260903T230838Z-4891f68f,3,32,30,1,1788476919.137753,5867906000000,i03-g000001-n000000030,i03-g000000-n000000006;i03-g000000-n000000022;i03-g000000-n000000015;i03-g000000-n000000001,de_trial,190.30432247414817,,,,,real_vector,5e4bc39a581b472476fb4aa3ca2fc76a,ITBNfn4wEkAIn4jwwIv1vwiTetI9qQrAcmELcFst+T8pFkdYd1IHwNBXJKQTntA/sATkDrvh+7/Kfvks1y75P9GJLnFQFABA82IGS5YgFEA=,compact,4,10,,
run-20260903T230838Z-4891f68f,3,33,31,1,1788476919.137753,5867906000000,i03-g000001-n000000031,i03-g000000-n000000007;i03-g000000-n000000016;i03-g000000-n000000002;i03-g000000-n000000003,de_trial,152.49060239531508,,,,,real_vector,e609eb656f64c073fd87b3bf626007a7,KlVgnkXuEMDaJz64bo4BwLmdKaparfK/JDGmZWFaC0BIdSa8kmTQv+CJrKnBDwLAgCPfz2WPur8As3vzvMvhvzvPyF3NPPs/o48t33XZAUA=,compact,4,10,,
run-20260903T230838Z-4891f68f,3,34,32,1,1788476919.137753,5867906000000,i03-g000001-n000000032,i03-g000000-n000000008;i03-g000000-n000000013;i03-g000000-n000000020;i03-g000000-n000000005,de_trial,204.55463477978665,,,,,real_vector,b556252f872248e611600eacf3fa1990,KtCdwW82EkCpDZuVEWQQQG5Eq5ziiQnA2LqgZg8SCMDA8tufmGriP8zWsY8ti+S/8ySSLg2yEMDYM6KAZj/6PwgKlCkE2AbAg2K9a7VRC8A=,compact,4,10,,
run-20260903T230838Z-4891f68f,1,223,210,8,1788476919.137753,5867906000000,i01-g000008-n000000210,i01-g000006-n000000160;i01-g000006-n000000171;i01-g000006-n000000158;i01-g000004-n000000101,de_trial,130.76570124270657,,,,,real_vector,9da3959691e2a9c088f915a92a116e55,VEfZbtwb6j87OuXTukrXv4j6FMa+It6/rGRNkwsZC8DO86rIVRHzP6hIVfU149w/eLHelXQY/b84mXCRBgrGPwBtG8vp/4m/8jn7OpQTEMA=,compact,4,10,,
run-20260903T230838Z-4891f68f,1,224,211,8,1788476919.137753,5867906000000,i01-g000008-n000000211,i01-g000003-n000000087;i01-g000006-n000000171;i01-g000001-n000000032;i01-g000004-n000000107,de_trial,120.06474746317461,,,,,real_vector,ffed1320eca483d337a4bab5f30c067d,ZcndmNf79L/aE0wPZOH/PwJyzoeDL/a/hHPzLxGRCMBPkVogrgr4Px4FGtZ+2eu/vobwvjl7BsBvXurkpVPZP5o+RCdQ8PE/W/hbkL8r878=,compact,4,10,,
run-20260903T230838Z-4891f68f,1,225,212,8,1788476919.138758,5867906000000,i01-g000008-n000000212,i01-g000003-n000000096;i01-g000006-n000000158;i01-g000005-n000000129;i01-g000006-n000000160,de_trial,133.41380405022193,,,,,real_vector,66054b287342c3c2774ca85bf622956a,qctl6GKABcDBcIXDLMMBwGRAKm+A1/E/RBN9yLsS8j/JezqO6GIEQHeXX1yqJQlA8OsFQHVmAcDMt8eDpAHxv6IphmsXMwnAflMHdeG1E8A=,compact,4,10,,
run-20260903T230838Z-4891f68f,0,228,216,9,1788476919.138758,5867906000000,i00-g000009-n000000216,i00-g000002-n000000048;i00-g000005-n000000135;i00-g000006-n000000156;i00-g000008-n000000200,de_trial,232.36329863756427,,,,,real_vector,a0f75ed8cc18741d112fdc4f03fc9c74,mOhCKrkP2L/sV7Fq/VERQGD69pDn7wrAfMIjmYLAE8DNFb7Dd54RQKVB2ijKYue/CJqmJY82z78JOq/LoEISQBxrk1Rs+9y/ccuTM09OAcA=,compact,4,10,,
run-20260903T230838Z-4891f68f,0,229,217,9,1788476919.138758,5867906000000,i00-g000009-n000000217,i00-g000006-n000000145;i00-g000007-n000000172;i00-g000008-n000000202;i00-g000008-n000000206,de_trial,134.51501703889403,,,,,real_vector,93546f9f20ac76e079c250c9827c2b95,5Ah464ng5L+ln4cRp94AwHwSa+Ye0cO/ifENUNZYCsA6k0oKstT2vzAwcA3khwVAccEQcG0SCsAoI1ugmizIP8qipu9Aq/I/QIgd2+jYyz8=,compact,4,10,,
run-20260903T230838Z-4891f68f,2,209,196,8,1788476919.136749,5867906000000,i02-g000008-n000000196,i02-g000003-n000000072;i02-g000005-n000000141;i02-g000007-n000000183;i02-g000007-n000000189,de_trial,164.1401494750309,,,,,real_vector,6f01db221ca69e85256b32879b3428c6,ej2pGUVXAUDE8ts2LMEAQEddBWClovo/cOqLzv0h2D8+L0TfxAABwEp0hmocJwNAVu9tQye9A0Cteaa5Jt8TwE4YC+H+oQjATOR7sT2f+T8=,compact,4,10,,
run-20260903T230838Z-4891f68f,2,210,197,8,1788476919.136749,5867906000000,i02-g000008-n000000197,i02-g000006-n000000147;i02-g000002-n000000062;i02-g000004-n000000114;i02-g000006-n000000149,de_trial,132.23603588631232,,,,,real_vector,b455a79f18d885a9336930c6e2e49fc2,oGwqcWIsoD9sw3AJ1rUTQPiI3jIgFA9Ax2tKc64P4j8F5S8gZ2gFQBwJ+O11NNW/SoIloFaZ8L8+dL+QpsYHwHYAo9g7rxBAAIOeB9tocb8=,compact,4,10,,
run-20260903T230838Z-4891f68f,2,211,198,8,1788476919.136749,5867906000000,i02-g000008-n000000198,i02-g000004-n000000100;i02-g000007-n000000183;i02-g000006-n000000171;i02-g000001-n000000046,de_trial,130.17484484235553,,,,,real_vector,1d1837cd43542a7884bea33e076f5ada,dN18/hu+wL/AJEpL+sTTv0i+0aPzNe0/lvmhnfpS/b/GZRNlbNjivyRAzUaL5tI/NRtvUy9hDUA0qxvQjezfv3nKOy7TsgFA4prV7KXg/D8=,compact,4,10,,
run-20260903T230838Z-4891f68f,2,212,199,8,1788476919.136749,5867906000000,i02-g000008-n000000199,i02-g000006-n000000149;i02-g000007-n000000183;i02-g000006-n000000164;i02-g000006-n000000170,de_trial,136.29858373566591,,,,,real_vector,b15539c5beef1ae7ba919b4e86e2893f,fHZbyT7CAkDo+OrXu4LhP6xw7Gl2VvU/dsotz1fG6z/+fYtG6hQBQAAzuGnvgvW/wSrcVTV1CkBgTP0A6FOgP4DeHYogdby/T+6g65nC9z8=,compact,4,10,,
run-20260903T230838Z-4891f68f,2,213,200,8,1788476919.136749,5867906000000,i02-g000008-n000000200,i02-g000005-n000000126;i02-g000006-n000000147;i02-g000003-n000000081;i02-g000004-n000000100,de_trial,140.51029875059268,,,,,real_vector,359e3ecf460dc2582e121037b941baed,YjtFMsQBD0AWyKgCP08DQHAq9cQLILw/vg1yybRDBsAp3AaNrqHmP1MqHmMxePU/YM5VodpCAEAAYqCOvX/CvyzAzBiF19s/sGvmeHNQ+L8=,compact,4,10,,
run-20260903T230838Z-4891f68f,2,214,201,8,1788476919.137753,5867906000000,i02-g000008-n000000201,i02-g000006-n000000151;i02-g000003-n000000081;i02-g000005-n000000141;i02-g000007-n000000183,de_trial,143.60775604277654,,,,,real_vector,9588d4b556c146a626c77b45e11b26c4,eJJ9W338E0Cillv9YMQBQChP3CvwMwbAkRGP1mpq/D8MTHBD9/Tgv1sHp9GIeBBA4MDNPgkcl7/UQq2KPNLhPyAOVaV8+uQ/+FrSwndI8b8=,compact,4,10,,
run-20260903T230838Z-4891f68f,2,215,202,8,1788476919.137753,5867906000000,i02-g000008-n000000202,i02-g000001-n000000030;i02-g000003-n000000093;i02-g000004-n000000111;i02-g000005-n000000126,de_trial,173.15717735050123,,,,,real_vector,bee559752779007ec65f201e99792e3a,pkCsujTtCUB4wORVOrIEQPADJRIMy9E/SHg/vdIryj9s9pS6PwfmP52rGyYkzQ7Abun9PsZt/b8iYG+NqkcFwMvhysRdSQTA5h4EqEvJBUA=,compact,4,10,,
run-20260903T230838Z-4891f68f,2,216,203,8,1788476919.137753,5867906000000,i02-g000008-n000000203,i02-g000006-n000000170;i02-g000007-n000000195;i02-g000006-n000000171;i02-g000002-n000000062,de_trial,155.2728291605678,,,,,real_vector,e14a53d977728f81b6c83502d2b09165,4I17zW9N77/yjSWfFzUHQJw0DdFrLd8/XJkwzTNKDsAsIwGEKdgMQPQpb+XCFQxAjaFhhFF35T/z5+COSt8HQF6IIy+3r/4/lA02PoBx878=,compact,4,10,,
run-20260903T230838Z-4891f68f,2,217,204,8,1788476919.137753,5867906000000,i02-g000008-n000000204,i02-g000006-n000000171;i02-g000003-n000000081;i02-g000007-n000000183;i02-g000006-n000000170,de_trial,135.778320113502,,,,,real_vector,f5a40472ca152c0863c5d4d4aacf8ccf,33uNdRgXFEA4xefp4vf6P5JJC3lx2OO/tQxxviZFBEBuaBbgSaUCQGoNZvTTXfI/xQBV2NENB0BA0IFyO//rP6AK+lC1NKS/G8sKlakQ/T8=,compact,4,10,,
run-20260903T230838Z-4891f68f,2,218,205,8,1788476919.137753,5867906000000,i02-g000008-n000000205,i02-g000003-n000000081;i02-g000007-n000000183;i02-g000005-n000000141;i02-g000003-n000000093,de_trial,160.4853156729865,,,,,real_vector,dd25de3f2a75cd47fe7ba84636ef73f5,ZXDFqWgR87+cLbQLiaMDQACNrGFb8vc/ohEeUyB29D9Y5RWXkVLeP1CpqeNNWwBAphymBRdIDEAkDLI7c18AwOjR4B8yv9I/wQyXNBJq9T8=,compact,4,10,,
run-20260903T230838Z-4891f68f,2,219,206,8,1788476919.137753,5867906000000,i02-g000008-n000000206,i02-g000004-n000000108;i02-g000007-n000000195;i02-g000003-n000000072;i02-g000004-n000000100,de_trial,185.36194441390947,,,,,real_vector,6fe33ccc31ac6038ef8d1674b733bffa,t/OLxSnZAkAWxocL7GLlP2S+YAJGM+w/MVqLqHG/AcAg7VTp4fkQQMTyH4fyZxFAtom7n7RQAsDrF91cxjIDQDZ1mUzzUAjAmj3Y1Vqn2b8=,compact,4,10,,
run-20260903T230838Z-4891f68f,2,220,207,8,1788476919.137753,5867906000000,i02-g000008-n000000207,i02-g000007-n000000183;i02-g000006-n000000164;i02-g000003-n000000081;i02-g000006-n000000147,de_trial,109.28639216423704,,,,,real_vector,58ca0b4e941ef98a0fcd73d7fbce2f7e,wBvRvlIkp7/j70nj0Mv1P5x1XtB6bvW/UD+si7u9/z9JcqLeONbkP4FL407tc/s/IZogFYje0b/36uq8syIAQO3/j6rtn/u/xB0VH1GN6b8=,compact,4,10,,
run-20260903T230838Z-4891f68f,2,221,208,8,1788476919.137753,5867906000000,i02-g000008-n000000208,i02-g000006-n000000158;i02-g000003-n000000087;i02-g000005-n000000141;i02-g000003-n000000081,de_trial,140.70408509696796,,,,,real_vector,2e1d2a53dd87ae6b39c1b7b89526812c,Y9oVruQs/r9muPEup+f6v7p8RYs2QQrAnUYJRji94z96PdBDycAAwBMKpldUlQPAKyhqdMxL879cekr+2+kCwNKPmMbargHAYLeEogvwu78=,compact,4,10,,
run-20260903T230838Z-4891f68f,2,222,209,8,1788476919.137753,5867906000000,i02-g000008-n000000209,i02-g000004-n000000111;i02-g000005-n000000141;i02-g000004-n000000108;i02-g000005-n000000126,de_trial,130.97308879811706,,,,,real_vector,9246e6314ddb735e3c4605ca1837d5bf,bNigf00G1T8IgS/HX0+yv8qWlQ9SIvO/1ZorcDfq/T8noa7qz7L5P176zHH+KQRAMBvGo2Hd1j8KqFLh0PkAwKC8tUINndw/LwKTdYm+/L8=,compact,4,10,,
run-20260903T230838Z-4891f68f,2,223,210,8,1788476919.137753,5867906000000,i02-g000008-n000000210,i02-g000002-n000000062;i02-g000006-n000000151;i02-g000007-n000000189;i02-g000006-n000000170,de_trial,136.75849008435608,,,,,real_vector,b6ef887e068af492de2f439767f0cbf7,3h80YngPCEDyg3PSGbLtP0Scexx0GBLAZAebWOPEA0CC58qyf5kBQIfBeNjDgvA/1PS3RdNA/b/+Qu1HBPbVvzv/mJwQF/i/AFbbBQsleD8=,compact,4,10,,
run-20260903T230838Z-4891f68f,2,224,211,8,1788476919.138758,5867906000000,i02-g000008-n000000211,i02-g000003-n000000087;i02-g000007-n000000183;i02-g000004-n000000111;i02-g000007-n000000189,de_trial,132.54483538671826,,,,,real_vector,0af02fc890376822acd315d781a1e8e5,SvF0E4mT7T+MqWLwbNfsv510/NbYzAxAFQmsMkAq8z+AYmkP38Vyv7xtyDV7NwPAkjGfjjJMCkA0QHh916LYP+RqSSAMm/E/XNixqPEGCkA=,compact,4,10,,
run-20260903T230838Z-4891f68f,2,225,212,8,1788476919.138758,5867906000000,i02-g000008-n000000212,i02-g000004-n000000114;i02-g000006-n000000147;i02-g000003-n000000072;i02-g000007-n000000189,de_trial,117.01150086089034,,,,,real_vector,7b21b1f78a7c86291a775818ae5f7b4d,jq1z9wXnEkD4C8o80fz+PyfmOo+UAAVA1Cy4YxH387+Ttj9bGBv6v4K3ZswTHOw/RqZ5SbsX7j9yLFuIbFoIwM61FXVDgwBAN8Tw8hzK/78=,compact,4,10,,
run-20260903T230838Z-4891f68f,2,226,213,8,1788476919.138758,5867906000000,i02-g000008-n000000213,i02-g000007-n000000189;i02-g000003-n000000072;i02-g000006-n000000147;i02-g000001-n000000030,de_trial,92.89449515410102,,,,,real_vector,4d38550746b87fd70fbaf776cfdf47e7,RMIMrfVZ9T+kM3G/o1bQPwDMksDHRGK/61Too6mR5z93pB59+LL/vyx+lL0i0+g/oNLKWkJC6b+IB9mrZY7Sv+b4qKaK0Pu/cDAieYtByT8=,compact,4,10,,
run-20260903T230838Z-4891f68f,3,35,33,1,1788476919.137753,5867906000000,i03-g000001-n000000033,i03-g000000-n000000009;i03-g000000-n000000022;i03-g000000-n000000021;i03-g000000-n000000020,de_trial,160.66211534081327,,,,,real_vector,d5386d9703d276f30f06e23fe0e64597,TP3wvVLh4r9bmnEpiXEIwLy7qDpk5Q7AOIOPVwwl+L9VBRgkWGAIwNvVdDHeGwNAZFdvRZKADsCLwOKVptMCwOp5R2Cfu+W/lYu9+0RO8D8=,compact,4,10,,
run-20260903T230838Z-4891f68f,3,36,34,1,1788476919.138758,5867906000000,i03-g000001-n000000034,i03-g000000-n000000010;i03-g000000-n000000022;i03-g000000-n000000015;i03-g000000-n000000014,de_trial,200.34526622394486,,,,,real_vector,766cc3686e843418d1816ea8ef2c0207,2wy3bhQzBMDpzuG493URQHTTXcYWVw3Av6qfWhQ2+j8MberYiG7+P+JKpO20bv+/cmpL1O1+D8AAYZIEA8udv2r754TuNwxAHU23gzhCEUA=,compact,4,10,,
run-20260903T230838Z-4891f68f,3,37,35,1,1788476919.138758,5867906000000,i03-g000001-n000000035,i03-g000000-n000000011;i03-g000000-n000000016;i03-g000000-n000000004;i03-g000000-n000000022,de_trial,150.86221396350314,,,,,real_vector,8b1f4c4de34021923cb797a16422f179,7nYbQRTj8r83RAYPKpD4P06FTWyqfOi/Do+Gs6bJ8z8ui806kk0CQHghagkOf8u/bKqnxB8DDkBharapq7kKwGBvGLp+Vfu/ysdM6WxlCEA=,compact,4,10,,
run-20260903T230838Z-4891f68f,3,38,36,1,1788476919.138758,5867906000000,i03-g000001-n000000036,i03-g000000-n000000012;i03-g000000-n000000021;i03-g000000-n000000008;i03-g000000-n000000023,de_trial,176.10311635457512,,,,,real_vector,b5943da57c9b61aea8819709e90bff46,KNto7BsE7D9hsLpMB44HQDAKOoRlbdc/Pi0B+vOoEEBAND1VL9vHv9acgjAFjghAGlG+1tQnCsB46hgZKIURwB785W0j2BDA0oHKjb4CBcA=,compact,4,10,,
run-20260903T230838Z-4891f68f,3,39,37,1,1788476919.138758,5867906000000,i03-g000001-n000000037,i03-g000000-n000000013;i03-g000000-n000000021;i03-g000000-n000000006;i03-g000000-n000000009,de_trial,174.88898348175755,,,,,real_vector,3f1ec43478a59081c139795b1c7d4736,VQQEFisXE0CALbn1OfXlP/h4u3JEKte/oGRFNJc41b91IZbx+SIRQOD1rX7rvO+/dIoH+BaaAMAmiBTcXeYRwHECicHL5v2/APYqSUnhAUA=,compact,4,10,,
run-20260903T230838Z-4891f68f,3,40,38,1,1788476919.138758,5867906000000,i03-g000001-n000000038,i03-g000000-n000000014;i03-g000000-n000000003;i03-g000000-n000000004;i03-g000000-n000000018,de_trial,216.95019089093614,,,,,real_vector,c21a0379e288387f22fb59e6bdb69bf4,JEpHOftg6z/m91XPfpASwCt50aIYAhPAnrv+nviu979zOG0vFXoFQLDS2O1DTcC/RvQ3vJDM+z/OYzhTto8RQFV3LycKoBHAZMfyxzzQ6b8=,compact,4,10,,
run-20260903T230838Z-4891f68f,2,227,214,8,1788476919.138758,5867906000000,i02-g000008-n000000214,i02-g000006-n000000164;i02-g000005-n000000141;i02-g000003-n000000072;i02-g000006-n000000149,de_trial,129.5953703474348,,,,,real_vector,f4a311368df2998866927d70ba1045e8,5NcVShsqB0AGNaJPSVX0P1jVCCE8q/C/dbulLcUg7D+GitMTnu4CwINrRAJPKRRAxowO+MgV7L+MvWU7t1QNwGAUS1oict+/4C9QYV4tsj8=,compact,4,10,,
run-20260903T230838Z-4891f68f,2,228,215,8,1788476919.138758,5867906000000,i02-g000008-n000000215,i02-g000005-n000000141;i02-g000006-n000000149;i02-g000003-n000000093;i02-g000007-n000000192,de_trial,141.1161348151861,,,,,real_vector,8e7434c23e9f603fe97ab770bb372212,JNb3o7iDBUDhEq8xdbQQwAr9u80W6P+/uLu48jIEyD9e2Kf+2EkCQOhnKzImJBDA9Ap4iqN+3D8+N/Wf3EUAQFwEt4q4luG/6rzWYfsT/T8=,compact,4,10,,
run-20260903T230838Z-4891f68f,2,229,216,8,1788476919.138758,5867906000000,i02-g000008-n000000216,i02-g000007-n000000192;i02-g000003-n000000081;i02-g000004-n000000100;i02-g000006-n000000147,de_trial,138.38610037810355,,,,,real_vector,57d90bcd5e62acfb11f0ac2617f38600,oDxRPVyw7j/dBhUZxtkCQHu9AS78GfO/EDoWftSuC0B++OM7ETvoPzzbgofp+/U/Il9/ojuK0j8m69csgr72P+QH5v0SEfE/gh/Ru/h3/D8=,compact,4,10,,
run-20260903T230838Z-4891f68f,0,230,218,9,1788476919.138758,5867906000000,i00-g000009-n000000218,i00-g000000-n000000002;i00-g000004-n000000114;i00-g000004-n000000099;i00-g000008-n000000202,de_trial,149.52262296045444,,,,,real_vector,2556cea3aad3db9629b0ea1f99f7a23a,BLxBjz4qEEBpzTpOc3AHwEHi2hZM+eo/EIIt9Glh4r+yFmVnoMoEQOYE4wYkOxHA/KQBecWQ9b97QlcmMFHwvzOVJDqupABAnwgSvXqR9b8=,compact,4,10,,
run-20260903T230838Z-4891f68f,0,231,219,9,1788476919.138758,5867906000000,i00-g000009-n000000219,i00-g000004-n000000099;i00-g000006-n000000145;i00-g000008-n000000200;i00-g000004-n000000115,de_trial,121.94199455691452,,,,,real_vector,54bb07e3621e57799c88aa94f05512b2,XU5Lx9Eg7r8q/TSybA8FQCjQgRNdjg/ACKdRI7WP6D/RUMzTfM3lP5bAjimWxQ3A5oti5Sac8z/AeOzJ0AKhv0Ae+JeW4KW/O8FX8j0+4L8=,compact,4,10,,
run-20260903T230838Z-4891f68f,0,232,220,9,1788476919.138758,5867906000000,i00-g000009-n000000220,i00-g000007-n000000172;i00-g000005-n000000133;i00-g000008-n000000200;i00-g000007-n000000191,de_trial,122.17268134072313,,,,,real_vector,390bd88ed60d6c052f9247ffa44c16bc,XlBlqZh0BMCAbFg87qStPy3+UP7h2wvAkD4hb+K99r9qumkThUfwP+OFuyJUO+0/dXL3ds/z/D8WK6J6cKf7P8QACFkaMAfAJPFdS1pQxb8=,compact,4,10,,
run-20260903T230838Z-4891f68f,0,233,221,9,1788476919.138758,5867906000000,i00-g000009-n000000221,i00-g000005-n000000125;i00-g000008-n000000203;i00-g000005-n000000129;i00-g000002-n000000048,de_trial,178.45208696060547,,,,,real_vector,b1aa165229928dc111ea2f1746ff1914,L+cfViIU+78q35Q61rrwP+E+AIqNEw/AdY0zUDVYCsCSN61TvMYAQIpFAQ6VzPq/gA2FTxan1r8n1ZI7maUCQK7yGTcLXRPA7MWOUU63DEA=,compact,4,10,,
run-20260903T230838Z-4891f68f,0,234,222,9,1788476919.138758,5867906000000,i00-g000009-n000000222,i00-g000003-n000000078;i00-g000007-n000000172;i00-g000008-n000000200;i00-g000005-n000000136,de_trial,117.34073672496194,,,,,real_vector,841aa7ae07b268b7f5fc86edda050048,ljVtNDPS/D8bU0oCfLsBwOAn9xvLibq/7BVcASL39b98QKLWraL9PyRl/mWlz/Y/zhJS9OgW/7+NHSUSX5kGwE7OTnz8ZQFA0u5+KJxr9b8=,compact,4,10,,
run-20260903T230838Z-4891f68f,0,235,223,9,1788476919.138758,5867906000000,i00-g000009-n000000223,i00-g000004-n000000103;i00-g000004-n000000099;i00-g000007-n000000172;i00-g000008-n000000206,de_trial,134.566367643621,,,,,real_vector,fe9f2ddc4b22da9a589e149ee9e0ad81,BKC6eY1LAcAxD5K+VDUEwGxNcYsi1e0/zBmFY42v7T8USjxX6tPzv7zNCLxVfAFAMauO3vq1AsBqjEZNPMcFwGIhfkdJQPK/VctMcKNKDUA=,compact,4,10,,
run-20260903T230838Z-4891f68f,3,41,39,1,1788476919.138758,5867906000000,i03-g000001-n000000039,i03-g000000-n000000015;i03-g000000-n000000006;i03-g000000-n000000009;i03-g000000-n000000019,de_trial,195.18120378298204,,,,,real_vector,b74b24b39462bf5a796aae9804664f30,XCN0x5XIDkBsegBov/DwP+ShmcGc5QLAUfZkc24wBcAKAM4W/7H5v0VyruV5IwtAhTPOJk+jCkCer/spa3sNQFKyINgB6wjAK07p+6PeAUA=,compact,4,10,,
run-20260903T230838Z-4891f68f,3,42,40,1,1788476919.138758,5867906000000,i03-g000001-n000000040,i03-g000000-n000000016;i03-g000000-n000000013;i03-g000000-n000000023;i03-g000000-n000000012,de_trial,168.83320513648778,,,,,real_vector,952c191cae2e0c6340fe97fcc38116fc,SBCQ6ZI+3T/g8Hj6VXTxv86eJoZLTui/AK3EKzC+2L/4E7Ls1QgMQFC+BpJB+9+/arBUwHLtAMDjahr1eA0FQPwsn1YETvQ/YivownysEMA=,compact,4,10,,
run-20260903T230838Z-4891f68f,3,43,41,1,1788476919.138758,5867906000000,i03-g000001-n000000041,i03-g000000-n000000017;i03-g000000-n000000009;i03-g000000-n000000022;i03-g000000-n000000016,de_trial,175.11343754402682,,,,,real_vector,15f7d2227bb28880266b83a59182cf6c,vQlKXporE0AwN/F84uXbPyb/D1ayZxDAqvg8ARPFBsCkkAO5+5n9vzd7WlIj3fi/lCoB2h/a9j/dCuyrC5wJQCcXseYRpQfADD/kUSeiCcA=,compact,4,10,,
run-20260903T230838Z-4891f68f,3,44,42,1,1788476919.138758,5867906000000,i03-g000001-n000000042,i03-g000000-n000000018;i03-g000000-n000000007;i03-g000000-n000000013;i03-g000000-n000000012,de_trial,140.04003484530148,,,,,real_vector,18e0b971878b8777f25d238d1c667620,AAIWrYich7/+FORWl7H4vx+Vnhbh5gRALqmrtykI9j/WZakfjmQAQMVJkbpiIgBAB+KJqn3O+T8v2Zhs5DcGQLpUi5PfbAFADKgaeiRW278=,compact,4,10,,
run-20260903T230838Z-4891f68f,1,226,213,8,1788476919.138758,5867906000000,i01-g000008-n000000213,i01-g000007-n000000189;i01-g000004-n000000109;i01-g000007-n000000185;i01-g000006-n000000146,de_trial,158.67137164812306,,,,,real_vector,687fd924e4cb22834f90e5864903f483,wDDVG5iGmj8PPJ9bUDAKQHBL5P7mauA/onpppl7j779yolwv3AsOQCn3lwCHt+W/TT7MbAXmB8CKARNROnwCQK7gr7YdpAXAFbkt+uZxFMA=,compact,4,10,,
run-20260903T230838Z-4891f68f,1,227,214,8,1788476919.138758,5867906000000,i01-g000008-n000000214,i01-g000006-n000000164;i01-g000006-n000000160;i01-g000006-n000000168;i01-g000005-n000000126,de_trial,156.8812360888136,,,,,real_vector,8b410612e57ea2cca1b56e90a322f661,a36dIdPfA8DEIZK23jzov6lHVez2VO4/blsyG8CtCsCI12VHga3VP7oby6ioxuE/APD28UOyUL8w9A0oAvTmv2uUJTdmrgNADGl6+6h93L8=,compact,4,10,,
run-20260903T230838Z-4891f68f,1,228,215,8,1788476919.138758,5867906000000,i01-g000008-n000000215,i01-g000007-n000000191;i01-g000006-n000000158;i01-g000006-n000000171;i01-g000006-n000000168,de_trial,130.92225276381103,,,,,real_vector,07304464816dcd97883acc482cef4545,oCG5uLkl1L/+c3xysy31v9gyBmLlcNW/wnLnWvnCAMDogNpj3HwAQHX3wNiz//w/Qp/azFDO9r+QsGxuauPNv1jLVlHnMALAQ9EzDBliAsA=,compact,4,10,,
run-20260903T230838Z-4891f68f,1,229,216,8,1788476919.138758,5867906000000,i01-g000008-n000000216,i01-g000006-n000000170;i01-g000003-n000000096;i01-g000004-n000000119;i01-g000001-n000000032,de_trial,146.0191333598495,,,,,real_vector,d7517e3d68f5cd68b5734e3f9004db0f,2r3QT4mrB8AQwTO1uMHiv4ZLoImeXvU/eDyZvtqh4b+IOiJcvO3zP3st18Ln6fQ/gAI4KRtl4r8gzNyXM8rYvwa78JfpPxDAAAKNQi6Qqz8=,compact,4,10,,
run-20260903T230838Z-4891f68f,1,230,217,8,1788476919.138758,5867906000000,i01-g000008-n000000217,i01-g000004-n000000119;i01-g000006-n000000156;i01-g000004-n000000100;i01-g000006-n000000146,de_trial,118.86104486251091,,,,,real_vector,a92be5cbb4d493d443079b8155b26399,nK5byIIx+b+PioxQ5P/1P1GemfpnsgfAx2733e3Q/r/rmSN4Gr7wvzSBEN5dJvI/rGQI+X8ACcAcgm+hi6P9P+r60hzTPfw/WnlvGcVCBMA=,compact,4,10,,
run-20260903T230838Z-4891f68f,1,231,218,8,1788476919.138758,5867906000000,i01-g000008-n000000218,i01-g000006-n000000168;i01-g000005-n000000129;i01-g000006-n000000164;i01-g000004-n000000119,de_trial,172.94712078245067,,,,,real_vector,b14673b151e8537c35b84b5d44582305,UJl9Te6jEcC31a7ZkiwDwNRz32i5+vk/HfdIJUu89b/FUnkRetcCwDp1VyKyffM/GqWgszrM8r83qME3ZyH2v1wJLX/L0dQ/cQMRIopd7r8=,compact,4,10,,
run-20260903T230838Z-4891f68f,1,232,219,8,1788476919.138758,5867906000000,i01-g000008-n000000219,i01-g000005-n000000145;i01-g000001-n000000032;i01-g000003-n000000097;i01-g000003-n000000096,de_trial,161.93487411247958,,,,,real_vector,452d243b3b8388b5d88dae8caafc2bac,tXL0BDVDEMDUqIRydYn4P3hfL8qm0dI/lVdehzU48L87PRCHqnP1PySoeFJhwdQ/UXSu7E3oEsD86NsUIEvSP/pmD/U81vs/0LhjIJhY5L8=,compact,4,10,,
run-20260903T230838Z-4891f68f,2,230,217,8,1788476919.138758,5867906000000,i02-g000008-n000000217,i02-g000003-n000000093;i02-g000004-n000000114;i02-g000004-n000000100;i02-g000003-n000000081,de_trial,141.05481685566116,,,,,real_vector,0d0bc8e0883001e541fa927d736308fa,gSsY+h0kEECrtOqYV+ABQJnkqLx8dA5A00/0MDLk8L/gTOXI9zUTQGbJzYgxe/G/VIjeWBZovT8CQwrCr8P7v2jh4EbD9g1A2gAZd/aA1L8=,compact,4,10,,
run-20260903T230838Z-4891f68f,2,231,218,8,1788476919.138758,5867906000000,i02-g000008-n000000218,i02-g000001-n000000046;i02-g000006-n000000158;i02-g000003-n000000093;i02-g000007-n000000195,de_trial,217.63878872397729,,,,,real_vector,e8fb10bf29864def7d89cd15db920d37,WhGSEbIw6T+rZuv8HDPivwhJuAJ1LRPAL6QGX6eGDUCZiq4tlWESwAK8GiIddRLAH6AK0aH7/r9SBQjja9DlvyV4h/82XBDAhKErsUD3+j8=,compact,4,10,,
run-20260903T230838Z-4891f68f,2,232,219,8,1788476919.138758,5867906000000,i02-g000008-n000000219,i02-g000007-n000000195;i02-g000006-n000000149;i02-g000004-n000000114;i02-g000003-n000000072,de_trial,158.58560450819778,,,,,real_vector,84af3bb5dc2f6f94078a0903c925a582,PMhgPAVQ5z+e03VQ82YHwGALy3hjq7c/w13aeqat+r909V8zsqMTQDU3UKY+gQLAbG+VV3tdAkA5QZ1Kqnz8P3wSQF88thFAfrYSfWg1678=,compact,4,10,,
run-20260903T230838Z-4891f68f,0,236,224,9,1788476919.138758,5867906000000,i00-g000009-n000000224,i00-g000008-n000000200;i00-g000004-n000000117;i00-g000004-n000000115;i00-g000002-n000000048,de_trial,134.83969072557016,,,,,real_vector,9385e99a0cd2d849f71b31a7f207c13d,vIi0c9tv6b9uP9fG4oz/v+DkSYZhpe2/oiWJkmSI8T879czR3CINwLQ97miXIBNAZRwnqFXnE0AoGMUizK0PwI+/p2mxsf0/5smK0Bh/8z8=,compact,4,10,,
run-20260903T230838Z-4891f68f,0,237,225,9,1788476919.138758,5867906000000,i00-g000009-n000000225,i00-g000005-n000000129;i00-g000004-n000000099;i00-g000003-n000000078;i00-g000008-n000000202,de_trial,201.4804375994824,,,,,real_vector,84bfda7532f8af79a7a817ab73269a6a,R0bJ3DLC7L8Mdef3J8EKwNk1+cI2sgdA8hbo70ie9j9shUcKHvDkP4gfWtYp0uO/Apc0hzLW6L8apt6HCCgSwArAdKNg1fa/EveTtjqtEUA=,compact,4,10,,
run-20260903T230838Z-4891f68f,0,238,226,9,1788476919.138758,5867906000000,i00-g000009-n000000226,i00-g000008-n000000202;i00-g000003-n000000078;i00-g000008-n000000206;i00-g000005-n000000129,de_trial,186.7731089447839,,,,,real_vector,190ed46c1ea23c528b58fbbe73e1aae4,sI7CQqOSAkAsS2OId0gKQPuAKJ8uFQhAbCggeHyYAcCPjzZhBpABQMC3S1ln3APAbOoJ1D1VBcAg/vv2IqsLwHZyVagrzN0/tIhOYqRE5z8=,compact,4,10,,
run-20260903T230838Z-4891f68f,0,239,227,9,1788476919.139759,5867906000000,i00-g000009-n000000227,i00-g000008-n000000203;i00-g000006-n000000156;i00-g000005-n000000129;i00-g000004-n000000115,de_trial,132.8198152121897,,,,,real_vector,701d46559ef74615386053177f0d3259,yIWOQ8ve/D/odZL+4eT8P4WhUsYZZQLAOM2V5h7mEMAAFpawBJb7P5qx4xlmdP2/AJlOMZMFlr+uMkQxn+7xP3QjqjRajAVAhUTTWcdf+b8=,compact,4,10,,
run-20260903T230838Z-4891f68f,0,240,228,9,1788476919.139759,5867906000000,i00-g000009-n000000228,i00-g000006-n000000156;i00-g000000-n000000002;i00-g000008-n000000206;i00-g000008-n000000200,de_trial,158.40785670117222,,,,,real_vector,74e437789ab6bf3e987d144f3f1871d0,4LPUlPru7L+gl9Mbg+Syv2bSAXpldQJAlOrDzOFW5z8hFAlLF5sDQAC+p+n2JuO/5Qb683aJA8D9yZlQZJTjv4yFQU9Zzc2/O9xNlkrlCsA=,compact,4,10,,
run-20260903T230838Z-4891f68f,3,45,43,1,1788476919.138758,5867906000000,i03-g000001-n000000043,i03-g000000-n000000019;i03-g000000-n000000009;i03-g000000-n000000005;i03-g000000-n000000007,de_trial,219.95141224905836,,,,,real_vector,3fa974c2749f21c7706a60e52459e1b9,FDZg7LEWEkCS7TFG7EkCwHzsq/eeGQ/ACHNcLZ+q0T8cyXcon9rjP5+hCYsxwBLAOPPKRHNACMA5J0E3Hq8DQL4t0o3UVhDA5It14ZONE8A=,compact,4,10,,
run-20260903T230838Z-4891f68f,3,46,44,1,1788476919.138758,5867906000000,i03-g000001-n000000044,i03-g000000-n000000020;i03-g000000-n000000018;i03-g000000-n000000013;i03-g000000-n000000008,de_trial,119.14873744796883,,,,,real_vector,fe8078ae07427dadce617edd2d87017a,fuaRlrES9r9sd67UkR8BwJBObrfvUfa/QM6SY30DB8DZdNYMDgwHQB342ZETPgDA0dLkx/EF/r+E7OKlLkfwv9yoxc30yuY/ms8607W3BEA=,compact,4,10,,
run-20260903T230838Z-4891f68f,3,47,45,1,1788476919.139759,5867906000000,i03-g000001-n000000045,i03-g000000-n000000021;i03-g000000-n000000018;i03-g000000-n000000000;i03-g000000-n000000019,de_trial,152.5578792476368,,,,,real_vector,fa493e79e391d1fa09652b53abd67f10,2LjIHQrf6L8he/Wpm2ASQN0w3d2b7AZAwTxAxUiTAsAstnEMljb/vwMIegUIDgfAeCnhLICK6b/E/2q5Hpz3P8iiiO1RjOO/adlCEKDb/D8=,compact,4,10,,
run-20260903T230838Z-4891f68f,3,48,46,1,1788476919.139759,5867906000000,i03-g000001-n000000046,i03-g000000-n000000022;i03-g000000-n000000014;i03-g000000-n000000007;i03-g000000-n000000002,de_trial,132.92748202028815,,,,,real_vector,cf07ba2f3cc8ae00f367c5a45b97f61b,K2TJMHcZ8r94Iq3Hcb0PwHHbsE/GTwhAqnFWZF8S5b+Y0nLFK5rnv0WRir8NSPg/wPUikGDK1z/Pe8HVxFwJQJ7KB2ul7fa/AF/kclu/hr8=,compact,4,10,,
run-20260903T230838Z-4891f68f,3,49,47,1,1788476919.139759,5867906000000,i03-g000001-n000000047,i03-g000000-n000000023;i03-g000000-n000000014;i03-g000000-n000000003;i03-g000000-n000000006,de_trial,164.1508340293595,,,,,real_vector,1492fe4af68abee9168ee13304cda29d,irJYt0buBMDsPFZS9BQRwCgJCg5wAs2/6NfHRycp8b9QqfjIXbfMP1INlsdeiAFAU7r+CN7zDUByGlk/20v4PzptYIanmALA/pnJGmbq+78=,compact,4,10,,
run-20260903T230838Z-4891f68f,0,241,229,9,1788476919.139759,5867906000000,i00-g000009-n000000229,i00-g000005-n000000133;i00-g000007-n000000191;i00-g000005-n000000129;i00-g000005-n000000136,de_trial,155.85300000471346,,,,,real_vector,86c877ab4cf4565445cb6cafa792aefd,utk2G//FDcBSw1e90Zzcv/w3gMfv0Py/CvRnyPZTAEAiAVqjiBMCQGtGcX8qUwzAMLOLHEVmBMBOwkHqEbcAQE2Ft/PD7gdAdrAhOI64/T8=,compact,4,10,,
run-20260903T230838Z-4891f68f,0,242,230,9,1788476919.139759,5867906000000,i00-g000009-n000000230,i00-g000008-n000000206;i00-g000004-n000000099;i00-g000004-n000000115;i00-g000005-n000000129,de_trial,188.94127305835065,,,,,real_vector,c3b8c32277e834bfbfd2c51faaccc792,AIHfXBwiwL9R6dJI0Sr5v2Fg9pf2XwtASCo54l2ZDECxZ4obTU/hvwkKVnqOoPo/0PiivH/EBsDWXwzRIPoSwEjB1oSlmQfAM3RMJtfc/L8=,compact,4,10,,
run-20260903T230838Z-4891f68f,0,243,231,9,1788476919.139759,5867906000000,i00-g000009-n000000231,i00-g000005-n000000135;i00-g000004-n000000115;i00-g000006-n000000145;i00-g000005-n000000136,de_trial,197.2294560682228,,,,,real_vector,f5b2775b36f1247d1935c12771070a9a,jELtVqNoB8C/nq5mbAwJwKiOiPWkqQ3Aqj0mi/M1E0DULeZluc7gP1hGsl8WB+M/Et7cusWk8D+2Yx9XYNIJQOObIyrHpBHAnBLMB+L79j8=,compact,4,10,,
run-20260903T230838Z-4891f68f,3,50,48,1,1788476919.139759,5867906000000,i03-g000001-n000000048,i02-g000001-n000000046,migration_arrival,90.49405844804498,,,,1,real_vector,831c88ece240c6fd27f78c3f513972ef,"[-1.820627139063141,2.424561777202946,0.7665104434541381,-1.0194561128134982,1.991918931292755,-1.2178608175242562,-3.095308635606219,-0.6816920694547355,-0.08986657596213554,2.0642602483470656]",full,4,10,2,i02-g000001-n000000046
run-20260903T230838Z-4891f68f,3,51,49,1,1788476919.139759,5867906000000,i03-g000001-n000000049,i02-g000003-n000000087,migration_arrival,93.59559861222615,,,,,real_vector,709fcd03efb257ce787dd22ee0601f29,xP1U2kaU5r+MqWLwbNfsv3dqDe6DAAnAFQmsMkAq8z/N3exLQbLzv/i4WC+pCQfAUZnnyeM/8b80QHh916LYP6+LfDzVbAjARHU/iinC6j8=,compact,4,10,2,i02-g000003-n000000087
run-20260903T230838Z-4891f68f,0,244,232,9,1788476919.139759,5867906000000,i00-g000009-n000000232,i00-g000005-n000000136;i00-g000007-n000000185;i00-g000008-n000000206;i00-g000006-n000000145,de_trial,156.1518677927273,,,,,real_vector,a47f1174609ab645ac273d3eae3dea75,elux21P5879WFKuhctMQwDDn1elROgRAusXhOVBy2z/jzKc/WxvmP8B7NOa+s/o/AJUgFn+u/7/0qBqTkh3gP2NtWTNMLwJAaE0siOjT8L8=,compact,4,10,,
run-20260903T230838Z-4891f68f,0,245,233,9,1788476919.139759,5867906000000,i00-g000009-n000000233,i00-g000007-n000000185;i00-g000007-n000000188;i00-g000008-n000000200;i00-g000005-n000000125,de_trial,203.20669562412257,,,,,real_vector,52e5b0e0fd53af6378d741a2f534be9a,ON5W72po97/Mv5Rh+DQSwJWBWfNy9f6/wdFL7GcH6j8EULMXpwITwAo+6IP22/m/3mN/DCXz1D9ChoW5em8FwPxBGRNnHvU/aWatP7Z3A0A=,compact,4,10,,
run-20260903T230838Z-4891f68f,0,246,234,9,1788476919.139759,5867906000000,i00-g000009-n000000234,i00-g000004-n000000114;i00-g000007-n000000188;i00-g000004-n000000099;i00-g000008-n000000202,de_trial,211.48527391586532,,,,,real_vector,8bceb400ce326bf7c0d893f5da058db2,fNR5kRaU07/Eswo/hGEUwNzoNOMuu/W/5lx0tzaVA0DccK38cLALwAlcYvFkjwfAbouNJhjV9j+/QUFlmnEUwNa7znuDSwfA+C7fUacZBEA=,compact,4,10,,
run-20260903T230838Z-4891f68f,3,53,50,1,1788476919.139759,5867906000000,i03-g000001-n000000050,i02-g000001-n000000046,migration_arrival,90.49405844804498,,,,,real_vector,831c88ece240c6fd27f78c3f513972ef,nsdH7Ekh/b8QvyGlgGUDQASy1ehAh+g/NdyDNrFP8L9w+KJi5t7/P0iL5Z9bfPO/B6SHLDHDCMBSBQjja9Dlv4DIwvR+Abe/+qqI4JqDAEA=,compact,4,10,2,i02-g000001-n000000046
run-20260903T230838Z-4891f68f,3,54,51,1,1788476919.139759,5867906000000,i03-g000001-n000000051,i02-g000003-n000000087,migration_arrival,93.59559861222615,,,,,real_vector,709fcd03efb257ce787dd22ee0601f29,xP1U2kaU5r+MqWLwbNfsv3dqDe6DAAnAFQmsMkAq8z/N3exLQbLzv/i4WC+pCQfAUZnnyeM/8b80QHh916LYP6+LfDzVbAjARHU/iinC6j8=,compact,4,10,2,i02-g000003-n000000087
run-20260903T230838Z-4891f68f,0,247,235,9,1788476919.139759,5867906000000,i00-g000009-n000000235,i00-g000004-n000000115;i00-g000008-n000000202;i00-g000007-n000000185;i00-g000007-n000000172,de_trial,135.90602392635296,,,,,real_vector,06be999f6b525a973a50d4851c7e1a74,hlTT4QSCCcBUoDkeIH8OwDfStOrQxfM/Q4+PqIivAkAgVh6U0sr4P4XBje5ld90/0LrkfXi3AsA5r3wIMnHuP8DdQDVhL7y//KfkgHOz7j8=,compact,4,10,,
run-20260903T230838Z-4891f68f,0,248,236,9,1788476919.140759,5867906000000,i00-g000009-n000000236,i00-g000007-n000000188;i00-g000006-n000000156;i00-g000007-n000000185;i00-g000005-n000000125,de_trial,144.17877098767113,,,,,real_vector,09958de79cffe65c66651a054a7688a6,3fybYq9e/z8K2ujyAOgDwIBdemQth6Q/DWwVk5WcEMAg05YJsM3BP1o+xI8hsPM/zXbcvF+x+r+gyjGLecgCQP4bD8aHIgtASxF+IOxSB8A=,compact,4,10,,
run-20260903T230838Z-4891f68f,0,249,237,9,1788476919.140759,5867906000000,i00-g000009-n000000237,i00-g000004-n000000117;i00-g000004-n000000114;i00-g000004-n000000099;i00-g000004-n000000118,de_trial,142.1287863033171,,,,,real_vector,f1c47a1c9b1420c80cb3b1dd376b462e,rroMkHEk+j+QwZEtSoTrv37kmQvb/98/Kq9MoDDu6T80IwehxhQAQI6Yr29CkeK/vSPmcRh4AsCsFEXN1bDhv1j9cmpZk/Q/nONnOCBQ5T8=,compact,4,10,,
run-20260903T230838Z-4891f68f,1,234,220,9,1788476919.139759,5867906000000,i01-g000009-n000000220,i01-g000006-n000000146;i01-g000004-n000000100;i01-g000006-n000000158;i01-g000004-n000000107,de_trial,146.87143483809166,,,,,real_vector,af5967ce9b09a9385cd9878815801505,igntu3Ps3b+9FOlXJ7P5v3Y4s0/6IP6/IzMjFNPyA0D8zMU6R70AwOnAEmLM0gBAtEcThPd6CsBMql3ugnDWv3jVx0o7eP0/y8OT+ggNCUA=,compact,4,10,,
run-20260903T230838Z-4891f68f,1,235,221,9,1788476919.140759,5867906000000,i01-g000009-n000000221,i01-g000005-n000000123;i01-g000006-n000000158;i01-g000006-n000000168;i01-g000005-n000000126,de_trial,141.37128119942375,,,,,real_vector,02260de5d1a2ae9ae0e5e13b07cee404,o6ImrYO4C8Axusb4SmLrP65Xzdm02uu/0euTPzSa4T/FXXlRAD8UQNTqVHdcme+/rlHPqDZl7L99lCJQrSEEwPqlOlh4wvq/xHCtFrHZ8r8=,compact,4,10,,
run-20260903T230838Z-4891f68f,1,236,222,9,1788476919.140759,5867906000000,i01-g000009-n000000222,i01-g000004-n000000100;i01-g000007-n000000189;i01-g000006-n000000170;i01-g000006-n000000158,de_trial,143.21127504098843,,,,,real_vector,fa897cbe2a1ed4c7d7e19472f3ee5ca2,ZRnHj1AWCMCGKHfXJtYBQEpUFPaR4tG/Gfu+RTlZ878qQc3jCvUOwG+3WoXHWfa/nlmIGQ0eEcD6KoLUoAvZv0m+ONN9uvE/OKJC/x/kzz8=,compact,4,10,,
run-20260903T230838Z-4891f68f,1,237,223,9,1788476919.140759,5867906000000,i01-g000009-n000000223,i01-g000004-n000000101;i01-g000008-n000000206;i01-g000006-n000000164;i01-g000007-n000000185,de_trial,174.91679130298752,,,,,real_vector,65574b8800024c94bf07f79407e3d3a9,KhjCh8RIC8DEqlH/SX8BQGoAmS7yXgdAsjfuLxdK/T9deQVahYoMwC7FPMGNCPm/mdRwtZaXC8BCp4WM4J71PzqPGlll5vO/J3bijOuw7b8=,compact,4,10,,
run-20260903T230838Z-4891f68f,0,250,238,9,1788476919.140759,5867906000000,i00-g000009-n000000238,i00-g000004-n000000118;i00-g000000-n000000002;i00-g000004-n000000117;i00-g000008-n000000203,de_trial,204.75198587921165,,,,,real_vector,f635a1d4cb55cb9201af91db635b03b5,1kknum8iEcA6IVJwKn4OwP51avVjlOk/2S6xv416+j9IQYqbxqH6v6ZuYUCPhBFAFgG23LDu9L/gizuPONIRwIMeINRE+P+/5ys2SBK89D8=,compact,4,10,,
run-20260903T230838Z-4891f68f,2,234,220,9,1788476919.139759,5867906000000,i02-g000009-n000000220,i02-g000003-n000000072;i02-g000001-n000000030;i02-g000006-n000000171;i02-g000006-n000000170,de_trial,193.82134956331956,,,,,real_vector,4f6f26988db89ae34cf5e6c8d12aafca,2/J6uyJmBkAYYOR3D0TPP2I6GzdP9ALAR4xkNmpe+b9G8GcGIHUMQMezD/l0LhFA/56eyIEnAsAe7bwGyKjLP3rC6IbuPuO/TFwnikZU3T8=,compact,4,10,,
run-20260903T230838Z-4891f68f,2,235,221,9,1788476919.139759,5867906000000,i02-g000009-n000000221,i02-g000008-n000000197;i02-g000003-n000000081;i02-g000002-n000000062;i02-g000006-n000000170,de_trial,162.93422578129133,,,,,real_vector,5f236881250b2b253f157a3955606bfa,VGmQDDqbBEBsw3AJ1rUTQNBRxIy/jeq/BRHtIvPXC0A23ve1XC8EQNpBhkDuj/A/2MZtgBDm8T+Q/1zxw9DMv3eRSXNP7vU/6EndZr2/1T8=,compact,4,10,,
run-20260903T230838Z-4891f68f,2,236,222,9,1788476919.139759,5867906000000,i02-g000009-n000000222,i02-g000004-n000000100;i02-g000006-n000000149;i02-g000006-n000000171;i02-g000005-n000000141,de_trial,125.42503436783525,,,,,real_vector,cfbef08d6e74a02ed546d9dc09282b4d,+Aq/Slny7D8TWO7Xw7USwOxh7SjNjv2/fXVXEgGj/7/eFglL9AYCQCDgPOdgfP2/kKmhUlmhob9TdgWZweYLQGSPCZVskfw/+IX2nAiWzD8=,compact,4,10,,
run-20260903T230838Z-4891f68f,2,237,223,9,1788476919.139759,5867906000000,i02-g000009-n000000223,i02-g000006-n000000149;i02-g000008-n000000197;i02-g000005-n000000126;i02-g000004-n000000100,de_trial,136.61120587874885,,,,,real_vector,94d783ff3eeb921da5ce49fc3ac87ad6,vGrH9+V6BEA9WTo/l2YMQDc4CwHruAFA7KTsGllwz7/gQiYkqzkCQI6W3QTlnuw/kJYtihwvrL9YY4MUowXTP2JCXZvzxQJAwftsMVpW7j8=,compact,4,10,,
run-20260903T230838Z-4891f68f,2,238,224,9,1788476919.140759,5867906000000,i02-g000009-n000000224,i02-g000005-n000000126;i02-g000006-n000000151;i02-g000001-n000000030;i02-g000004-n000000108,de_trial,188.380913921907,,,,,real_vector,dfe5e144c4332894f975cd77584ca9a2,HV/NWswmEEBsvHS0Ex8OQCh63wQLZPi/69CtXwMG9b///fhYqyv0Pxvduwv6YAtAA8KVanWN979yXkXvuCnVv5JOm7/HYwFAbBmk/CiD+T8=,compact,4,10,,
run-20260903T230838Z-4891f68f,2,239,225,9,1788476919.140759,5867906000000,i02-g000009-n000000225,i02-g000006-n000000151;i02-g000001-n000000046;i02-g000007-n000000195;i02-g000004-n000000100,de_trial,145.20308389030288,,,,,real_vector,da72256f7f153dfe5bcba8ef9af376de,SArDsiw1z7+0EWkZyp8BQLqFVJ6lTvQ/thRfG8ruBsAyCmhJo+0QQNR3HhHGY+c/9mE6nad+BsAyaG4i4tQJQONaSqXA8wDA/qAPtcqF9j8=,compact,4,10,,
run-20260903T230838Z-4891f68f,2,240,226,9,1788476919.140759,5867906000000,i02-g000009-n000000226,i02-g000001-n000000030;i02-g000008-n000000197;i02-g000004-n000000111;i02-g000003-n000000087,de_trial,165.64777534256604,,,,,real_vector,a95fe3f00a0e4596fec41138329f125a,Mp8tPAPUBkB5SXVfKxgNQFrUcY5+/RNAJAQox3ND2r9hYuu21WAQQJjbWdMjicS/7sjjGuJ21L/Rizuiw88FwPg5IY3G0OG/7At2e1m06z8=,compact,4,10,,
run-20260903T230838Z-4891f68f,0,251,239,9,1788476919.140759,5867906000000,i00-g000009-n000000239,i00-g000007-n000000191;i00-g000004-n000000118;i00-g000004-n000000115;i00-g000003-n000000078,de_trial,95.29503493622839,,,,,real_vector,234258f1f4891465d728416706def8c4,XMyrYGID/z9KPFbV7EQFwGozSuej8+q/ULCWpIs73796M7cLjCnxP4BKItkt5g5A9n7SrnoK67+tnhtNhqbsv/Agln325uo/hYaksZ7tB8A=,compact,4,10,,
run-20260903T230838Z-4891f68f,1,238,224,9,1788476919.140759,5867906000000,i01-g000009-n000000224,i01-g000005-n000000126;i01-g000008-n000000202;i01-g000004-n000000109;i01-g000006-n000000158,de_trial,137.5464656637377,,,,,real_vector,6e6a6ba94edebc6ec3a3556c3235c159,l94kjXAXAUBWvfO88i36v7n5H0WPFxDA1Dxmemge7r9SXyrbo2PfP2zoW7k7+ui/1rgdomkv6r+35+Ip5fX7P9Ya1ZauCwRA7OIhkfTy4z8=,compact,4,10,,
run-20260903T230838Z-4891f68f,1,239,225,9,1788476919.140759,5867906000000,i01-g000009-n000000225,i01-g000006-n000000171;i01-g000006-n000000146;i01-g000007-n000000191;i01-g000005-n000000123,de_trial,154.0294751489252,,,,,real_vector,33e594d8c94c44cd794883650481338c,ZlZ86qCQC0AeZSBuHVIHwJsHPoVHqfa/pwRMUVe2AcCaWb5s8+n8v2wjRNZ36uE/JKeTxKqP8z/+6OktrUvgv7R9R7PTLPs/6qq2ecgXAEA=,compact,4,10,,
run-20260903T230838Z-4891f68f,1,240,226,9,1788476919.140759,5867906000000,i01-g000009-n000000226,i01-g000008-n000000202;i01-g000007-n000000185;i01-g000008-n000000203;i01-g000007-n000000191,de_trial,179.60208178556059,,,,,real_vector,21fb39da382eb4cb0651cb156f6b1baa,MqdH57PJ/L/kGHMov7rTP7hhWea9ffE/TwDgaBUx5D+QnXt3wP8RQEHMIu9yqdm/6C2KlILo+79IeuLYSEfevxJd0i1yBwXA3tkdhmk53T8=,compact,4,10,,
run-20260903T230838Z-4891f68f,2,241,227,9,1788476919.140759,5867906000000,i02-g000009-n000000227,i02-g000006-n000000170;i02-g000003-n000000072;i02-g000006-n000000151;i02-g000008-n000000213,de_trial,119.52920658034554,,,,,real_vector,2a3e65e7c5eea3b3e257e75dd96a52df,Df5Hx6619j/yjSWfFzUHQIbEEeVc+QDASVMRLswL9z9wuh3Ddj6hP/JSpcreKQpAKoPlQ8/xBsCYDcnGpBrzP/L4zoNR5vu/5BKD01lpAEA=,compact,4,10,,
run-20260903T230838Z-4891f68f,2,242,228,9,1788476919.140759,5867906000000,i02-g000009-n000000228,i02-g000006-n000000171;i02-g000003-n000000093;i02-g000003-n000000072;i02-g000004-n000000114,de_trial,190.75984405719157,,,,,real_vector,46c12708555469f9b745c44be61d3f5b,Lsd69F3REUBENPaYrTb2P2wC1dI3vgPA0LCjiuvK/j8wDLwms+YHwLWB8gEKCfa/OUJF0pV887+ech5jK9IAwJszt8rxrQvAQv4mM7mVCkA=,compact,4,10,,
run-20260903T230838Z-4891f68f,1,241,227,9,1788476919.140759,5867906000000,i01-g000009-n000000227,i01-g000008-n000000203;i01-g000008-n000000202;i01-g000006-n000000170;i01-g000006-n000000171,de_trial,111.2126380504495,,,,,real_vector,d3a6344bc712e454c1a89a60496bc3e1,2Gl+scj8+78iSdUdUT8IwL/vTUc84gPAlWA49i1N/T+OPlvZhj8DQBmTH4e0uO0/uOly8dXU8b+cX/t5ef/yv5dfqXyvjv0/wPi04QxNzr8=,compact,4,10,,
run-20260903T230838Z-4891f68f,1,242,228,9,1788476919.140759,5867906000000,i01-g000009-n000000228,i01-g000001-n000000032;i01-g000005-n000000126;i01-g000005-n000000123;i01-g000008-n000000206,de_trial,141.77790049303346,,,,,real_vector,34b19c20f872cba082f6a047973cab64,Rv5QsimIBsCvROEZo3MHQGBUq8WiAce/4cgROpDb4j+GzjRSk68LwEQ4Vugo+7S/0GjIF4xLD8DAx+pXdOLyP1IDqzoQkeU/6JpsYHbdAkA=,compact,4,10,,
run-20260903T230838Z-4891f68f,2,243,229,9,1788476919.140759,5867906000000,i02-g000009-n000000229,i02-g000003-n000000081;i02-g000006-n000000164;i02-g000007-n000000183;i02-g000002-n000000062,de_trial,108.590048192806,,,,,real_vector,26e215603537be70516b22b7f9160a97,dpsfUhhMAUBjwBUYaEntP0AwC9ujhJu/4Sd/9Lz76r8AsuRESOfNP4bd9XrZIt0/65uPDO99/T+2PZiKgbwQQF9JHMpDxAHA/m95qmdT478=,compact,4,10,,
run-20260903T230838Z-4891f68f,2,244,230,9,1788476919.140759,5867906000000,i02-g000009-n000000230,i02-g000004-n000000108;i02-g000006-n000000164;i02-g000005-n000000126;i02-g000007-n000000192,de_trial,162.49899702376362,,,,,real_vector,410dd01dd9017c487b190332f69badd5,o7Otq2TkAED+BM+cdnbkv1b5MbIh/fS/JBZCTiWj4D9aVFiZcTbgP4DNHSYaf9e/LXcHbIGt8j/rF91cxjIDQNIaLQGbGgbAWL87vw0M278=,compact,4,10,,
run-20260903T230838Z-4891f68f,2,245,231,9,1788476919.140759,5867906000000,i02-g000009-n000000231,i02-g000007-n000000183;i02-g000008-n000000197;i02-g000004-n000000111;i02-g000007-n000000192,de_trial,176.77707145056485,,,,,real_vector,958dc1684fccdd955eb682a2d7fb360e,1CFPnBjA+L/jttaATPUKQGuWmDEilgxA3Q43HZld3j/Mzr7PRTsMQEqT+9kREgnAtkU4n7sx7b+dHkN6nrnwv4DwIR8FauI/T59+QysM/j8=,compact,4,10,,
run-20260903T230838Z-4891f68f,2,246,232,9,1788476919.140759,5867906000000,i02-g000009-n000000232,i02-g000006-n000000158;i02-g000006-n000000164;i02-g000002-n000000062;i02-g000003-n000000093,de_trial,109.25826773480227,,,,,real_vector,57ecb0367799e0b2a8a934d660813bb9,NI3sRG9r+T9M9mH/02Ltv5xk7ghDz+g/eJLMc0ti0D/GkulhqqABwGk+uTU/k+k/Mx63uobl8L/f5OfloWLtP5LPwi2Fwfo/rHEXOkmeCsA=,compact,4,10,,
run-20260903T230838Z-4891f68f,1,243,229,9,1788476919.140759,5867906000000,i01-g000009-n000000229,i01-g000004-n000000107;i01-g000008-n000000206;i01-g000006-n000000168;i01-g000005-n000000145,de_trial,165.75552025457517,,,,,real_vector,5c5e8008c55f6ed59b67553fd19b03b3,9RME3vTZDMC0KdylyKsLQHwrt3h78e0/KL3HxpDFBUAEs1AYjsrtvwCD0s9Vq+m/uojOvVY9DMDcMjrSdgP8PzD3H5WBffS/XHeiVt/65b8=,compact,4,10,,
run-20260903T230838Z-4891f68f,1,244,230,9,1788476919.140759,5867906000000,i01-g000009-n000000230,i01-g000008-n000000206;i01-g000006-n000000170;i01-g000008-n000000211;i01-g000005-n000000126,de_trial,85.54949468721891,,,,1,real_vector,bb4ed121a1c00a6be69fa2d955238f95,"[-2.009214725824604,0.8956065501234174,-0.1822269654268318,-2.125760464283544,1.6946877056750447,-0.10350813682448934,-1.360044145740671,-1.063242667519892,-2.1261043404469087,-2.314032343062908]",full,4,10,,
run-20260903T230838Z-4891f68f,1,245,231,9,1788476919.140759,5867906000000,i01-g000009-n000000231,i01-g000004-n000000109;i01-g000004-n000000101;i01-g000005-n000000145;i01-g000006-n000000158,de_trial,162.52992476987276,,,,,real_vector,24214ff0a10ad62e82bcafb2c7ae084b,o/P6NBwgCcAZvHGHMzPSPywqenRS/ADA9RmG/D0UDkDHtZ/GLnH3v2Bt6LroMfQ/2LPROH2Vx7+oMH+NvJf1vzt/bl2GyQxA5O1B7yNHD8A=,compact,4,10,,
run-20260903T230838Z-4891f68f,1,246,232,9,1788476919.141855,5867906000000,i01-g000009-n000000232,i01-g000006-n000000158;i01-g000007-n000000185;i01-g000005-n000000145;i01-g000005-n000000126,de_trial,144.23154659495026,,,,,real_vector,8ba85006823d725c3f5d39dd3456c614,uNVuSxwt2b9dp5jE1ib7vx7iHF7cuNI/3Glon8S85b9so8eFvUIRQGLJoTUeweI/gDKGK0WNmz8sDq5cGoz8v2do8NZrIOW/mLSdI/Aaw78=,compact,4,10,,
run-20260903T230838Z-4891f68f,3,57,52,2,1788476919.140759,5867906000000,i03-g000002-n000000052,i03-g000001-n000000051;i03-g000000-n000000002;i03-g000001-n000000046;i03-g000001-n000000044,de_trial,153.1214443028265,,,,,real_vector,bfa17ea7a75a204ca6aba3b4f6aee616,dF7cHAiQ87+0pVp+7PoLwLB/hLCNZNo/fDU29WQe87+v22+gipD1vx76JVidUAbAhJ0EkY6QB8BKfzSsw+kFwKDAaQBl4rW/MkyvvKX7AsA=,compact,4,10,,
run-20260903T230838Z-4891f68f,3,58,53,2,1788476919.140759,5867906000000,i03-g000002-n000000053,i03-g000001-n000000025;i03-g000001-n000000035;i03-g000001-n000000050;i03-g000001-n000000029,de_trial,171.5823486515146,,,,,real_vector,5920f0d4763b9b8e66107c40ab0a9bc2,OK3WLSyKAsAOjWPSi7ERQN7OlU89u/i/wO7mmeL+yD9dcTkIcZ4TQKi5neT808e/Dt/F1RhEDkCczo3NLkTvP2DrIeMQX9K/4dGwPaCD9T8=,compact,4,10,,
run-20260903T230838Z-4891f68f,3,59,54,2,1788476919.141855,5867906000000,i03-g000002-n000000054,i03-g000000-n000000002;i03-g000001-n000000050;i03-g000000-n000000010;i03-g000001-n000000051,de_trial,145.63076476911638,,,,,real_vector,a13260aac32a808b74e70b36ca58fd95,BJN1DbEYAcCV8Qf+MjsUQMziRr+a3/y/Z9pUZfUc5b/uToe6pXcMQMiGOBfYWdo/qhOrxkR3D8BOBS7oXvruP2JgTcjlbwBANizmb0Xg5j8=,compact,4,10,,
run-20260903T230838Z-4891f68f,3,60,55,2,1788476919.141855,5867906000000,i03-g000002-n000000055,i03-g000001-n000000027;i03-g000001-n000000048;i03-g000000-n000000002;i03-g000001-n000000047,de_trial,163.27030523717818,,,,,real_vector,fa4a9f0ff1c4fa1fddd45baa512b39fe,42TP3FX58r/lUwq1diQKQGD0/ZV6AZe/6qN50sIp+r9iinraO+IAQMZMHD6ZYRLALM6CwIrt778aRN+oCtwOwGDcuG8q3g3AXtiO1P4zA0A=,compact,4,10,,
run-20260903T230838Z-4891f68f,2,247,233,9,1788476919.141855,5867906000000,i02-g000009-n000000233,i02-g000004-n000000111;i02-g000003-n000000087;i02-g000002-n000000062;i02-g000006-n000000158,de_trial,187.80146857604007,,,,,real_vector,be87827edc849d86d862878c2a0c3e3e,vA65FwgN3D8m68Z5+AbjP8yywmk86uG/MJPZQ6dz3z9QbrYQ/PXfPyTyRS6wTQTAVVYX1u5H7r9FxA7nA3r7v1bFxoTJGwrAyoFS+x+cBEA=,compact,4,10,,
run-20260903T230838Z-4891f68f,2,248,234,9,1788476919.141855,5867906000000,i02-g000009-n000000234,i02-g000002-n000000062;i02-g000006-n000000171;i02-g000004-n000000114;i02-g000003-n000000093,de_trial,194.18377308809374,,,,,real_vector,d62cbc4c08659f851bb40f671cecba24,3GjiSem+9j+1InucDBHxv2iUKNF0q9Q/uuWutXW2D8AuPr8wALP6P4pmAnneGgxAKdKMZPrH4b+4GXH0CGUDQLY3PGTdawpAdHcLDU5I+L8=,compact,4,10,,
run-20260903T230838Z-4891f68f,2,249,235,9,1788476919.141855,5867906000000,i02-g000009-n000000235,i02-g000003-n000000087;i02-g000004-n000000111;i02-g000004-n000000108;i02-g000006-n000000164,de_trial,157.36300474873914,,,,,real_vector,7e711f95a5117202e0253d6d363f25e3,huHrIn4W4L+b31EMKN/fv+HBE94Wjfy/0ot0KQ9H8T9hIDoI3WzxP/A5X/tVJAfADGfnSRR76r80QHh916LYP9rZvEYPgxHAsO5nZ8IDDUA=,compact,4,10,,
run-20260903T230838Z-4891f68f,3,61,56,2,1788476919.141855,5867906000000,i03-g000002-n000000056,i03-g000001-n000000048;i03-g000001-n000000051;i03-g000001-n000000031;i03-g000001-n000000047,de_trial,178.3535975512285,,,,,real_vector,223039ed6f954707e43f536a7ac822a2,rHaS8mc4+L/A6eehG37BP5yBJxjHwwzAFhMbnpqMC0ALNwGASYr3v0gC/bPcahTAYKaygB4ECMDY01r6TeDkv4ZCtEOcovC/ogvZ2N6XBkA=,compact,4,10,,
run-20260903T230838Z-4891f68f,1,247,233,9,1788476919.141855,5867906000000,i01-g000009-n000000233,i01-g000007-n000000185;i01-g000006-n000000164;i01-g000008-n000000211;i01-g000008-n000000202,de_trial,155.01834334869787,,,,,real_vector,e09ab3cae1b8102fb0977b83b443f2f0,0dPk5jSwAsB0xpf6tUL7P3jbZ/C8XQJAapzPf9Sm/b8AlfCQipTtvwQExj8u/Q3AiuanC9kgA8CADXRo1VDgv6iDB+O46wLAUErRSO5W8D8=,compact,4,10,,
run-20260903T230838Z-4891f68f,1,248,234,9,1788476919.141855,5867906000000,i01-g000009-n000000234,i01-g000006-n000000160;i01-g000008-n000000206;i01-g000004-n000000119;i01-g000004-n000000107,de_trial,174.43948599208733,,,,,real_vector,0bc873a3a4ab8630a4d1302f78160dfc,TZpZkRubAcDvwmPt8SoLQIxYrWfWiApAGYie53ckBEBYGpweDZ38v+dic+0Kuee/1FrmzOoYDsAJo02fe4T8P+oQg8EIzAnAuFkFd06/yL8=,compact,4,10,,
run-20260903T230838Z-4891f68f,1,249,235,9,1788476919.141855,5867906000000,i01-g000009-n000000235,i01-g000008-n000000211;i01-g000006-n000000171;i01-g000004-n000000100;i01-g000005-n000000123,de_trial,129.5663990806188,,,,,real_vector,f25df07ae6da9739ffc335f0ed1f9f36,fuy7jVVh+z8g153+u3m4v0QFpyUpwgnAUoo8lKLmEMBqBzd2lhb7v3YcBYzIIPs//SMlnoUk8L/ibsco2XPPPzqjceNzNwZAW/hbkL8r878=,compact,4,10,,
run-20260903T230838Z-4891f68f,1,250,236,9,1788476919.141855,5867906000000,i01-g000009-n000000236,i01-g000003-n000000096;i01-g000006-n000000160;i01-g000007-n000000185;i01-g000008-n000000206,de_trial,154.82457055788876,,,,,real_vector,57c4bf4997944eeccf89a41cf099d04b,qqNkBkIz57/mBEkqiL/0P9CpF2ioDs6/IcrcTryhEcDhGC6llccHQPYciJLPnuE/Ynxo5RdPAMCwbCitqerIvybwf9BQT/k/pAG/2qlz9r8=,compact,4,10,,
run-20260903T230838Z-4891f68f,3,62,57,2,1788476919.141855,5867906000000,i03-g000002-n000000057,i03-g000001-n000000029;i03-g000001-n000000042;i03-g000001-n000000048;i03-g000000-n000000019,de_trial,140.5957129792106,,,,,real_vector,03dce1f5f4a42a4c00ed7f897bd441fa,hgbQYcb/479IL98oq/vpP6QEeoClTBBABDJoWIKs4r/xYQr+1mUAQHrWVrahnfc/Sg3ETiNFCcBMLJJu/p4OQCrVwyJVLfQ/Lm/m6xK+AMA=,compact,4,10,,
run-20260903T230838Z-4891f68f,3,63,58,2,1788476919.141855,5867906000000,i03-g000002-n000000058,i03-g000000-n000000006;i03-g000000-n000000009;i03-g000000-n000000014;i03-g000001-n000000037,de_trial,166.40822318159547,,,,,real_vector,b788d77f979deb8e9128723b664d9fa1,lZIZIBxJAkAKHRayfu0RwDAu3/JOYAnAXixcRK9RAcDE6IGecyAGwBJNc+jIN/8/3tWIBLeL+z8x7zpgrOwNQHTMpXBqAQfArHg21yo/9L8=,compact,4,10,,
run-20260903T230838Z-4891f68f,3,64,59,2,1788476919.141855,5867906000000,i03-g000002-n000000059,i03-g000001-n000000031;i03-g000001-n000000029;i03-g000000-n000000019;i03-g000001-n000000048,de_trial,106.6846546395314,,,,,real_vector,749d0e9ed6e052d5a714f9740967d046,pdZpaOgR8T9oKM2jGEINwDoSPKU5ses/M6T3NicxCEBIdSa8kmTQv1jQmVT4f+e/gCPfz2WPur/bih3mWLQGwKegzHaRHwDAU5kusEwc978=,compact,4,10,,
run-20260903T230838Z-4891f68f,0,254,240,10,1788476919.141855,5867906000000,i00-g000010-n000000240,i00-g000002-n000000048;i00-g000005-n000000136;i00-g000009-n000000235;i00-g000009-n000000239,de_trial,107.64574400979342,,,,,real_vector,a6476e4afba2732c730fd42dac43b885,2r3QT4mrB8CwXfO9iC3Mv7iNMJdHBNe/hj3dWhZ1CMDAVl3jP++Gv4Asem9X9vC/Ynxo5RdPAMAgzNyXM8rYv4kr/jSMkALApAG/2qlz9r8=,compact,4,10,,
run-20260903T230838Z-4891f68f,0,255,241,10,1788476919.141855,5867906000000,i00-g000010-n000000241,i00-g000006-n000000145;i00-g000004-n000000103;i00-g000007-n000000188;i00-g000008-n000000200,de_trial,112.16330842679513,,,,,real_vector,d972a6493ba09bfc4e18127083dcdc50,nnoacZH+8D9QM8mD/+nFP8Qjsw1vSgPA4O+OPzNsB8DE+wxmUinxv/TWD+peAAHAy8nu9xjQ4b/g4kvKo3epv0AdHUxIMs+/isv0XLqcDMA=,compact,4,10,,
run-20260903T230838Z-4891f68f,0,256,242,10,1788476919.141855,5867906000000,i00-g000010-n000000242,i00-g000000-n000000002;i00-g000005-n000000136;i00-g000009-n000000219;i00-g000007-n000000185,de_trial,148.2596626429218,,,,,real_vector,1449d8a7919e5e6397756158d2587cf1,JGBx2MRwAUDcZSjtBlENQGOj+HsASgzASHpMGC2UEsCoJp8M79Oyv5RVV2jl9ADAMOxU1mhFsr/8zYm/xrHzv2q66yNqpuo/NaqjkN2Y9L8=,compact,4,10,,
run-20260903T230838Z-4891f68f,0,257,243,10,1788476919.141855,5867906000000,i00-g000010-n000000243,i00-g000009-n000000219;i00-g000004-n000000117;i00-g000005-n000000129;i00-g000009-n000000235,de_trial,137.86339957018953,,,,,real_vector,4d2a4dc852e811f64e00859dccb51d61,K+USzZjMAMBaQ3RDd/DxP0h+t+gHIRLA7NPzLaMJ7L/1lSmq7ZYBwKq9bwgaagpA5oti5Sac8z/77onwLCwHwE/ohgEbWQLABpO61TQD/T8=,compact,4,10,,
run-20260903T230838Z-4891f68f,3,65,60,2,1788476919.141855,5867906000000,i03-g000002-n000000060,i03-g000001-n000000049;i03-g000000-n000000010;i03-g000000-n000000006;i03-g000001-n000000040,de_trial,147.60552887882008,,,,,real_vector,5128c33940941fd9bb16e1ad33d078e1,CEXuqa2d5j9Kv6Gp898AQKYoZxf+3ATAGAaOesqK4T9AUs2nyUvKv1bCZ7RmxwJAWAZR428d7L/OKgGCuiYKQAAlPLbP3ck//kHZ8H9C+D8=,compact,4,10,,
run-20260903T230838Z-4891f68f,1,251,237,9,1788476919.141855,5867906000000,i01-g000009-n000000237,i01-g000007-n000000189;i01-g000008-n000000211;i01-g000006-n000000146;i01-g000008-n000000202,de_trial,169.3608690427077,,,,,real_vector,34c1c914731162799010fda82e140682,zI3yVvHo2L8Vc+YXS8f9P0SvtDNj6Ns/RuYr4WOnCMDc/MIK8ffdP5g3vcRHq/S/Qu18eANJBMDVX0tgedDWP1ZVD/DizgNAMQvfX4/88z8=,compact,4,10,,
run-20260903T230838Z-4891f68f,1,252,238,9,1788476919.141855,5867906000000,i01-g000009-n000000238,i01-g000006-n000000164;i01-g000005-n000000123;i01-g000008-n000000211;i01-g000006-n000000170,de_trial,177.79082449949703,,,,,real_vector,9e65267788234192f3f3b3f2d76e5231,fFGN0Lv28798hHDFOk/hv7KtTJX99Pm/UGvSVId8178kz/Cf1dP4vyQg8RffCP6/JPwqlPwqCsA2k3rbEAnYP/rYR+mqagtAhHpHCwzuBkA=,compact,4,10,,
run-20260903T230838Z-4891f68f,1,253,239,9,1788476919.141855,5867906000000,i01-g000009-n000000239,i01-g000007-n000000191;i01-g000004-n000000107;i01-g000006-n000000171;i01-g000005-n000000123,de_trial,147.7721164685224,,,,,real_vector,f4a187774002e13599f846da2b66e80e,Qp3UlX6K47/QzvxAuei0v7oXRhbWZwHAaHKZ6UofEMDPeUIlTmPjv7Jx5T9FZwNAYjkTAU390L/sFVL9fNzgPyYLCEqoMf0/c5PhDsHWDsA=,compact,4,10,,
run-20260903T230838Z-4891f68f,2,250,236,9,1788476919.141855,5867906000000,i02-g000009-n000000236,i02-g000004-n000000114;i02-g000006-n000000170;i02-g000004-n000000108;i02-g000007-n000000183,de_trial,114.9030917907041,,,,,real_vector,433802732d52a310a974cab7103b7191,glLg/Qpb/79Q3+q2C24DQGSoeA/6Ee+/hkEOSCQL8b9yomSTmrcGwBEauuk4tO8/IoPRwnygDMDIp69cyrHzP8BhPRQsPc2/vDHYqls+478=,compact,4,10,,
run-20260903T230838Z-4891f68f,2,251,237,9,1788476919.141855,5867906000000,i02-g000009-n000000237,i02-g000008-n000000213;i02-g000004-n000000114;i02-g000002-n000000062;i02-g000006-n000000164,de_trial,140.43144518292632,,,,,real_vector,7ba69dd2354e40e2e5630b796051283f,nMUxWJXa578enxolVbQCQEvqqb4ciA1Amez4ybjR7L+61sxQRhz5P0AQ/a/st6g/oNLKWkJC6b9e1sEvpOvwv4R2cCjj/RFAcDAieYtByT8=,compact,4,10,,
run-20260903T230838Z-4891f68f,2,252,238,9,1788476919.141855,5867906000000,i02-g000009-n000000238,i02-g000006-n000000164;i02-g000007-n000000183;i02-g000001-n000000030;i02-g000006-n000000151,de_trial,127.72073854991383,,,,,real_vector,4b69ede833b9f4f1e21c4401da1eabfa,kFOVSC35vz82CiZLZrHvP1UTTElWjAJAifxSdEYuBMCgNhLk7P0EQKCI7dPw/L6/gBM2xb2FtD9wqy+LGnThvxfq0Hd0RuA//TxvIxJYB0A=,compact,4,10,,
run-20260903T230838Z-4891f68f,2,253,239,9,1788476919.141855,5867906000000,i02-g000009-n000000239,i02-g000005-n000000141;i02-g000001-n000000030;i02-g000006-n000000164;i02-g000006-n000000149,de_trial,165.90389471741014,,,,,real_vector,f87ad28f09d0fe0bbab773cfb909fb4f,PhDJx/ZSB0Ao1/RI8LISQNVgRMmogfa/bjY180KR+L8rI3GNKWAAQImCV5fX5xFA7nKydCwD+7+Icj4nmqrzPysG1JbsRv6/AGRSNieWib8=,compact,4,10,,
run-20260903T230838Z-4891f68f,2,254,240,9,1788476919.141855,5867906000000,i02-g000009-n000000240,i02-g000007-n000000192;i02-g000005-n000000126;i02-g000007-n000000183;i02-g000007-n000000195,de_trial,111.62855269234473,,,,,real_vector,dfad49d95655e6e0817f15a06f10ebd2,j5IkiHz1AUBeOMssKZ7rvzxDnw88QgPAAPip5K5T5z8wX9A4rYq5v49dAZkvNfK/kNJM4e+mCUAAix8CNtHGPzIWlK2U+Oo/Gu+IDzGcEEA=,compact,4,10,,
run-20260903T230838Z-4891f68f,2,255,241,9,1788476919.141855,5867906000000,i02-g000009-n000000241,i02-g000003-n000000093;i02-g000001-n000000046;i02-g000007-n000000192;i02-g000001-n000000030,de_trial,123.21163898769468,,,,,real_vector,a2a0e1b52b560517ccdcc01680995a9e,gNB2Fhpc8r8DnEigWPUGQKSrAfiUrPM/lOtUkZJ+2b9ARcAZVifdP4h4EQ5BI/i/0GWm/zIS7L983ELa/u8CwBwzGIEeOAFAEBAfV1DP7j8=,compact,4,10,,
run-20260903T230838Z-4891f68f,2,256,242,9,1788476919.141855,5867906000000,i02-g000009-n000000242,i02-g000001-n000000046;i02-g000006-n000000170;i02-g000003-n000000093;i02-g000006-n000000158,de_trial,192.62286352314715,,,,,real_vector,3f617ea5f75629ace7f2f08ac75d6153,gFJRCkYe4j+Ik8P1zugRQEqvkEtPgwRAZMeihRH8EMAzT/CuKKLwv7EUp8rItuM/T9pxLaRG779oM8/2bKPev/iHcRkAHwtACKneMKRgAUA=,compact,4,10,,
run-20260903T230838Z-4891f68f,2,257,243,9,1788476919.142887,5867906000000,i02-g000009-n000000243,i02-g000007-n000000195;i02-g000006-n000000170;i02-g000004-n000000100;i02-g000004-n000000114,de_trial,111.90138627278046,,,,,real_vector,062f3c73b551ecd962d42aed3792c788,PyhGYC2+CMC+boPn118HQNhEEDCTcbA/0rRpwqJK/L9ME0XacTASwNqykFB7q/0/4KGnWTlG7D+wXc+XSvoAwGVasFXmzgVA6r2jYFcM8D8=,compact,4,10,,
run-20260903T230838Z-4891f68f,3,66,61,2,1788476919.141855,5867906000000,i03-g000002-n000000061,i03-g000000-n000000009;i03-g000000-n000000006;i03-g000001-n000000029;i03-g000001-n000000050,de_trial,136.7497514588834,,,,,real_vector,37b6d84fc3ea8828a591618fc44e45bd,9uv6+qNHE0AUKkJK+Bj/v/rbhSMUeei/EaFr0iiqAMDoWtf2e54KwGDcupfto8y/FC5jVGkY87+wR/rgLajSv2KiZaU9wgHA2Iy4RwNX4D8=,compact,4,10,,
run-20260903T230838Z-4891f68f,3,67,62,2,1788476919.141855,5867906000000,i03-g000002-n000000062,i03-g000000-n000000010;i03-g000001-n000000044;i03-g000000-n000000019;i03-g000000-n000000009,de_trial,153.21074250690896,,,,,real_vector,56b0675c6209b9042d2d173921307bd9,+Lzb5Lx9D8Cs0YsQawkCwPgJ2r5QgOK/nA2ApcR75b+CcQt34TUOQAhLX1vyyP+/qHhIikCSDMAOgGQulTcHwGt01KZeOghAuTF3j6mPB0A=,compact,4,10,,
run-20260903T230838Z-4891f68f,3,68,63,2,1788476919.141855,5867906000000,i03-g000002-n000000063,i03-g000001-n000000035;i03-g000001-n000000029;i03-g000001-n000000031;i03-g000001-n000000042,de_trial,206.5863142352032,,,,,real_vector,cb61992878ba2ea35b89046070979bc3,7JQ3a7CD+r+eP8wbVmsNwNA1Vu6I/9s/YvHvCRitAECQJsha3pMRwHA8qyaiTAvALQFTKIAREMDWpESO2+sQwFqBSesCXQnAysdM6WxlCEA=,compact,4,10,,
run-20260903T230838Z-4891f68f,3,69,64,2,1788476919.141855,5867906000000,i03-g000002-n000000064,i03-g000001-n000000036;i03-g000001-n000000046;i03-g000000-n000000019;i03-g000001-n000000041,de_trial,124.13987723780363,,,,,real_vector,c2c6c42bb1bd92463d866443e93bff35,GsL5YVOYDsCVeKFCu2fxv1cOQ2z7ChBA9snXyzq5AUAI41duyezyPyZjyKvKzwFAscbq350SBcCQKRIXeNnGPxwVrBCVV+0/iEDXiV834L8=,compact,4,10,,
run-20260903T230838Z-4891f68f,3,70,65,2,1788476919.142887,5867906000000,i03-g000002-n000000065,i03-g000001-n000000037;i03-g000001-n000000029;i03-g000001-n000000031;i03-g000001-n000000050,de_trial,154.13310098350996,,,,,real_vector,f1f5282ff27ced0ef8bb7b8258367463,Po6B+08V6L/L7vYIOrwBwBK2/hfzxPU/utJ7xQ5DCkAoLDKfl3YRwHhp0sKzuPy/dIoH+BaaAMBNKhCYNTYTwNvLsCWNSgDA2vyTbCUTAMA=,compact,4,10,,
run-20260903T230838Z-4891f68f,3,71,66,2,1788476919.142887,5867906000000,i03-g000002-n000000066,i03-g000000-n000000014;i03-g000001-n000000027;i03-g000001-n000000036;i03-g000000-n000000010,de_trial,107.84141017546187,,,,,real_vector,f8224207cc137deb13429dd3a5a709eb,okysw4TMAMB2p3HwbpkIQADQr4t0yam/uGcvvol+6797vOL8rUEIQCYrv7sL3QpASu9YUB/vBkB4Gbl9P1oAwCrLnM4Z2wvA+P670azi778=,compact,4,10,,
run-20260903T230838Z-4891f68f,0,258,244,10,1788476919.141855,5867906000000,i00-g000010-n000000244,i00-g000007-n000000172;i00-g000009-n000000219;i00-g000003-n000000078;i00-g000000-n000000002,de_trial,135.94559897673136,,,,,real_vector,5d50a7202cd4ca9bfdc277b04674fbc4,mC84U/O/vT9SjNEb/VQTQONad+MtgwXA8AE+rPJf278SR0mNmAHzP+OFuyJUO+0/sC4VaiuE+T84aRRLC+LWvxhkPyk7fLE/QQjcPL1r5D8=,compact,4,10,,
run-20260903T230838Z-4891f68f,0,259,245,10,1788476919.141855,5867906000000,i00-g000010-n000000245,i00-g000005-n000000125;i00-g000003-n000000078;i00-g000009-n000000219;i00-g000002-n000000048,de_trial,160.49692288416935,,,,,real_vector,bbf1b88be6c775ef2628f2133622eac3,vFfR26i/7L+QXjpcr9UGQPZaa3YJ9fg/sjH4+zIBAcCAJf4cuUgAQFihNPmApgvAqhwqRIxE5D+8KTt6wS4FwActve7rwPI/OisGeqtUEUA=,compact,4,10,,
run-20260903T230838Z-4891f68f,0,260,246,10,1788476919.141855,5867906000000,i00-g000010-n000000246,i00-g000003-n000000078;i00-g000004-n000000114;i00-g000004-n000000117;i00-g000005-n000000129,de_trial,146.16970272631255,,,,,real_vector,3abedebf89e5808ff17792623374d0e2,WueaEHvBEUDJfu7h7qsEQEak6SeRL/0/1VhCGrVc+792RiKOigH1P6hYGqKaQfK/TPdMFZYJ7r8cBzGMX6/pv9SRX651y/E/xJrQVGDLEMA=,compact,4,10,,
run-20260903T230838Z-4891f68f,0,261,247,10,1788476919.141855,5867906000000,i00-g000010-n000000247,i00-g000004-n000000103;i00-g000008-n000000203;i00-g000008-n000000206;i00-g000007-n000000172,de_trial,146.2852290646419,,,,,real_vector,fbd1545c0780cbd871974a902f913188,GKqZExo94L/cnIIULAUHQIiY55ZHoQDASLhH4G0v979Vw2M0H4sRQDSKNoBmJgjAmsK8H+iB/b9GTTlZG4H7PzJomuXW1Oo/D5VHLElQ5j8=,compact,4,10,,
run-20260903T230838Z-4891f68f,0,262,248,10,1788476919.142887,5867906000000,i00-g000010-n000000248,i00-g000008-n000000200;i00-g000005-n000000136;i00-g000005-n000000129;i00-g000008-n000000203,de_trial,124.50450516707332,,,,,real_vector,d0f6695732f27b8c72af466f046e7641,Z9K8lveo5r88xh4fnfr1vyZfmxkTJAvA3HciexFxBsCK/VkVPpnxvypW550xg+M/piQwevAq8T/iwRPWjlf5v/bN7zJxEPA/+DPuUmdq7D8=,compact,4,10,,
run-20260903T230838Z-4891f68f,0,263,249,10,1788476919.142887,5867906000000,i00-g000010-n000000249,i00-g000005-n000000129;i00-g000005-n000000136;i00-g000004-n000000114;i00-g000007-n000000185,de_trial,128.34470301839974,,,,,real_vector,85e019685d43639c2f3e655095075652,MM19Ob8HEUA5B/WhXHn6v1DZR7xgJfS/AGjaGHOpXb8QZlcOKRrxP6g9GWS8LwPAltO6CBQV+7+mMxYHvT3tv5LmKI1SsAJAHlR1kikdAMA=,compact,4,10,,
run-20260903T230838Z-4891f68f,0,264,250,10,1788476919.142887,5867906000000,i00-g000010-n000000250,i00-g000008-n000000202;i00-g000000-n000000002;i00-g000008-n000000206;i00-g000007-n000000172,de_trial,135.50081115675832,,,,,real_vector,ed0fa4053c52b4f1908d0c622b450ef1,ltsGxHBAC8AB1wJycLv9v0j34semHABAMCJoyqKW+z8Pdb2mdycCQIBeAFcM5JE/ujcKBGOj9L9wDrltj7kDwIggp/VXmMW/WLCC23SJ+j8=,compact,4,10,,
run-20260903T230838Z-4891f68f,0,265,251,10,1788476919.142887,5867906000000,i00-g000010-n000000251,i00-g000008-n000000203;i00-g000007-n000000172;i00-g000005-n000000136;i00-g000005-n000000135,de_trial,137.10972781056788,,,,,real_vector,49a7e8b3014484ab016259f5f3ea7b06,TwjRe2jsE0AnsHtyIcvuv4xLkv0fcOy/aLHk3BtQDsCezfW9yWsFwH6qslTDYfI/tEJYRkTpB8CeaV9BZjEDwE+u2mbDfgFAnsKDzO0HAsA=,compact,4,10,,
run-20260903T230838Z-4891f68f,3,72,67,2,1788476919.142887,5867906000000,i03-g000002-n000000067,i03-g000001-n000000050;i03-g000001-n000000048;i03-g000001-n000000031;i03-g000000-n000000010,de_trial,117.32192609253269,,,,,real_vector,d0642c731a3034ac42a2686c58a6639f,DOrnoVUkCsAYj3y/uV7rvxiItRxepfQ/dHo0uJku0b9w+KJi5t7/P5WE9t+iSgTAPJVTbsRS/L9gftbBcmoGwLzLbuEDWsI/+qqI4JqDAEA=,compact,4,10,,
run-20260903T230838Z-4891f68f,1,254,240,9,1788476919.141855,5867906000000,i01-g000009-n000000240,i01-g000006-n000000170;i01-g000004-n000000107;i01-g000007-n000000191;i01-g000005-n000000145,de_trial,151.8869799620411,,,,,real_vector,e5b5f895f327b5be49d138446359fe36,4H8v6fh8pr8NrQIN2eXvv0lcbt7BwgvAYmMuHGMNEcBnkSHzNar9v6Emi+OgJ/U/2wIH2J+Q4L/aojv1QX36P4qZ/wtpKARAFANXmG+a8D8=,compact,4,10,,
run-20260903T230838Z-4891f68f,1,255,241,9,1788476919.142887,5867906000000,i01-g000009-n000000241,i01-g000004-n000000119;i01-g000003-n000000096;i01-g000005-n000000123;i01-g000004-n000000101,de_trial,174.19862669910282,,,,,real_vector,04f00d2a3d8645215389531d5a79575c,5d4dn61+A8DlPUHZCzgAQBjNW+UVbANAhBribcNQ+b8bGLtslOIEQEwRKpmwPdC/Ckq/ECG+CsCYFVLgXKXJP2yaGDDqkQDAxha5svhxA0A=,compact,4,10,,
run-20260903T230838Z-4891f68f,1,256,242,9,1788476919.142887,5867906000000,i01-g000009-n000000242,i01-g000006-n000000168;i01-g000005-n000000145;i01-g000001-n000000032;i01-g000006-n000000164,de_trial,124.67949042834924,,,,,real_vector,db3d07fe2e2846f58e2f06e29102786b,xCJoc1rlDsCs+oTug4LuPyy89FqGEO+/TMX3N/ML4r/MFhMbK2T7P2TYaGqZTwlAu/EhwE9JAMBAlnDEvNy0v6QM3C26HxBAd009eUjRC8A=,compact,4,10,,
run-20260903T230838Z-4891f68f,1,257,243,9,1788476919.142887,5867906000000,i01-g000009-n000000243,i01-g000005-n000000145;i01-g000008-n000000211;i01-g000007-n000000185;i01-g000006-n000000164,de_trial,130.39471541475237,,,,,real_vector,8e849d1b2aed0c9f44f74c7f5768dfc8,piKFzwJW6L9ITDRBGan7P+6LHNbkdf6/DRMVqiUWB8DyhOO1ircKQKyGjmCs5+I/E4X2R84OBsBFBKkkCU3rPx+AIn+1Wfc/L6s7khc8778=,compact,4,10,,
run-20260903T230838Z-4891f68f,3,73,68,2,1788476919.142887,5867906000000,i03-g000002-n000000068,i03-g000001-n000000040;i03-g000001-n000000025;i03-g000000-n000000014;i03-g000001-n000000036,de_trial,169.58203217988495,,,,,real_vector,6309c7087f2ce7cc4236a955f0dd0b95,eELiwm4Z1r+zUEzG9tcIwM6eJoZLTui/S19qSsQGBsAYYQseF1zgv2qv9QcvRQbAjHgHz08I+D/jahr1eA0FQPwsn1YETvQ/Fiz7STHa+b8=,compact,4,10,,
run-20260903T230838Z-4891f68f,3,74,69,2,1788476919.142887,5867906000000,i03-g000002-n000000069,i03-g000001-n000000041;i03-g000001-n000000046;i03-g000001-n000000049;i03-g000000-n000000009,de_trial,184.2950385630088,,,,,real_vector,b105d1cf63b38ce1f79432582682fb4b,QBX3IavzDcAwN/F84uXbP+iI5dHp+QpAohrlJe085j/iYtUocT/3v5gwbE0bRcg/Rh8apWt72z/OSYDwG/QGQOz/as2VP/i/DD/kUSeiCcA=,compact,4,10,,
run-20260903T230838Z-4891f68f,0,266,252,10,1788476919.142887,5867906000000,i00-g000010-n000000252,i00-g000006-n000000156;i00-g000006-n000000145;i00-g000004-n000000118;i00-g000008-n000000206,de_trial,136.0283503487772,,,,,real_vector,f37af17ed4f1927cd47e92667a55f05d,ziFz4X0LAMBnqwXmNjL4P7/QdHD5sgrA8KriAked3T9EPxJFA8j0P5ijAZ0SBeC/DpdA2dBG9T/Kn5ELO17EP+6f7kh+6wDAQLACuBKcpD8=,compact,4,10,,
run-20260903T230838Z-4891f68f,0,267,253,10,1788476919.142887,5867906000000,i00-g000010-n000000253,i00-g000005-n000000133;i00-g000008-n000000206;i00-g000009-n000000219;i00-g000005-n000000125,de_trial,196.477557779056,,,,,real_vector,c3f1972779dd8fa77340516d3ca28ac9,OYbuFXL+EUA4UjVr+x38P3ROxOQXJfW/JFhYVlM59D9Eb7tgcjr0P8iRE6z5uRPAHAQ8Ea1c9L/U+9B9edf2P/werycTqxBAITskQw99+b8=,compact,4,10,,
run-20260903T230838Z-4891f68f,0,268,254,10,1788476919.142887,5867906000000,i00-g000010-n000000254,i00-g000008-n000000206;i00-g000007-n000000188;i00-g000005-n000000135;i00-g000004-n000000103,de_trial,152.26521163004756,,,,,real_vector,bab2f1c77aa08efc093a49fece8d793f,o7dzvqKJB8DJb0Pcx8AEwGDVYkQi/OA/joLzdi3R+j8GK5RsNQf2v91/KhK4TwfABg6NDnSQ9T8U06Srsm/+v2yHR2pb2QbASg2ywT9eD0A=,compact,4,10,,
run-20260903T230838Z-4891f68f,0,269,255,10,1788476919.142887,5867906000000,i00-g000010-n000000255,i00-g000005-n000000135;i00-g000007-n000000185;i00-g000009-n000000219;i00-g000009-n000000239,de_trial,135.57837930849348,,,,,real_vector,db72beef8a0d57ed072c9fa04bc41d0c,4FqSeZkXEMD+cmJm5Gf1v6iOiPWkqQ3A3yS6a1Ty+z+efeeUjxbBP1ZqxFyH4f+/QCrF0B8D2z+2Yx9XYNIJQEjxmaRcC82/M2/RTNpI8z8=,compact,4,10,,
run-20260903T230838Z-4891f68f,0,270,256,10,1788476919.142887,5867906000000,i00-g000010-n000000256,i00-g000005-n000000136;i00-g000004-n000000114;i00-g000007-n000000185;i00-g000004-n000000103,de_trial,119.14440897062224,,,,,real_vector,20c5d69e698c1af5dfc1bf7a51430451,vV4ct3Dp6D+g6JtFLZTSv14wrXaOBv0/lqjw50xC5z9rO+4qa7YJQBwrXs45sgvAjMRhKr60779MwQAM5krxP6u6dtqtxgFAgIj3NNXQzz8=,compact,4,10,,
run-20260903T230838Z-4891f68f,0,271,257,10,1788476919.142887,5867906000000,i00-g000010-n000000257,i00-g000007-n000000185;i00-g000008-n000000206;i00-g000009-n000000219;i00-g000009-n000000235,de_trial,153.52786982112485,,,,,real_vector,345e676c166fddb890a286fb871f9676,6ohpkHkB5j96pcowRy/iP0pnVTOaeQDAE+VSrvXm8T+0aaozwh34P5bYZTykkPq/2CF1QCse0j+hdueiOAj4v4GdMjqx0/w/QMeNwaFMBMA=,compact,4,10,,
run-20260903T230838Z-4891f68f,1,259,244,9,1788476919.142887,5867906000000,i01-g000009-n000000244,i00-g000002-n000000048,migration_arrival,90.729540967393,,,,,real_vector,cee9d4f3e424c1130bc30c49555db8b9,2r3QT4mrB8Dwzc7PKCrBv2RAKm+A1/E/YAdDfpQXs7/hGC6llccHQMylAJtEF+0/Ynxo5RdPAMAgzNyXM8rYv4kr/jSMkALApAG/2qlz9r8=,compact,4,10,0,i00-g000002-n000000048
run-20260903T230838Z-4891f68f,1,260,245,9,1788476919.143893,5867921000000,i01-g000009-n000000245,i00-g000009-n000000239,migration_arrival,95.29503493622839,,,,,real_vector,234258f1f4891465d728416706def8c4,XMyrYGID/z9KPFbV7EQFwGozSuej8+q/ULCWpIs73796M7cLjCnxP4BKItkt5g5A9n7SrnoK67+tnhtNhqbsv/Agln325uo/hYaksZ7tB8A=,compact,4,10,0,i00-g000009-n000000239
run-20260903T230838Z-4891f68f,3,75,70,2,1788476919.142887,5867906000000,i03-g000002-n000000070,i03-g000001-n000000042;i03-g000001-n000000051;i03-g000000-n000000006;i03-g000001-n000000029,de_trial,127.04105152460049,,,,,real_vector,ceea0727e4c590652d557c1b4d75c729,ruEBazp29T8iv1eVVPPzP7ASVlEePxTAZmfYKX+t7L/gNkqb4behP8VJkbpiIgBAP5hUBUcZ9T9iSvwdkr4NQLC0wGREx/+/DKgaeiRW278=,compact,4,10,,
run-20260903T230838Z-4891f68f,3,76,71,2,1788476919.142887,5867906000000,i03-g000002-n000000071,i03-g000000-n000000019;i03-g000001-n000000025;i03-g000001-n000000041;i03-g000000-n000000002,de_trial,195.83571105380065,,,,,real_vector,6936f99bcf208a1a466b64fafa1dcb2e,svTcfZ8UCEAYMnzojn75v7CWroc+Tci/YFPuPm60DMAYnjTrtfjtv0KQX7NLxva/xAuia/dREkCgOtA0BfoTQHoK+/9g+ui/gD3xZwD5C8A=,compact,4,10,,
run-20260903T230838Z-4891f68f,3,77,72,2,1788476919.142887,5867906000000,i03-g000002-n000000072,i03-g000001-n000000044;i03-g000001-n000000036;i03-g000000-n000000006;i03-g000000-n000000010,de_trial,166.47656962202694,,,,,real_vector,8a408793387e73a02bcd1bdde658d2a1,fuaRlrES9r/mpdSfpb7zP8oGqpEWbuY/wMdESGtO+j9q4E541uH3v6LCII39YxJAANLJE4kz8b+czybxrIwIwGBf9a2CoQHASMOD83Kh2b8=,compact,4,10,,
run-20260903T230838Z-4891f68f,3,78,73,2,1788476919.143893,5867921000000,i03-g000002-n000000073,i03-g000001-n000000045;i03-g000000-n000000002;i03-g000001-n000000048;i03-g000001-n000000042,de_trial,147.42407770256114,,,,,real_vector,6d5e370d7a57b00d7baea8b4e0391d68,trab3tYCAsCarUVyWTPjv7UF2M1V0gXAApVl+5sEDMDIkK29zbPbPz6MNaXyABDAqjlKTTGsB8AUqaYysyf9vxC8FZIPzMK/gNzYKEksxj8=,compact,4,10,,
run-20260903T230838Z-4891f68f,3,79,74,2,1788476919.143893,5867921000000,i03-g000002-n000000074,i03-g000001-n000000046;i03-g000001-n000000050;i03-g000001-n000000037;i03-g000001-n000000040,de_trial,168.9098716836229,,,,,real_vector,f0cd85c65e974befbaecd936006d2f58,CPw4iueU1T/4IHdiPYEKQC0jOo/V4+4/UuYnL/y977+xk44sAg4DQPYwUE0ubPe/DBFhSIOZCMB237GnmvAQwD5EYPt/ivq/TKL0mYFvBEA=,compact,4,10,,
run-20260903T230838Z-4891f68f,3,80,75,2,1788476919.143893,5867921000000,i03-g000002-n000000075,i03-g000001-n000000047;i03-g000001-n000000029;i03-g000001-n000000042;i03-g000001-n000000036,de_trial,137.6235928277482,,,,,real_vector,d8ba4f42cd1a18f1a199d40a7d54cf57,AE1ZimJNhD+0KALN6scSwKQisIZSmwtAvP5zOL4n1b9TlnrvC/4AwE34CV/C0vy/7LAJ42X25r+oD1l9zZf0v3jdrPVlxtA/GGOLslfI778=,compact,4,10,,
run-20260903T230838Z-4891f68f,0,272,258,10,1788476919.142887,5867906000000,i00-g000010-n000000258,i00-g000004-n000000114;i00-g000002-n000000048;i00-g000000-n000000002;i00-g000005-n000000133,de_trial,177.50158001865404,,,,,real_vector,b63b0c0773c4ba8b91f4760b89b38265,1W5ZsEy3DsC3ruW4CJ4FwCZwOnG4bwtAeDo3eyyL1T+IIlLm9XwBQCj9uPEaLAlA2hU9mD2/BsAQEBWrxIAMwG/ZqGWyHPS/MJ3rx/l50L8=,compact,4,10,,
run-20260903T230838Z-4891f68f,0,273,259,10,1788476919.143893,5867921000000,i00-g000010-n000000259,i00-g000009-n000000235;i00-g000009-n000000239;i00-g000006-n000000145;i00-g000007-n000000172,de_trial,107.13047256211613,,,,,real_vector,9d00e6e3daf468e30410818ce5a5e8b2,4EIyc1S4rT/cD3vn1tL1v6Za+4wI1wTAkJMxdsGoAECe1IN2BiEBQIXBje5ld90/fPjEn8UB7z/0FgAAjaflv2T34QalKPO/y+67HMuUAMA=,compact,4,10,,
run-20260903T230838Z-4891f68f,0,274,260,10,1788476919.143893,5867921000000,i00-g000010-n000000260,i00-g000007-n000000188;i00-g000009-n000000239;i00-g000007-n000000172;i00-g000004-n000000114,de_trial,106.3356157879204,,,,,real_vector,2300ed523fdbb580af5bc9bca45133f8,/Q6y0nRV/j8J+Dx1OuMMwGEfU55Od/m/MqhvJLV+8b/EvzGDldbrv/hFrYphofE/mx5hGh+J8L8/zyE+15T2v1ChfNMwfsw/INt8vNXRB8A=,compact,4,10,,
run-20260903T230838Z-4891f68f,0,275,261,10,1788476919.143893,5867921000000,i00-g000010-n000000261,i00-g000004-n000000117;i00-g000005-n000000129;i00-g000009-n000000235;i00-g000002-n000000048,de_trial,164.90573962624543,,,,,real_vector,6268f83fd30a259630eee9161a523b9f,CPTMN6LYEMBX3ZgZ7fILwKvJX1/bQxPA5HC779pA8z/2qiMsxGXhP/R8nSkoRfG/zMZ06B7xD0BeXatVg6ntPy3TJwU8EQBAQJxqCPugBEA=,compact,4,10,,
run-20260903T230838Z-4891f68f,0,276,262,10,1788476919.143893,5867921000000,i00-g000010-n000000262,i00-g000004-n000000118;i00-g000007-n000000188;i00-g000007-n000000172;i00-g000008-n000000206,de_trial,167.66536315614042,,,,,real_vector,be9a4fb230cdc34b6d11bf28939580be,sVZtUJr++78tua82rWkSwNpLYBYZNwDAWHKhagTl5r8ux2aHohgSwKSPtB8uF+a/QsObS/nj0z+POHYWI5sJwMQV4eWVYwDAdCyvq7dX/T8=,compact,4,10,,
run-20260903T230838Z-4891f68f,0,277,263,10,1788476919.143893,5867921000000,i00-g000010-n000000263,i00-g000009-n000000239;i00-g000004-n000000118;i00-g000000-n000000002;i00-g000007-n000000188,de_trial,171.83068774048502,,,,,real_vector,465fb468c92f54c93840067f9036a738,AO887cqexT/EG6aXE2LdP2i2Zh+4XwlAua74H4yACcDQ96AqNUcQQIwLbycq5hFAmivHYTZyBMAQHtolaBOov79iCYFlPQlAVURYAw/m+r8=,compact,4,10,,
run-20260903T230838Z-4891f68f,3,81,76,2,1788476919.143893,5867921000000,i03-g000002-n000000076,i02-g000007-n000000183,migration_arrival,83.06011964580935,,,,1,real_vector,aa12d4c52d9ee42c338287f287a6214f,"[-0.04519899920756343,1.362259757849636,1.9571182630704826,-0.8773773427052325,0.8725285711110522,-1.2380674796226798,2.7337573896104175,-1.0861112290971315,1.2531307121316075,2.959374910872418]",full,4,10,2,i02-g000007-n000000183
run-20260903T230838Z-4891f68f,3,82,77,2,1788476919.143893,5867921000000,i03-g000002-n000000077,i02-g000006-n000000170,migration_arrival,88.39684770742207,,,,,real_vector,bc87a18df809eb89a2d0d4da28cc7d06,5DsvvQkn/r/yjSWfFzUHQDzGpw0QK/A/rGRNkwsZC8D+RAuubMsAwAsGzprfxOE/zeIqtIgR8b++m5Y5SiPrP16IIy+3r/4/5BcPNyLH6z8=,compact,4,10,2,i02-g000006-n000000170
run-20260903T230838Z-4891f68f,1,263,246,10,1788476919.143893,5867921000000,i01-g000010-n000000246,i01-g000006-n000000146;i01-g000006-n000000160;i01-g000006-n000000158;i01-g000004-n000000119,de_trial,90.83864270069772,,,,,real_vector,bce6ddd96003e51bb4befd42582269fe,jGWEgTrXB8B9LTX8+g38PwqWl6Tbyes/puBIXmBnAcDQIrw5F7fzv3wTDaT3TdK/2Dj0aboX8b9wkQBpmYLDP6wcRyUduQFAy8OT+ggNCUA=,compact,4,10,,
run-20260903T230838Z-4891f68f,1,264,247,10,1788476919.143893,5867921000000,i01-g000010-n000000247,i01-g000005-n000000123;i01-g000009-n000000227;i01-g000009-n000000230;i01-g000007-n000000189,de_trial,143.86363309532794,,,,,real_vector,1aac21122eeaf0f5326eb1602c9bebdc,p8UfQAFZ9L9MeG8w6VANwJNSoGPaswHACgdwxzyu8z/bkQD8HmT0PxsIkcpxNPU/9vZmp+sUB8BJ3DHcQB72vx9n74mhTPs/he1psoaT678=,compact,4,10,,
run-20260903T230838Z-4891f68f,1,265,248,10,1788476919.143893,5867921000000,i01-g000010-n000000248,i01-g000004-n000000100;i01-g000009-n000000230;i01-g000004-n000000109;i01-g000006-n000000171,de_trial,87.07559323946921,,,,,real_vector,b32d514328b191c9a36cb80afa1fad4b,ALbdNVmLn7+SeZH2DCwAQBBmxWCaavA/xLqLOMVk5L9o0BVUDvMFQJdyogSCNOK/Ssw5/q6iAMDo1XkgmSrAv9JOVyWvXAfAU1widgY8AcA=,compact,4,10,,
run-20260903T230838Z-4891f68f,1,266,249,10,1788476919.143893,5867921000000,i01-g000010-n000000249,i01-g000009-n000000245;i01-g000006-n000000171;i01-g000004-n000000107;i01-g000006-n000000146,de_trial,114.06466337981166,,,,,real_vector,8fd2b925669feda6ab76cbcda06c3f0a,oDijwZE99L9TyRWZL0nzP65xokJ+KwTAULCWpIs737/AQ/hFwFuQv2u+0ClnuvM/9n7SrnoK67+tnhtNhqbsv0jYU1NGwuI/hYaksZ7tB8A=,compact,4,10,,
run-20260903T230838Z-4891f68f,1,267,250,10,1788476919.143893,5867921000000,i01-g000010-n000000250,i01-g000005-n000000126;i01-g000008-n000000211;i01-g000006-n000000158;i01-g000007-n000000191,de_trial,180.55103905039437,,,,,real_vector,40901896cd8c874396d82df8910d5db5,7HwpnwXfCcDfdpJ56xADQGDlUlf5tLy/qFQTsXef9b+UwWfSnGEOQMjntKTCHtG/jac9L97SDMBoJW/dKHvjv2jQ4v/lX/+/jo3oINbMC8A=,compact,4,10,,
run-20260903T230838Z-4891f68f,1,268,251,10,1788476919.143893,5867921000000,i01-g000010-n000000251,i01-g000006-n000000171;i01-g000005-n000000123;i01-g000009-n000000230;i01-g000006-n000000168,de_trial,104.17698777280421,,,,,real_vector,4afea7d8bbac0942967ee7a343017237,wN4Iybfe678ctwfznPgBwCBdTOmkXJc/qJG8cxf+378ObuSGB7fcv4hR2NiaMMU/VgyaVaRe779gMAcgum3CP6jsQWQx+dC/TDHw4Z7dBEA=,compact,4,10,,
run-20260903T230838Z-4891f68f,1,269,252,10,1788476919.145268,5867921000000,i01-g000010-n000000252,i01-g000008-n000000202;i01-g000007-n000000189;i01-g000004-n000000119;i01-g000006-n000000171,de_trial,189.75406473966433,,,,,real_vector,16e1d1300999bb7a3cf5956b002f454e,rrmelJssDcBc4A9N3SMJQA4mRhdgVBDAjHV1SeG/wT8m7CtMtiQMQLpDK7BSKua/t8dHS87iEsCINcQeX6rev3PMOYRwffG/YYBCazve+D8=,compact,4,10,,
run-20260903T230838Z-4891f68f,1,270,253,10,1788476919.145268,5867921000000,i01-g000010-n000000253,i01-g000009-n000000227;i01-g000004-n000000100;i01-g000005-n000000123;i01-g000009-n000000245,de_trial,142.77788528820463,,,,,real_vector,caffeefb08447b0d1d33db6b51cb594a,LHmSnwVJAMB5fmbmGXf2v2nS8VNrWAPAlWA49i1N/T/ihrvU6UETwFBYN0Mjj9a/ZECYmEWzD8CODp+iLvTpP5dfqXyvjv0/wPi04QxNzr8=,compact,4,10,,
run-20260903T230838Z-4891f68f,0,279,264,11,1788476919.143893,5867921000000,i00-g000011-n000000264,i00-g000002-n000000048;i00-g000009-n000000239;i00-g000004-n000000117;i00-g000004-n000000118,de_trial,98.04066234126199,,,,,real_vector,7f938c0e9fa07e1dd616ca7f214c09e1,aCro+f/C0z+cg8iugbsFwGxclPit3wbAYAdDfpQXs78s3wJv9xLwv8ylAJtEF+0/3Ydm/znj/D/OPXdmYRf9v9Cg/yrm1Pq/ilTxbouqAcA=,compact,4,10,,
run-20260903T230838Z-4891f68f,0,280,265,11,1788476919.145268,5867921000000,i00-g000011-n000000265,i00-g000010-n000000241;i00-g000009-n000000219;i00-g000005-n000000133;i00-g000010-n000000259,de_trial,176.1472165830067,,,,,real_vector,2cb5e951848787d4ed272a3efaca2dd9,vsGWGeDOAMAijm94p6sRQJ2qKUMbqxDAoLu7Abhp6L8hhBBy6CLqP/X/tbwQ+wzA2QfLhhOt5T8FFBoy6yMDQDYSzSXfQ+O/SOrM9rr9xj8=,compact,4,10,,
run-20260903T230838Z-4891f68f,0,281,266,11,1788476919.145268,5867921000000,i00-g000011-n000000266,i00-g000000-n000000002;i00-g000010-n000000249;i00-g000009-n000000219;i00-g000003-n000000078,de_trial,191.1703942551396,,,,,real_vector,3f11c023abfe4e725a35fac96dccc49b,DuuFRhf2EkBpzTpOc3AHwNjtr46NVPy/2KVp3gp8+j8YaOVfxfDeP8kHWtAggg3ARmcO9huT4r9cR8kt1dneP4BjRNR1Lci/rwlKt4XXEMA=,compact,4,10,,
run-20260903T230838Z-4891f68f,2,260,244,10,1788476919.143893,5867921000000,i02-g000010-n000000244,i02-g000003-n000000072;i02-g000001-n000000046;i02-g000009-n000000243;i02-g000006-n000000164,de_trial,188.0531914707669,,,,,real_vector,98950330ab17333cd7a725cf85874a3d,8PGopWRCE8Au6fpEGgAKQDJnH7UTV+0/9vAUv99I/79AvFuwEqrfvw4fMDQZkN2/GYhn+ICMBcDey2ZBVEcKwFbGl6EX2/o/nKbVPEzZDEA=,compact,4,10,,
run-20260903T230838Z-4891f68f,2,261,245,10,1788476919.143893,5867921000000,i02-g000010-n000000245,i02-g000008-n000000197;i02-g000006-n000000151;i02-g000007-n000000183;i02-g000006-n000000170,de_trial,142.87633153882902,,,,,real_vector,1ac721e13fcc437fcc985a3c7507d9c4,3O17m8d2C0DECYVWGgYBQPiI3jIgFA9AqOGE+LbZBUAGNIKdwpfuP8w3zw4bkuA/gO3u6mgttr8GENydC3r6vzzjyka3MuM/rLSlxhAlAUA=,compact,4,10,,
run-20260903T230838Z-4891f68f,2,262,246,10,1788476919.143893,5867921000000,i02-g000010-n000000246,i02-g000004-n000000100;i02-g000007-n000000183;i02-g000004-n000000114;i02-g000001-n000000046,de_trial,128.0666153124307,,,,,real_vector,e8c373c9173bc6e7ca43fffeff3ac0e6,inZmuWCM6z/PNo3cuOTxP2YKjgjbzgdAhj9YBsG88L/JXNdtXXkDQFjX5NcapcO/zoUFXC0FEkBM5StkvWLUP52Sz5momwJABVjX5Zh2/j8=,compact,4,10,,
run-20260903T230838Z-4891f68f,2,263,247,10,1788476919.143893,5867921000000,i02-g000010-n000000247,i02-g000006-n000000149;i02-g000007-n000000183;i02-g000006-n000000170;i02-g000005-n000000141,de_trial,151.00216822938614,,,,,real_vector,0658ea96bb487402d9950cacb4093f2f,S5bvVJ28/b/s2b0WqOwCQOFfbdRbUwlAwOAjQBoJBcBUF6qqpt7QP36GZ8LvUAPAwlV6IYtm/T+VlLWQJKjyP/kw8THTkPM/AlmyOVkeDkA=,compact,4,10,,
run-20260903T230838Z-4891f68f,2,264,248,10,1788476919.143893,5867921000000,i02-g000010-n000000248,i02-g000005-n000000126;i02-g000006-n000000164;i02-g000009-n000000240;i02-g000003-n000000081,de_trial,92.75660618977751,,,,,real_vector,5d59c0de8b3a7703d9fb742cb8393687,W3cD+/t2/z+4GhMdKNfYv3DQa/0Ml+y/ELFgDVHzxb9wMhmoQ6ynv0esTAUV+/O/ljg0KzoV8z82+z/SfgQCQEWL/B2nJOG/w4SNffYFAUA=,compact,4,10,,
run-20260903T230838Z-4891f68f,2,265,249,10,1788476919.143893,5867921000000,i02-g000010-n000000249,i02-g000006-n000000151;i02-g000006-n000000170;i02-g000009-n000000241;i02-g000004-n000000108,de_trial,175.9167772770938,,,,,real_vector,25ea1e1682b6390f05a4121d506e5a8f,jCRfHkLiAsBOB1nP7YEQQDAwLQCdBgVAMku5KyIm/b92wZkQgxT5v0DH/266po+/LMpjUYMV17/oq6w+H3HGvyxMNT8yDhJAeo5sYVdt9T8=,compact,4,10,,
run-20260903T230838Z-4891f68f,2,266,250,10,1788476919.143893,5867921000000,i02-g000010-n000000250,i02-g000001-n000000030;i02-g000005-n000000126;i02-g000006-n000000149;i02-g000006-n000000164,de_trial,157.82161302605695,,,,,real_vector,ccf5e7bf2e3c6cc6e6d1aeec54fab8cf,wtySSdKOBED414jajGEKwJSuIOELCArAC8PgY18G/b99mQVOmpnvPwAvfMQl29q/qGEsPhyuBUBgxNH0ZT3+P0zoxdSIvfU/C+kRF6Y9CUA=,compact,4,10,,
run-20260903T230838Z-4891f68f,2,267,251,10,1788476919.143893,5867921000000,i02-g000010-n000000251,i02-g000006-n000000170;i02-g000006-n000000151;i02-g000004-n000000108;i02-g000001-n000000046,de_trial,129.588230082349,,,,,real_vector,44c925c8658cf1768d7ff5313c6e3713,fIXpBlebCkAlhZjWs03+PzzGpw0QK/A/SGrF65b0DkAcYk5bWkf9vxDtg+UfcP0/rd+0jdpX+b+yG6Ct8TngvwrRG/4yXOG/YPgtmQRZsz8=,compact,4,10,,
run-20260903T230838Z-4891f68f,2,268,252,10,1788476919.143893,5867921000000,i02-g000010-n000000252,i02-g000006-n000000171;i02-g000009-n000000241;i02-g000003-n000000072;i02-g000006-n000000149,de_trial,164.6023341729122,,,,,real_vector,9f09973a0e072498db62333f84145e19,oLuiMVDyAMDGHb8Yw4ITQCI3PaABg/k/AnO5+pZH1z9CWoP5+njwv6BOxKkX9OM//qjW5SfYA8BQBkzorQQDwDALqs8HUNS/7smM2R5t/D8=,compact,4,10,,
run-20260903T230838Z-4891f68f,2,269,253,10,1788476919.143893,5867921000000,i02-g000010-n000000253,i02-g000003-n000000081;i02-g000009-n000000240;i02-g000006-n000000164;i02-g000004-n000000111,de_trial,98.4927811809479,,,,,real_vector,e315ae84e6da860bdef2ac8b8bb29be0,9m0cfK5eCUAgLdiCp4/Iv/TZ72gFmwDAumjKq0iB8j89K2ndFhPmv/SpzaqjV9M/K0klvjCLCEDjTwftLYT0P/ubLlDljQBATiKJOm0v/T8=,compact,4,10,,
run-20260903T230838Z-4891f68f,2,270,254,10,1788476919.143893,5867921000000,i02-g000010-n000000254,i02-g000004-n000000108;i02-g000009-n000000232;i02-g000007-n000000183;i02-g000009-n000000240,de_trial,130.2576988520137,,,,,real_vector,2112f963fc4d6f46e92b3d191e63767c,2Ngyx4Vl3D8YVzbpReDIP9NlZJkFqQdAjWyBi26C4b+Ip54XD3r7v5IUR/ZO+ec/A1dHarqt9L/cmi71iU/SP2aJb2fJCf4/oC016RNkD8A=,compact,4,10,,
run-20260903T230838Z-4891f68f,2,271,255,10,1788476919.143893,5867921000000,i02-g000010-n000000255,i02-g000007-n000000183;i02-g000006-n000000164;i02-g000008-n000000197;i02-g000006-n000000170,de_trial,114.95664224239565,,,,,real_vector,37486b1421bb10b8798d96d22c6cdf07,tvtDfjbUDkD2Fq/h7kUCQPr0wZLeNfM/Jjpsv1iiAEDqVU1BcYIGQFRtTZlfz7m/mBdhZU5HuD+aU8/T1sjyPywvNI0mONQ/7eLrhXUiBMA=,compact,4,10,,
run-20260903T230838Z-4891f68f,2,272,256,10,1788476919.145268,5867921000000,i02-g000010-n000000256,i02-g000009-n000000232;i02-g000003-n000000087;i02-g000006-n000000171;i02-g000009-n000000240,de_trial,156.93559876063415,,,,,real_vector,83f86c7d52e7b8885a2b06c538285cb4,NI3sRG9r+T9jgfL7dbftv5xk7ghDz+g/pkWf2IM35L+Uhzpoj1j6v16x/LclLva/foYrSo9SCsDf5OfloWLtP34O2ASEewTATqpADqbM9b8=,compact,4,10,,
run-20260903T230838Z-4891f68f,2,273,257,10,1788476919.145268,5867921000000,i02-g000010-n000000257,i02-g000004-n000000111;i02-g000002-n000000062;i02-g000008-n000000197;i02-g000008-n000000213,de_trial,174.9856435702565,,,,,real_vector,d618131df5e20758db0f1f2390b6fa54,2WJB+j+l6D98/lrBdKMRQNQoPUff2QtAWrpr5evB7T87gpCdB7AMQJufq1YhIwDAMBvGo2Hd1j9ggkodP4ISwEDHKhXys+0/KG8BoYFKuL8=,compact,4,10,,
run-20260903T230838Z-4891f68f,2,274,258,10,1788476919.145268,5867921000000,i02-g000010-n000000258,i02-g000002-n000000062;i02-g000009-n000000240;i02-g000003-n000000072;i02-g000009-n000000232,de_trial,160.44073471885116,,,,,real_vector,48697dca111f8e7a38099bc29418a314,ji3jU+/Y/T/KNh1E4gfSv4GWsTPy/wrAEa+PHdkt8j9ByB5ltP3kPyBXoFUzxq+/nUqrq5DMBED9z7M3h5jaP/90IiF3hvi/UItviuqABEA=,compact,4,10,,
run-20260903T230838Z-4891f68f,2,275,259,10,1788476919.145268,5867921000000,i02-g000010-n000000259,i02-g000003-n000000087;i02-g000009-n000000241;i02-g000006-n000000170;i02-g000004-n000000111,de_trial,184.8922637259331,,,,,real_vector,546f73e3241d96e6d73238806649f989,xEeaK6vjBMCAEHz3kGwRQOFcbIxzegFAL22JJRx1+79ChPIc/1r2v+Bj/9zgdKM/tGdhDopt+b91dWv5pQwDwO87oof4+BJAcMMM4AvVuz8=,compact,4,10,,
run-20260903T230838Z-4891f68f,2,276,260,10,1788476919.145268,5867921000000,i02-g000010-n000000260,i02-g000004-n000000114;i02-g000006-n000000170;i02-g000004-n000000111;i02-g000002-n000000062,de_trial,107.58761088672968,,,,,real_vector,760275774e5b32f0181d219538e6cbba,nif9f2OXAMAWU9WKNkH9PxC2iQkFqsq/3akIZpkVEcAEIPBUh8z+v0AJqM5PjZI/0PnJBBZ837/ugDqb624HQCRehthwAvy/CJCrSM85AUA=,compact,4,10,,
run-20260903T230838Z-4891f68f,2,277,261,10,1788476919.145268,5867921000000,i02-g000010-n000000261,i02-g000008-n000000213;i02-g000005-n000000141;i02-g000008-n000000197;i02-g000001-n000000030,de_trial,113.41266090542408,,,,,real_vector,9ba022f9f21257287caf438858309e36,2KVnOWgy1T9qWJ1GJEACQKtAqAQ6MvI/jEKSgvPl9D+cKPD5v3rwvyx+lL0i0+g/jNIg3/LG6j/0pGuix6MFwOb4qKaK0Pu/DiC6p24J9L8=,compact,4,10,,
run-20260903T230838Z-4891f68f,2,278,262,10,1788476919.145268,5867921000000,i02-g000010-n000000262,i02-g000006-n000000164;i02-g000005-n000000126;i02-g000007-n000000183;i02-g000004-n000000114,de_trial,159.95155325605225,,,,,real_vector,cc6d2f84ae7c859734dd51f2431c5aba,bLttMSboBEBQNRsdAQXxv9jN/ee0zgbAnIaXrNEG4D/x/FT02XoAwPJVejyB9+W/9CZ3HLFlC0Asuzqq5uXxP+RGBSEmNNi/thyfuw8MDUA=,compact,4,10,,
run-20260903T230838Z-4891f68f,0,282,267,11,1788476919.145268,5867921000000,i00-g000011-n000000267,i00-g000009-n000000219;i00-g000004-n000000103;i00-g000010-n000000256;i00-g000008-n000000200,de_trial,132.73819410909638,,,,,real_vector,6685eca61c0ef30fa4ea8dab7555e2b1,AlIpZlclAEDIueufWav8P1I/zCHfq+a/ZkSoIsosCcBDrW96saYAQAJ7505LLwPAXi+zzYDl9r/E8BbTuuIBQJhY6tioGv4/O8FX8j0+4L8=,compact,4,10,,
run-20260903T230838Z-4891f68f,0,283,268,11,1788476919.145268,5867921000000,i00-g000011-n000000268,i00-g000007-n000000172;i00-g000000-n000000002;i00-g000005-n000000125;i00-g000010-n000000254,de_trial,114.89937640068293,,,,,real_vector,24db8f34696051a1fd746137d5798686,4PiFmcBHCcDgDADCroy5v+Cps2MtGPM/Veaab6KLCMAWH5KxplwEQOiv5q5T8QdAavedcTQzAMCU1RLquG4NwGDqdL5p5vK/iMepslOe6r8=,compact,4,10,,
run-20260903T230838Z-4891f68f,1,271,254,10,1788476919.145268,5867921000000,i01-g000010-n000000254,i01-g000009-n000000244;i01-g000009-n000000245;i01-g000005-n000000126;i01-g000003-n000000096,de_trial,126.2050968722219,,,,,real_vector,67848201690cfbe2374e1b271e28a615,iBiNm6v//D8illjcGAAFwGRAKm+A1/E/oMaGqMqmsD9dqYsBsPoCwKob2WTvswxA5RlRVdGM/r9M8PkKrwfGP4kr/jSMkALAfROhUauk/78=,compact,4,10,,
run-20260903T230838Z-4891f68f,1,272,255,10,1788476919.145268,5867921000000,i01-g000010-n000000255,i01-g000004-n000000107;i01-g000004-n000000109;i01-g000006-n000000164;i01-g000007-n000000191,de_trial,120.7725484479969,,,,,real_vector,1d023cdca95b5ca891a5fd27fa55ecc3,wJ8/hdIFrL/0rTFGfbkDQKNmdJJuoP8/sPEgAGWcyT+SeHSXtkkCQOT/OGM9FAXAOUJF0pV887/u7hvuNaPpP5YuNP7L7gfAb3IVy3UeEMA=,compact,4,10,,
run-20260903T230838Z-4891f68f,1,273,256,10,1788476919.145268,5867921000000,i01-g000010-n000000256,i01-g000009-n000000230;i01-g000004-n000000100;i01-g000005-n000000145;i01-g000009-n000000244,de_trial,116.44050628660376,,,,,real_vector,d260a22451b82a38762d69815e67f4b6,APtdMemkg7+i7JnNW3oCwMACTCgP0wHAH9LJs44BAcAEs9UhCmf7v4j0h16Cf7q/qBnEiA91BsDAvKGxcZOxv8RVS5F/8/c/yFtg5KUh9z8=,compact,4,10,,
run-20260903T230838Z-4891f68f,1,274,257,10,1788476919.145268,5867921000000,i01-g000010-n000000257,i01-g000004-n000000109;i01-g000008-n000000211;i01-g000006-n000000171;i01-g000009-n000000244,de_trial,134.76310712095048,,,,,real_vector,caf871492f3ae780fb4c328e205eb3a9,gvsVBKNt4D+mhUDXj78AQF6VJatF3gfAP2FZcKw7FMDQpkYMMSGxv+qmP+SG3/O/9PJoa0laA8BdLgFAltD+P38U8xqjCwlAYuy571TMBcA=,compact,4,10,,
run-20260903T230838Z-4891f68f,1,275,258,10,1788476919.145268,5867921000000,i01-g000010-n000000258,i01-g000006-n000000158;i01-g000005-n000000126;i01-g000007-n000000185;i01-g000009-n000000227,de_trial,133.57442693399807,,,,,real_vector,4f7dabd50e4f1213f4d01287949c28e9,QaArQ4bZBMABcCvYssvpP3Lt3NexQgNA4NWO1b5auj/uRI62g0wPwEQLHORFlMS/K8Uf9SrJEMB6AqCzcp8BQD4jD6QlXu+/JGeW68JU9T8=,compact,4,10,,
run-20260903T230838Z-4891f68f,1,276,259,10,1788476919.145268,5867921000000,i01-g000010-n000000259,i01-g000007-n000000185;i01-g000004-n000000100;i01-g000009-n000000227;i01-g000006-n000000170,de_trial,184.6763834737189,,,,,real_vector,0b31ad80ec462a02946d5eed40aa1303,LCR0JO9d4j8HoHj3BI/0v9hF7JS/0BHALo+5yaG4+z8qV9skiZwQwDq1mBCMqABABZFnpMjXA8CGlAT947XRv+NpGjDcVvw/LEsi0DLIAkA=,compact,4,10,,
run-20260903T230838Z-4891f68f,1,277,260,10,1788476919.145268,5867921000000,i01-g000010-n000000260,i01-g000006-n000000160;i01-g000004-n000000107;i01-g000004-n000000119;i01-g000009-n000000230,de_trial,146.56006803297123,,,,,real_vector,cdec5215d49d3dfa895400c564875d28,2qiwuHYw9b8Aeiw0FoXWv+5cKdSsVu+/BNALdVmkBsA1TuBahmkCwG2hX6iWfwFAyF4OBQE1+L+Z7J6T7OnzP9v+UEyIyfc/K5QBd/HV9D8=,compact,4,10,,
run-20260903T230838Z-4891f68f,3,85,78,3,1788476919.145268,5867921000000,i03-g000003-n000000078,i03-g000001-n000000051;i03-g000002-n000000064;i03-g000002-n000000058;i03-g000002-n000000076,de_trial,177.6383404962686,,,,,real_vector,e8c06c63eacd48c71d39be054668ff2a,mFZvrHxFBcCnqhxGKAoQwBC1eh9xI/c/csTcvKQl+T+OATDlNF3kv/i4WC+pCQfAGt6mNw4fCcC2w1E8G7wEQEaBYU0JXPK/c6Gu+Aj0BMA=,compact,4,10,,
run-20260903T230838Z-4891f68f,3,86,79,3,1788476919.145268,5867921000000,i03-g000003-n000000079,i03-g000001-n000000025;i03-g000001-n000000044;i03-g000001-n000000035;i03-g000002-n000000076,de_trial,141.67321819508257,,,,,real_vector,2570699a592fff0011ff65fe311b0221,hl0kbKon/79XYr+Je24AwAADmvijDAbAFPjYA0kd/b/qPAYJX7UMQJ7OEBiITPi/JcL5NI7h9b+czo3NLkTvP0RFdrZcl+i/WQB25wUUBUA=,compact,4,10,,
run-20260903T230838Z-4891f68f,3,87,80,3,1788476919.145268,5867921000000,i03-g000003-n000000080,i03-g000002-n000000054;i03-g000002-n000000070;i03-g000001-n000000025;i03-g000002-n000000064,de_trial,218.90172968974042,,,,,real_vector,3fd4a6180e2febee7ced5365c3151402,azNPzDTKCUCwNm3BcpzOPy7Nf/fHsgvARFeA35hMDcDuToe6pXcMQFyMcwhv7+G/hpUBoPloDEB0uXobJngQQCNEVo9elv2/9jC8jdM59r8=,compact,4,10,,
run-20260903T230838Z-4891f68f,3,88,81,3,1788476919.145268,5867921000000,i03-g000003-n000000081,i03-g000001-n000000027;i03-g000002-n000000076;i03-g000002-n000000062;i03-g000001-n000000035,de_trial,118.22721837295074,,,,,real_vector,573591cb1edef734eda4a3b66e6c7445,X4pEWlXF9r/KB4ppXgvhv4jFYNS4ZwBAzJrqNda6/79q3BnBL975P2lFxhLU/QDAKN/t1s+v7b98d3VfP73rv24VAmf4+AxArH6zPV858j8=,compact,4,10,,
run-20260903T230838Z-4891f68f,3,89,82,3,1788476919.145268,5867921000000,i03-g000003-n000000082,i03-g000001-n000000048;i03-g000001-n000000051;i03-g000002-n000000070;i03-g000001-n000000049,de_trial,120.97106069700038,,,,,real_vector,be2ae57e83bfb0aacf6a1c9ba81a8364,mMWu+y1Y1D9wqZl0eB7GP/ZjLiSwXxDAiFX/dgJOwz8WjBI/giTjv9C8HdMZndu/cPdn2xnLvj80qdWGdmkAQARzbrc7KATAfEJkmi4uyj8=,compact,4,10,,
run-20260903T230838Z-4891f68f,3,90,83,3,1788476919.145268,5867921000000,i03-g000003-n000000083,i03-g000002-n000000057;i03-g000002-n000000059;i03-g000002-n000000073;i03-g000001-n000000035,de_trial,159.83075780655255,,,,,real_vector,09adfe8faff4781e5c78f3361526071b,hgbQYcb/47+Ut+sqR+YSwEi0aQLmqL2/vNeMMb7x5D9ndiEyPfDyv0ivEEr4BAXAJ+t3tyOsC8Dw/+vdb6EAwF9lrokkwfO/qul2g3oPB8A=,compact,4,10,,
run-20260903T230838Z-4891f68f,2,279,263,10,1788476919.145268,5867921000000,i02-g000010-n000000263,i02-g000005-n000000141;i02-g000006-n000000171;i02-g000006-n000000170;i02-g000006-n000000149,de_trial,157.7098576756179,,,,,real_vector,9c92c0fb121bf007999c6475ba86ced8,PyBcNJFHEcAJxAoN91gDQKDWXZNuY8A/jhtoRX6WEcCw8CxvL/UIwEBNJlnwQwZA2hnLV4fCAcBwWr49A+7KP+wjiF+2p/8/CEIw03fnyT8=,compact,4,10,,
run-20260903T230838Z-4891f68f,2,280,264,10,1788476919.145268,5867921000000,i02-g000010-n000000264,i02-g000009-n000000240;i02-g000009-n000000243;i02-g000004-n000000114;i02-g000005-n000000141,de_trial,163.63881683513574,,,,,real_vector,76bba93c1e54b456d42458221404267c,0u8zUtG+D8C+DDwMQIsLQOYEyFKMWwFA2mVs1XUKBMDAOBYNRMj4vy6lC9akB+w/kUj/Sf/R5z/Q7CYSe6HoP4UZufYxHgZAxRNLCUKe9T8=,compact,4,10,,
run-20260903T230838Z-4891f68f,2,281,265,10,1788476919.145268,5867921000000,i02-g000010-n000000265,i02-g000009-n000000241;i02-g000004-n000000108;i02-g000006-n000000164;i02-g000009-n000000243,de_trial,177.79772465313545,,,,,real_vector,f7d7b1ace0d04956eca32eec28f9d2fe,BaWByZFjBkCGe0z1Rxbav5wxxCnUPwHAp9ql3FXPEkDEZzD+kw7+P+T2YNwb+PG/pKXb02SHBcBq0QJzA0MCQFK3hYpFOxPATXTUGEdX+L8=,compact,4,10,,
run-20260903T230838Z-4891f68f,2,282,266,10,1788476919.145268,5867921000000,i02-g000010-n000000266,i02-g000001-n000000046;i02-g000002-n000000062;i02-g000009-n000000232;i02-g000009-n000000243,de_trial,132.50116528455618,,,,,real_vector,2c5f4776810437c3d76b07fdad10b99f,2mtPJmcZDkDYaeUYdKPDP/y6ZlJRS/4/F+JFx4c5AECEMIGXMm8DQFooDRvZ2/+/eLnEsP8x/L9MX5yIL0H8v96ne6NMXwxApbqx7ydGAcA=,compact,4,10,,
run-20260903T230838Z-4891f68f,2,283,267,10,1788476919.145268,5867921000000,i02-g000010-n000000267,i02-g000009-n000000243;i02-g000003-n000000072;i02-g000006-n000000171;i02-g000003-n000000081,de_trial,143.05815866195366,,,,,real_vector,4b6821b51d67454f62504feec9da1542,PyhGYC2+CMDMRaPRSRL3v3dv5hJZY/S/+Kv3W5CL8L+QRoilCUf5v67eB0dx0wZAJu1lBrDzCsAigeY7svzmP3YlsjWOfQLALEgxTBJ/8T8=,compact,4,10,,
run-20260903T230838Z-4891f68f,3,91,84,3,1788476919.145268,5867921000000,i03-g000003-n000000084,i03-g000002-n000000058;i03-g000001-n000000044;i03-g000002-n000000075;i03-g000001-n000000027,de_trial,113.8205288617611,,,,,real_vector,66f90491e91ac911ac2afe4a7770e691,GE5x/sdJzT/CGOL8LzQTwPDyY3iUA/A/eWefuUNnAMAQcKcczBDMvxJNc+jIN/8/dgDhN0RhDsD5SejPlDDxv3TMpXBqAQfAGAf5GqZg+D8=,compact,4,10,,
run-20260903T230838Z-4891f68f,3,92,85,3,1788476919.145268,5867921000000,i03-g000003-n000000085,i03-g000002-n000000059;i03-g000001-n000000035;i03-g000002-n000000062;i03-g000002-n000000075,de_trial,169.06834923180296,,,,,real_vector,3eb8a5dda39fef66328f222ff8f203a4,msZARI86CcD6YT9MSgsGQOSzRvbdPAbAfgs1Ua0P8T8mresbmHQDQDK2X/3mq9O/NqTkO8yYAkA/M8lwwZcQwJBa5kezz9S/heasUyYTFEA=,compact,4,10,,
run-20260903T230838Z-4891f68f,3,93,86,3,1788476919.146622,5867921000000,i03-g000003-n000000086,i03-g000001-n000000049;i03-g000001-n000000025;i03-g000002-n000000073;i03-g000002-n000000058,de_trial,151.43909179620562,,,,,real_vector,4f82c7146dd3cdea3c168f66d8b908df,mOG3sx2gAsB+2lq1IJnyv3dqDe6DAAnAMmXBua3iD8ALuwBslxj9P/dwWt+1/w/AyBgONOBL4L9uXMeSbt78vy6uV9UfcQRADOQtpeph+78=,compact,4,10,,
run-20260903T230838Z-4891f68f,2,284,268,10,1788476919.146622,5867921000000,i02-g000010-n000000268,i01-g000009-n000000230,migration_arrival,85.54949468721891,,,,,real_vector,bb4ed121a1c00a6be69fa2d955238f95,XHeQK98SAMB8oVsRz6jsP4CRepQ2U8e/H9LJs44BAcDk6wzbcB37P4j0h16Cf7q/tihxpr3C9b8WW0u+CgPxvzLTEP5CAgHARruaYyODAsA=,compact,4,10,1,i01-g000009-n000000230
run-20260903T230838Z-4891f68f,2,285,269,10,1788476919.146622,5867921000000,i02-g000010-n000000269,i01-g000006-n000000160,migration_arrival,88.39684770742207,,,,,real_vector,bc87a18df809eb89a2d0d4da28cc7d06,5DsvvQkn/r/yjSWfFzUHQDzGpw0QK/A/rGRNkwsZC8D+RAuubMsAwAsGzprfxOE/zeIqtIgR8b++m5Y5SiPrP16IIy+3r/4/5BcPNyLH6z8=,compact,4,10,1,i01-g000006-n000000160
run-20260903T230838Z-4891f68f,3,94,87,3,1788476919.146622,5867921000000,i03-g000003-n000000087,i03-g000002-n000000061;i03-g000000-n000000019;i03-g000002-n000000057;i03-g000002-n000000066,de_trial,149.51759988215605,,,,,real_vector,e95a58c5c058253862c65a434b83a4a6,BI9h8Otkwj9k205ZLlcLwMDxghxmWbi/zLpWNdNQCEB6rUbq6/33PxHR4QJPPPG/AODGnPtACcCwR/rgLajSv3MMVh6gdhBAJefSHYb5EsA=,compact,4,10,,
run-20260903T230838Z-4891f68f,3,95,88,3,1788476919.146622,5867921000000,i03-g000003-n000000088,i03-g000002-n000000062;i03-g000001-n000000035;i03-g000002-n000000054;i03-g000001-n000000050,de_trial,189.93454669514125,,,,,real_vector,07f39646c02eaed03f32fa2c234d0f03,IyZtWCBr9b8oNPqyh9AGQPgJ2r5QgOK/j0Zz9UGq9j+JdGh/q5EIQJwkWSMOM+M/mvKV9xWpCkANqU9QUiAEwHTxSfQZW+S/1DcFJ6j/AkA=,compact,4,10,,
run-20260903T230838Z-4891f68f,3,96,89,3,1788476919.146622,5867921000000,i03-g000003-n000000089,i03-g000001-n000000035;i03-g000001-n000000025;i03-g000002-n000000061;i03-g000001-n000000051,de_trial,184.03609334912488,,,,,real_vector,10e559ef5ceb4ed54b87c0d902d6a562,vE7ooQigBUDqCf9S9P4MwMRWWTAXHAFA18EO6m3UE8Coly92Yofqv/LhSkX6mfm/0s1J8Nlf/D+jLPF1bXHkP/XUQcotuPk/IjT8GYe/BMA=,compact,4,10,,
run-20260903T230838Z-4891f68f,0,284,269,11,1788476919.145268,5867921000000,i00-g000011-n000000269,i00-g000005-n000000125;i00-g000010-n000000254;i00-g000004-n000000114;i00-g000000-n000000002,de_trial,117.09038289317988,,,,,real_vector,160616787c3bc11b012ae45d454bde7c,pE1NCuyf5T88KhLUU4cIQACcmTXpo6c/WN/nChQF2L+w/7YBrAvUv+ftIvUOOAjA8MudJUFT8z+S0zzaxW/gvyu5TsnxefS/ZsE85yEmAUA=,compact,4,10,,
run-20260903T230838Z-4891f68f,0,285,270,11,1788476919.145268,5867921000000,i00-g000011-n000000270,i00-g000003-n000000078;i00-g000010-n000000249;i00-g000005-n000000125;i00-g000004-n000000103,de_trial,122.08457012177409,,,,,real_vector,b8da47055609a49f562d7b6adaea0bdd,QTZ8U1ltCkCIPNcAD+nDv9SSYLDJWxBAq4NNJz9d/T82N6PbBlwBQKDZVOhulgfAfX2/H1ch6r+oa/TTayYLwCSuC1u23+2/hMHFIK0L0L8=,compact,4,10,,
run-20260903T230838Z-4891f68f,0,286,271,11,1788476919.145268,5867921000000,i00-g000011-n000000271,i00-g000004-n000000103;i00-g000010-n000000260;i00-g000008-n000000202;i00-g000002-n000000048,de_trial,130.89492883106914,,,,,real_vector,3870b2087b755b8b6889ea703fb876f2,JhgK7X9k/D+g/otcSfwRwJJm8yZ0Lvu/Rlqg9vzr7b9Z/jYajUv+v4Q6Nvmw/uQ/QUUeDssQ+r+JInGof6Txv7Z3R3H+S/s/bI9Btj5q8L8=,compact,4,10,,
run-20260903T230838Z-4891f68f,0,287,272,11,1788476919.145268,5867921000000,i00-g000011-n000000272,i00-g000008-n000000200;i00-g000007-n000000172;i00-g000002-n000000048;i00-g000005-n000000135,de_trial,154.23301451513382,,,,,real_vector,6fb1c0f42cc7eee3e927340887c246f5,2iXWON7lCEAcQc1edFLzv3EUOpnXkgBA3wpN9GB4+b9aXMD0vBDxvwmhh6Ufh/Q/VEjAczgaDMBAfMqDiugBwDiPf5JTd+E/rG8oId5vA8A=,compact,4,10,,
run-20260903T230838Z-4891f68f,0,288,273,11,1788476919.145268,5867921000000,i00-g000011-n000000273,i00-g000010-n000000249;i00-g000005-n000000135;i00-g000004-n000000118;i00-g000009-n000000219,de_trial,91.36353064055493,,,,,real_vector,ff2c455e5639b384af12d0748bc3015c,0DCGxAdh+r8qeYmfn5TmP1DZR7xgJfS/AGjaGHOpXb94jqM5B9QPQBlszziPTghA8pVMC+kU8b8uajPqiyMHQN0rFrCn6fI/bgpW78KI7b8=,compact,4,10,,
run-20260903T230838Z-4891f68f,0,289,274,11,1788476919.145268,5867921000000,i00-g000011-n000000274,i00-g000008-n000000202;i00-g000010-n000000256;i00-g000008-n000000200;i00-g000002-n000000048,de_trial,95.90520043406978,,,,,real_vector,b65de72bdd8559c1819564df37c381ac,fHMDoy4e9T9+l0z0Cr0AwOgtC7vrYuk/QC3WUqD/zj8iedvO8WPxP4BeAFcM5JE/CKMl2cPWCcCg4aBWvJrXvwrgZoewruQ/cIuEdEVR8D8=,compact,4,10,,
run-20260903T230838Z-4891f68f,0,290,275,11,1788476919.145268,5867921000000,i00-g000011-n000000275,i00-g000008-n000000203;i00-g000005-n000000133;i00-g000009-n000000239;i00-g000004-n000000103,de_trial,129.25344900735905,,,,,real_vector,70062750beaed3675f28145c8a63b7f4,okk4lloy+r9kSz5XWPnqP/PeEySMdAPAPElnsOCr6T+SLIwOtUAIQEDtg7Nw8eO/oAu2TKGprr/S1v0d75sNQCrftn6T9QXAwB2/LOCmoT8=,compact,4,10,,
run-20260903T230838Z-4891f68f,0,291,276,11,1788476919.146622,5867921000000,i00-g000011-n000000276,i00-g000006-n000000156;i00-g000003-n000000078;i00-g000000-n000000002;i00-g000010-n000000260,de_trial,145.5916015586679,,,,,real_vector,215da04626cf04223b9d761855e3452f,tgQDHfh2E8C2/USgFvz8PyZsdnvyfwNA/BcRBLOfAMAAWa7/Z6cFQHxkVShMF+a/fCGJyMyb9b9AXXSloqgJwLBy6bLCFsa/dpkc8u8g7D8=,compact,4,10,,
run-20260903T230838Z-4891f68f,0,292,277,11,1788476919.146622,5867921000000,i00-g000011-n000000277,i00-g000005-n000000133;i00-g000010-n000000241;i00-g000005-n000000125;i00-g000007-n000000172,de_trial,153.29061451648022,,,,,real_vector,ca19e98d666f5a51056bc91e9a4427b1,1icUOOrF8b/S1HSoGJ/8P8jNTpUb5ALAVvXfkGZN+b9G7qVFvEsDQBwh3Bv3ZAjA3EoZsz5r8D8OVBfPNU4CwBYOrABMOQzAdhSNeayXCMA=,compact,4,10,,
run-20260903T230838Z-4891f68f,0,293,278,11,1788476919.146622,5867921000000,i00-g000011-n000000278,i00-g000010-n000000254;i00-g000009-n000000219;i00-g000004-n000000117;i00-g000010-n000000256,de_trial,158.03436526482918,,,,,real_vector,db89e65b2b8167ab64178b26765a7066,938Ofq46AcBcBRzkMGQGQM+5If9cWwLAVxNS7/qc4T8GK5RsNQf2vwCwfJ2W6IW/6+E3rDq9DUDX1zjpW5P9v+mjqGYybgTANpMElvGf478=,compact,4,10,,
run-20260903T230838Z-4891f68f,0,294,279,11,1788476919.146622,5867921000000,i00-g000011-n000000279,i00-g000005-n000000135;i00-g000008-n000000203;i00-g000000-n000000002;i00-g000005-n000000125,de_trial,144.22092797353488,,,,,real_vector,aae041544c9e4a3d9745ed2a4d8c7e8b,St8epTs1BMC8gboj5RLzvwAXy5tDFpU/Th0eJUDCCcA5AXBfJdwCQADMjE69ouU/YIT9rRaEyT/gPRvBY/4KQG+V9GODJwlA7D+IBqtL/j8=,compact,4,10,,
run-20260903T230838Z-4891f68f,0,295,280,11,1788476919.146622,5867921000000,i00-g000011-n000000280,i00-g000010-n000000256;i00-g000003-n000000078;i00-g000000-n000000002;i00-g000004-n000000114,de_trial,125.15268486248759,,,,,real_vector,06ccf019f6b883f9b4962d4426f74901,o4jKMLNdAcBM27dhdJLrv14wrXaOBv0/2BkJZvAi+7/EqvfUxjzpP79AH2knAABA1OMqmmR7678ZKbR4o9oQwLZzIffisPi/v9BV8Wd5BUA=,compact,4,10,,
run-20260903T230838Z-4891f68f,0,296,281,11,1788476919.146622,5867921000000,i00-g000011-n000000281,i00-g000007-n000000185;i00-g000004-n000000118;i00-g000010-n000000260;i00-g000005-n000000125,de_trial,134.6530328310534,,,,,real_vector,4bd3f5e1871c1aef58ccdd43d3f8c08b,6GMh5vxbCUAub6i2GnEJwK1StFhBJO0/E+VSrvXm8T+2WpppXs/kP8+rAzNXRAhAE5Gt5v+vAcAiFYnFkbXwP2TesvRVERNAS61MMjJrBMA=,compact,4,10,,
run-20260903T230838Z-4891f68f,1,278,261,10,1788476919.145268,5867921000000,i01-g000010-n000000261,i01-g000008-n000000211;i01-g000004-n000000100;i01-g000004-n000000109;i01-g000006-n000000170,de_trial,168.38824886788467,,,,,real_vector,c7a1ce5c38f76c8bc870738ba5a4a2e4,XPLbmBOdAEDKCMp4P4rmv/QD+zeEVgjAOr7pUeb10T9JsubKio8RwMJQjtCrw/M/EVC/3bcPCcCQ8GHNwnL4P/D6Tty5UBRAOAplM8Ry2T8=,compact,4,10,,
run-20260903T230838Z-4891f68f,1,279,262,10,1788476919.145268,5867921000000,i01-g000010-n000000262,i01-g000003-n000000096;i01-g000006-n000000164;i01-g000004-n000000119;i01-g000009-n000000244,de_trial,160.8180537892369,,,,,real_vector,f183395f35596e613f075323a92e4810,yhI4Qp0B4L+IZ9Qr/LDUP3rai5uniuQ/sUXMM8wk9b8n3Ix8jCIKwP0eGoF+nwnAFPOwCd6/87/3Kg8N4uPov+3ULpAq/QPA7G27hNxI/T8=,compact,4,10,,
run-20260903T230838Z-4891f68f,1,280,263,10,1788476919.145268,5867921000000,i01-g000010-n000000263,i01-g000007-n000000189;i01-g000008-n000000211;i01-g000009-n000000244;i01-g000009-n000000227,de_trial,113.66083763749606,,,,,real_vector,5117d8b29b2e91a92684bf322a0ada8f,U1Lvj/yo/r8OOBJQCYcLQLx3Utzjedo/UeIFFHaK7b+iay3svJL8P8R7Kcw2Kuy/gQpINZAtCsDMW3mGv3bpP3Q5HZgnz+6/oSmgr8OA/L8=,compact,4,10,,
run-20260903T230838Z-4891f68f,1,281,264,10,1788476919.146622,5867921000000,i01-g000010-n000000264,i01-g000006-n000000164;i01-g000006-n000000146;i01-g000004-n000000107;i01-g000008-n000000202,de_trial,137.71402268522058,,,,,real_vector,fe7bd71f955740b9914f92da18764b25,2Af1tcFd7D97ZAAHGn4BwOodSZPOLe4/ohdW4BEK+b940tkXdh70vxR6a7KZRwjAis0ygJWQ1r/8s6USuTfUv1//9F2tLhFATiBAm/8fD0A=,compact,4,10,,
run-20260903T230838Z-4891f68f,1,282,265,10,1788476919.146622,5867921000000,i01-g000010-n000000265,i01-g000007-n000000191;i01-g000007-n000000189;i01-g000006-n000000164;i01-g000006-n000000158,de_trial,127.45162308376226,,,,,real_vector,d63078beff21e4670fe648f99e4962e1,ih8IW2/SAsDLFFuZNsnwv2mNE+ibPNe/qqAJF2mHB8DIjki4lyMAQHotQy+Z8wrArWSiOtkxD8Ck3L618mPpvzrpFlG+QvI/d9jz+hwf9T8=,compact,4,10,,
run-20260903T230838Z-4891f68f,1,283,266,10,1788476919.146622,5867921000000,i01-g000010-n000000266,i01-g000006-n000000170;i01-g000005-n000000126;i01-g000007-n000000185;i01-g000009-n000000230,de_trial,142.6515621410704,,,,,real_vector,087b564c58f415514f67147118158387,Cf/C2UjPA8CAeRZ2q4Pyvz2Us9FaGPQ/YAdDfpQXs7+g4KOAHHQMwAeM4uCBvtY/S/1//m1LEMBZAbQEVyABQF7xXeqHGvA/b+mKwIr5AkA=,compact,4,10,,
run-20260903T230838Z-4891f68f,1,284,267,10,1788476919.146622,5867921000000,i01-g000010-n000000267,i01-g000004-n000000119;i01-g000006-n000000146;i01-g000009-n000000244;i01-g000008-n000000202,de_trial,103.35769134146896,,,,,real_vector,ae07cc47e4dabd2daf7aced3f31b7db5,xPKarHXK2T/S+wLKR7f8v94HQFkcSwFAqA+488CNwb/rmSN4Gr7wv1DgGndiJ7y/UB2luORp6L/kgNHrWDHovwPpE9SwxAFAQqO3fsF9CkA=,compact,4,10,,
run-20260903T230838Z-4891f68f,1,285,268,10,1788476919.146622,5867921000000,i01-g000010-n000000268,i01-g000006-n000000168;i01-g000007-n000000185;i01-g000006-n000000146;i01-g000006-n000000171,de_trial,107.1078275113125,,,,,real_vector,80331f92dffa0015ef64dd739107c370,kHLyJKT4sj9kjKgnVVIHwHa0Si25f+c/QOxW/y+P/j8qSj4RjavuP5g/9kBDq9W/EPQ09zds5r99BpbNTm3qvwiubs/5ntm/U9w3+C3oE0A=,compact,4,10,,
run-20260903T230838Z-4891f68f,1,286,269,10,1788476919.146622,5867921000000,i01-g000010-n000000269,i01-g000005-n000000145;i01-g000003-n000000096;i01-g000007-n000000191;i01-g000004-n000000119,de_trial,121.47303847785457,,,,,real_vector,ec1e711ef4015b21866720a74519b1bb,Ou0CICUOAcAIoug/7MH6v/z5K/pWS9O/lHVdGZuh4r885PlmSBkEQEwe2/T6L+8/MQ0AoBj187+YRgTbDha0v+poldig8fA/kmHO35h/+L8=,compact,4,10,,
run-20260903T230838Z-4891f68f,0,297,282,11,1788476919.146622,5867921000000,i00-g000011-n000000282,i00-g000004-n000000114;i00-g000002-n000000048;i00-g000010-n000000260;i00-g000010-n000000254,de_trial,146.82532097102717,,,,,real_vector,bcd703f25f4d930fad35de9962a7a710,JHmp72pF4b/8w+Zlb4/kv4Br/9wRmqs/1sWVlWpZ97+q6+xPkM4JQN+6gJIFVgdAigekr3zVCcDsiK15+SjCvyIL+uSz/+i/hHo71u9oE8A=,compact,4,10,,
run-20260903T230838Z-4891f68f,0,298,283,11,1788476919.146622,5867921000000,i00-g000011-n000000283,i00-g000010-n000000259;i00-g000010-n000000256;i00-g000000-n000000002;i00-g000005-n000000125,de_trial,196.2655174774049,,,,,real_vector,3a801c765a17274a303f175911c4ba47,zw2v3jP447/m+Nk5aU4KwEDB8sF7yQVADGNkfzDE6j91KWYATe0EQPpZjO5y4/+/aTgtzEr2AcB4UHVyrJIDQB5Fd7EmMRJA5cNqqqgo+D8=,compact,4,10,,
run-20260903T230838Z-4891f68f,0,299,284,11,1788476919.146622,5867921000000,i00-g000011-n000000284,i00-g000010-n000000260;i00-g000004-n000000114;i00-g000007-n000000185;i00-g000010-n000000259,de_trial,162.22088707234875,,,,,real_vector,72c504e355e367bec2b38fbba213b46c,NBSPbZb+9D9kYTrS5D3bPz55YLYnngBAu/rUg3O2AsCu37MpUnsAQKhEgFYr4AzAuAQqR912BsDfPcXRXB/3P/EXAQkMXA1AwAI58rIv7r8=,compact,4,10,,
run-20260903T230838Z-4891f68f,0,300,285,11,1788476919.146622,5867921000000,i00-g000011-n000000285,i00-g000004-n000000117;i00-g000010-n000000256;i00-g000010-n000000260;i00-g000010-n000000259,de_trial,137.36325516320073,,,,,real_vector,a2c9fa3e4ef13c012332bfa842186ad9,0m0ac5Eo+z9DauZS2p72vyDOBwZAlAPAaALj/7C50j9HMox+Klb7P7a1m8pXIQnAsq9SCmDf/7/Tvt9Zu9TmP44dy6LIdAdAKNoPyX8Xyr8=,compact,4,10,,
run-20260903T230838Z-4891f68f,0,301,286,11,1788476919.147623,5867921000000,i00-g000011-n000000286,i00-g000004-n000000118;i00-g000004-n000000117;i00-g000010-n000000254;i00-g000010-n000000249,de_trial,156.47679800616936,,,,,real_vector,4568e1f1bfa9ae47a6bd86169fc5274b,RqjaF7gN/L8qFk9UUFjbv0D60hzH1vi/Lp3VKbga8j+GFSlA1DEKwJS7e4AjnQ1AaygBIWp+/j/Lk/5z0Ibmv+VDrGMTFPe/PsCMK+gJCEA=,compact,4,10,,
run-20260903T230838Z-4891f68f,2,288,270,11,1788476919.147623,5867921000000,i02-g000011-n000000270,i02-g000003-n000000072;i02-g000010-n000000269;i02-g000009-n000000243;i02-g000006-n000000149,de_trial,135.20851821782054,,,,,real_vector,b41bd527eb0ed6f97fa762be4704fe72,fBYV1FpEE8Dw/HDKFHUFQEPhTNWkzP8/XxSgT4otEMDUqJT1cz8HwO4ocEbWHAFAaXr84K5/8b+ivnI8Tm3tvwYJ4rcuzgJAp7oYoZQf9j8=,compact,4,10,,
run-20260903T230838Z-4891f68f,3,97,90,3,1788476919.146622,5867921000000,i03-g000003-n000000090,i03-g000002-n000000064;i03-g000002-n000000062;i03-g000002-n000000073;i03-g000001-n000000050,de_trial,200.69349111930114,,,,,real_vector,2c26b9590de63f950477fcfd5451d9a1,NtOL7GqbEMDnZmWRliIOwJk7vTMnmgLAtq3jsqWa/r9yjD26ZPkHQPDO6+pUBgvAesOpmsAGDMCpKa1+dMcLwKzRFiYEAAhAiEDXiV834L8=,compact,4,10,,
run-20260903T230838Z-4891f68f,3,98,91,3,1788476919.146622,5867921000000,i03-g000003-n000000091,i03-g000002-n000000065;i03-g000002-n000000062;i03-g000002-n000000057;i03-g000001-n000000044,de_trial,194.80608012378806,,,,,real_vector,6dd0dde6067b8519660c091e4b836614,KURxSwl5DMA0wGIEs+jov8oVnz4NQQFAxOvi6ulp3j8OaKXvxeIKQHA9z3Jv4M2/TKXY36rZEMA4dhVtUrLev5q0zFVVbApAVEmavxRT4z8=,compact,4,10,,
run-20260903T230838Z-4891f68f,3,99,92,3,1788476919.146622,5867921000000,i03-g000003-n000000092,i03-g000002-n000000066;i03-g000002-n000000073;i03-g000001-n000000051;i03-g000001-n000000046,de_trial,140.99504435494515,,,,,real_vector,537b783815a4de774975bfcab2b6c6af,ZP2z7QFPAMB2p3HwbpkIQBt0xTB0rgTAiMQvAsCXBMCMT43W7dLHP6D7OadtMey/Wk/GSNB4DcBujlyMDrgJwMS7dvIIn+6/gLo7xqUZ4z8=,compact,4,10,,
run-20260903T230838Z-4891f68f,3,100,93,3,1788476919.146622,5867921000000,i03-g000003-n000000093,i03-g000001-n000000050;i03-g000001-n000000051;i03-g000002-n000000064;i03-g000002-n000000058,de_trial,165.36557354059772,,,,,real_vector,8473599f698f4baa2be3e6fcbba8cb6d,yemed8kVDsAIUlSV0nbpP8DXKb331N0/tP9vIZUaC0D2+IETLsnnP6pakRO27wXAeGULli4MCsCLvGv/Xlb2v6NFKMRagvK/1iZFTtJy8z8=,compact,4,10,,
run-20260903T230838Z-4891f68f,3,101,94,3,1788476919.147623,5867921000000,i03-g000003-n000000094,i03-g000002-n000000076;i03-g000002-n000000058;i03-g000001-n000000046;i03-g000001-n000000044,de_trial,133.41558475046077,,,,,real_vector,8a29d8f294c2ebee1cd71ec06a71c115,wBvRvlIkp78EMbcd2g/+v1CzrHS/j+6/5iY7/njk8L/Cvs0O4EwSwOlGCa3xzA1A/84//f3DBkD36uq8syIAQDd0IGUylg/AUhbyAtCGBMA=,compact,4,10,,
run-20260903T230838Z-4891f68f,0,302,287,11,1788476919.147623,5867921000000,i00-g000011-n000000287,i00-g000009-n000000239;i00-g000007-n000000185;i00-g000004-n000000118;i00-g000010-n000000259,de_trial,122.5179549952113,,,,,real_vector,88f155e56320ccf017d5e790360c8f9c,XMyrYGID/z9IgRgGU8cJwA7zsdHpaANARWTuDJ/58r8SCDaZ5NjTP7o0f4UQnQRAytmAALQH/L/sj13GXO/vP08LUxTW5f4/5JqLhBktzj8=,compact,4,10,,
run-20260903T230838Z-4891f68f,3,102,95,3,1788476919.147623,5867921000000,i03-g000003-n000000095,i03-g000002-n000000077;i03-g000001-n000000049;i03-g000002-n000000062;i03-g000002-n000000066,de_trial,169.91107616094573,,,,,real_vector,b086a22a76e4a86917d27e26b2fc9339,OO9Zjlv7+b/0Zpc8SIcMwBZM0Rz7HAvAnN/XePGq9D+MUYijG3zrv7pTVFRFQgLAUUAi6VAwEcAg0aop+pOmv7BBweNv3sk/DPaCxLR0BkA=,compact,4,10,,
run-20260903T230838Z-4891f68f,3,103,96,3,1788476919.147623,5867921000000,i03-g000003-n000000096,i03-g000002-n000000070;i03-g000002-n000000076;i03-g000002-n000000058;i03-g000001-n000000049,de_trial,155.91544195495197,,,,,real_vector,26ede1f14ce383a0722d2e39b1fe2554,KEm4QAs19z84fyYTRWXbv4HokjiQ8P4/WHViGEZ4BMCIwwfF2Oi6PxrYHstt1vI/xlqsctGIEEAygv6KNu/iP/s9+pU9ePU/DKgaeiRW278=,compact,4,10,,
run-20260903T230838Z-4891f68f,3,104,97,3,1788476919.147623,5867921000000,i03-g000003-n000000097,i03-g000000-n000000019;i03-g000001-n000000046;i03-g000002-n000000065;i03-g000002-n000000062,de_trial,172.5563510573581,,,,,real_vector,c1cfa5200be0acd145785ab7692ada6b,9NTH1MZ73T+S7TFG7EkCwBrlxZaGCBBAFtSdSJI2B0DHTAqmCTwTwA0C0Qst0Pk/pKtJtsHq8T+JkePUWcIBQHKFxptIuQ/AqXt42SboA8A=,compact,4,10,,
run-20260903T230838Z-4891f68f,3,105,98,3,1788476919.147623,5867921000000,i03-g000003-n000000098,i03-g000001-n000000044;i03-g000000-n000000019;i03-g000001-n000000048;i03-g000002-n000000057,de_trial,190.37625964160765,,,,,real_vector,53a7e96c0bc4985ebfde82cb47745a95,TvvbCqkQ87/m53mxQq33v5BObrfvUfa/SeMJRjZ4BUBLImYcX2P/PwlCbM0Su/e/c8DfcuU0EsAwXy/Y7SUUwDN7UZAFGvE/ms8607W3BEA=,compact,4,10,,
run-20260903T230838Z-4891f68f,3,106,99,3,1788476919.147623,5867921000000,i03-g000003-n000000099,i03-g000002-n000000073;i03-g000001-n000000048;i03-g000002-n000000070;i03-g000002-n000000062,de_trial,137.37062744281187,,,,,real_vector,5ea2f268b1de04a84a1d317e2a68360a,trab3tYCAsDXy16phbMQQODJiv6Hmve/qPKZ1x8c8r+g/EogR/6+PwDItpAAFek/jAY5mPzO5L/kY26t+AYFQBC8FZIPzMK/6DxbiR4z2D8=,compact,4,10,,
run-20260903T230838Z-4891f68f,3,107,100,3,1788476919.147623,5867921000000,i03-g000003-n000000100,i03-g000001-n000000046;i03-g000001-n000000025;i03-g000002-n000000059;i03-g000002-n000000070,de_trial,153.2165031885268,,,,,real_vector,2877b69d6664bebcd8fa7538f500137e,RPszUIszyb/cUsIVzSwSwP/xwEM9YA9AtKMLu+e19b+YinJ9g+OyP8Dqt1rxNhHA+FJeBP7q8T/3dqnOaWgCwFmlvu6m0fI/6VIVNtODB8A=,compact,4,10,,
run-20260903T230838Z-4891f68f,3,108,101,3,1788476919.147623,5867921000000,i03-g000003-n000000101,i03-g000002-n000000075;i03-g000001-n000000025;i03-g000002-n000000065;i03-g000002-n000000059,de_trial,113.45736574271095,,,,,real_vector,c44969674b487935318f1f7ce6a3c87f,jJGfNyEF77/Itw+RtBADwIoQN54aTPM/nJn6lkOACcB6aRbR8l79v034CV/C0vy/uA3+1wEN6z+oD1l9zZf0v3TARoSa4vI/La/p26G0BcA=,compact,4,10,,
run-20260903T230838Z-4891f68f,2,289,271,11,1788476919.147623,5867921000000,i02-g000011-n000000271,i02-g000010-n000000269;i02-g000004-n000000100;i02-g000010-n000000268;i02-g000001-n000000046,de_trial,157.37664530136664,,,,,real_vector,b637f5603bb167b31362a34bb449a7cd,DH6NIcAnBMB2uHZ9hWzzP8hCPAyT/ds/rGRNkwsZC8CwKx8oQyCyP4pVWkPQxve/WdjtyMjy8j+mICN60gMQwCte3WpsOwVAgZWEMP1z/78=,compact,4,10,,
run-20260903T230838Z-4891f68f,2,290,272,11,1788476919.147623,5867921000000,i02-g000011-n000000272,i02-g000004-n000000100;i02-g000007-n000000183;i02-g000006-n000000151;i02-g000004-n000000108,de_trial,142.22103806206076,,,,,real_vector,1e29b37ebfc86778c582f0d3f4c795a4,SpNjx73y9D/91K8X2dAEQJLd1MMm9P8/eoM5chguAMDiRYl4HCztP6B0FZpHOda/HCD6uoAUB0D4t2JS71D0v5bX14CW6QlAzzdzL437C0A=,compact,4,10,,
run-20260903T230838Z-4891f68f,2,291,273,11,1788476919.147623,5867921000000,i02-g000011-n000000273,i02-g000006-n000000149;i02-g000001-n000000046;i02-g000010-n000000268;i02-g000010-n000000269,de_trial,156.17322673229518,,,,,real_vector,bfc621dd65dc15aa3f9a263332872ba1,CKFAOaQg/r+N2HRvHcD2P8ExSVwQPP6/oCYBXNHg2L+wWRq/hRwPQG9MjZmPwfi/gTUZaX7vCcAkVw/fjTL6v/Rhd0Ib5QDA1FLLPidJ3j8=,compact,4,10,,
run-20260903T230838Z-4891f68f,2,292,274,11,1788476919.147623,5867921000000,i02-g000011-n000000274,i02-g000010-n000000248;i02-g000010-n000000253;i02-g000001-n000000046;i02-g000003-n000000087,de_trial,109.17724415590371,,,,,real_vector,0a98aa7147ddb213c6afa3b56bce1925,W3cD+/t2/z/PY9/wZon3P4Dn5ky1ncC/oMJO5v6JqD//qibREH7tP9FdGUpkIfI/fF1bGpF5AEAQjSwJcPfnP7DWmfJJaAxA/PdA3D6BA0A=,compact,4,10,,
run-20260903T230838Z-4891f68f,2,293,275,11,1788476919.147623,5867921000000,i02-g000011-n000000275,i02-g000006-n000000151;i02-g000008-n000000213;i02-g000001-n000000030;i02-g000007-n000000183,de_trial,170.29965551959532,,,,,real_vector,9ec40ed2fed9ac24759dc4fbc2765c2a,8tIaGkVFBkDnfYtbqdTkPwu4oJ0SUfm/Upc0Jg4q0T8MTHBD9/TgvxmRsWGuwAlAZip5J9hJBsDiWTNM7svcP2KDgdeSJQXAtBzIvgPN6L8=,compact,4,10,,
run-20260903T230838Z-4891f68f,2,294,276,11,1788476919.147623,5867921000000,i02-g000011-n000000276,i02-g000001-n000000030;i02-g000004-n000000111;i02-g000006-n000000164;i02-g000010-n000000269,de_trial,139.26473513933206,,,,,real_vector,c53db0c4eb4f0ab01f099efba59377d7,Atx8dod2C0D/1o7n0V7sv46Rfgd5X/i/gHTuLIHL7z+G03T5YfMGQPFH6PaXJwXAnVFhYpXI7T82QoIEl+f/P9W5FPftghLASyWZYECh8T8=,compact,4,10,,
run-20260903T230838Z-4891f68f,2,295,277,11,1788476919.147623,5867921000000,i02-g000011-n000000277,i02-g000006-n000000170;i02-g000003-n000000072;i02-g000010-n000000269;i02-g000001-n000000030,de_trial,152.42740203962575,,,,,real_vector,ec2b9d0efe0c73e9227cd38f0fb15b94,EJ+kTiyg+L+Si0X1osbjPzzGpw0QK/A/Zh4uSOkq0j9E/QhsOdMJwPm22QWYePY/1S7BffphAcBM2S603+v5P+8dPIfwd/2/YZjxzOxy+D8=,compact,4,10,,
run-20260903T230838Z-4891f68f,2,296,278,11,1788476919.147623,5867921000000,i02-g000011-n000000278,i02-g000006-n000000171;i02-g000009-n000000243;i02-g000010-n000000248;i02-g000010-n000000269,de_trial,132.60018245426375,,,,,real_vector,42dee6f35ca7d12ffe7cd55d19152a48,3vZy5Fet8r8z7D4ss2/0P9mlWyZkaOy/6C3RZRZxB8B+ttTkhSoMwGi2bc5xee4/Ua9BDj8bAEAaZ8Tr6Lj2v8rNT0zH/Pc/tHxtUIUg+j8=,compact,4,10,,
run-20260903T230838Z-4891f68f,0,304,288,12,1788476919.147623,5867921000000,i00-g000012-n000000288,i00-g000002-n000000048;i00-g000010-n000000241;i00-g000008-n000000200;i00-g000010-n000000256,de_trial,166.44750499042271,,,,,real_vector,c2e8a5f7db377799cc9746e6a110f5d5,OFsgFHf30L82fgKL59f4v2RAKm+A1/E/qmFXIrWkDsAADmc5hpAKwDhJKZOwD9w/MLsTkd0du796qXvcBd4BwC76mbx4UNu/B3tZFpYMDcA=,compact,4,10,,
run-20260903T230838Z-4891f68f,0,305,289,12,1788476919.148622,5867921000000,i00-g000012-n000000289,i00-g000010-n000000241;i00-g000010-n000000256;i00-g000003-n000000078;i00-g000010-n000000259,de_trial,125.66296884807717,,,,,real_vector,86935410adadc9464bb3e6192433e8db,7CWP4ewdyr9R9/feBwnyPzIFqYFTq/U/9bGU9CJn+b874VRlk44IQK/O5moLDRHAZXokGEOY/78AfKnbOWp7PwLxNqHPsgZABjeB/4zRCUA=,compact,4,10,,
run-20260903T230838Z-4891f68f,0,306,290,12,1788476919.148622,5867921000000,i00-g000012-n000000290,i00-g000000-n000000002;i00-g000011-n000000274;i00-g000008-n000000203;i00-g000010-n000000259,de_trial,186.06453489961504,,,,,real_vector,385b4e1fc4857a5eebae818e258481b1,kkwVo/VU5z802CTrcjzgv7deHGt2bPo/6uxoO8O1A8Czt0/iLuj3P6sD1R9bfuO/mrHysaxwE8DGNvz9vCjvP5QxoaKOd/o/Y1hPiU/6AkA=,compact,4,10,,
run-20260903T230838Z-4891f68f,0,307,291,12,1788476919.148622,5867921000000,i00-g000012-n000000291,i00-g000009-n000000219;i00-g000000-n000000002;i00-g000004-n000000114;i00-g000010-n000000241,de_trial,137.98134415670324,,,,,real_vector,28d6a1c15b2e085129161ddc5985b3db,cENyuQGTB8BaHWccuC4BwKebmRuOtghAIiHffwZE2D/cdnv7NN4GQACyE9/KpO0/AEMJBcm8A8A4nF4DKp39v9lUNXhjo/Y/DpgZShE1A0A=,compact,4,10,,
run-20260903T230838Z-4891f68f,1,288,270,11,1788476919.147623,5867921000000,i01-g000011-n000000270,i01-g000010-n000000246;i01-g000009-n000000244;i01-g000009-n000000227;i01-g000008-n000000211,de_trial,132.16131482995903,,,,,real_vector,9bbf41edecc0c0d085bc2fead0608a9c,9+X4lcVrCcB9LTX8+g38P0wTh9cLGuI/rLmVcRcDA0DUE8WJrWQLQPS4ziQv8Pw/4uaZBGEN87+kLpJfvtzyv5TGSb/oUf+/BapYwTWF7b8=,compact,4,10,,
run-20260903T230838Z-4891f68f,1,289,271,11,1788476919.147623,5867921000000,i01-g000011-n000000271,i01-g000005-n000000123;i01-g000007-n000000185;i01-g000006-n000000158;i01-g000009-n000000244,de_trial,144.3147162324304,,,,,real_vector,bda1326096b42dff5f4e4907d8b2418e,0KH8Ejaa37+qY1DTiqD1v6WDZBQiG+G/dcDMtjIZ8j+34OVS0+8BQLBKBY1gztg/ckKS42EU8r8++P2HGeDhv9Z1NlUHZfi/0HlmGr2swL8=,compact,4,10,,
run-20260903T230838Z-4891f68f,1,290,272,11,1788476919.147623,5867921000000,i01-g000011-n000000272,i01-g000010-n000000248;i01-g000007-n000000189;i01-g000007-n000000185;i01-g000010-n000000268,de_trial,172.44342385147726,,,,,real_vector,3aa9a859165ffce1e6a5c37569a5a276,YK4eiAEsCsDkZIE/zdIHQAA80T8ANfK/JkqxALZB/r/NL+rQZb8SQELRxsWFE+m//aNTUfLjEcC2ymUYk4PZv466Yy54UOI/3ixftPOvB8A=,compact,4,10,,
run-20260903T230838Z-4891f68f,1,291,273,11,1788476919.147623,5867921000000,i01-g000011-n000000273,i01-g000009-n000000245;i01-g000010-n000000246;i01-g000009-n000000244;i01-g000008-n000000202,de_trial,156.91915916155278,,,,,real_vector,ddedd531b3de715d44ecf1706d65c827,5q3joTv9EcAEh7ne5TUJQKqbNhy3vAtAbF1wVeYTAcDwVM6qPgXFv1DgGndiJ7y/BD2kvh64/L+tnhtNhqbsv4ihe6iuitg/QqO3fsF9CkA=,compact,4,10,,
run-20260903T230838Z-4891f68f,1,292,274,11,1788476919.147623,5867921000000,i01-g000011-n000000274,i01-g000005-n000000126;i01-g000009-n000000244;i01-g000006-n000000170;i01-g000008-n000000211,de_trial,177.98880248233434,,,,,real_vector,e3e5d9a795c5e445c850f6a0024e85b9,bqqBEVhCDsCK0JyumSjzv8xMUzWB7QJA0yodRNvG9j/+gK7vtKgNQDJebvGhCtc/aO5I8Q1y+r+0MCArkOzov3oopyxzKhDA7OIhkfTy4z8=,compact,4,10,,
run-20260903T230838Z-4891f68f,1,293,275,11,1788476919.147623,5867921000000,i01-g000011-n000000275,i01-g000010-n000000251;i01-g000009-n000000227;i01-g000010-n000000268;i01-g000008-n000000202,de_trial,98.561147414757,,,,,real_vector,67447050ddda0eae228eb29cea0b38a9,6gQMxfP/+7+gKIwKQjAIwCBdTOmkXJc/snrDVTvqBkAObuSGB7fcvwK8CdmhyN4/hq6HXjDB8r+aOcNs/dzxv9LIlK6bN+8/qCzwJAARCUA=,compact,4,10,,
run-20260903T230838Z-4891f68f,1,294,276,11,1788476919.147623,5867921000000,i01-g000011-n000000276,i01-g000008-n000000202;i01-g000010-n000000251;i01-g000010-n000000268;i01-g000009-n000000245,de_trial,123.1003159507778,,,,,real_vector,7ac454f27250cabad98c579563436edc,+sGy80fZ/L8p3zAcUf8CwNnWlLGT9Ok/gE+eLgdf5j9sRYpGSS/gv0MIJuaC9f6/1uDhQs664r/AYBIfKeDGP06yx2TSV+y/Nem0mXza+j8=,compact,4,10,,
run-20260903T230838Z-4891f68f,1,295,277,11,1788476919.148622,5867921000000,i01-g000011-n000000277,i01-g000009-n000000227;i01-g000009-n000000244;i01-g000004-n000000107;i01-g000010-n000000268,de_trial,110.59655413681006,,,,,real_vector,32f211d57f06f0dd21da882c8a5bc365,9AJj0A7vD8BG8Wd5AqvrPyArEykPQLY/P2qw1hP1A8A7Ofw/0jgAQFKW6cfPBQBAbi4TW7ZgAsAaIsgu+mjRP2OBYJVxTPO/QlDfn1cOEMA=,compact,4,10,,
run-20260903T230838Z-4891f68f,1,296,278,11,1788476919.148622,5867921000000,i01-g000011-n000000278,i01-g000009-n000000244;i01-g000004-n000000107;i01-g000006-n000000160;i01-g000009-n000000245,de_trial,182.00144681329573,,,,,real_vector,c1d8e3248598f67f49304e0c1bb8c9f8,sLhz5+A5D8Dwzc7PKCrBv8ZEmYfFUtm/nDqXuvGEEcAenAfgvCIEwMjUyg+eAck/4hOmgLtC9b96AjSeY9X1P+gdxJbW7wJABj/L1rX0+j8=,compact,4,10,,
run-20260903T230838Z-4891f68f,1,297,279,11,1788476919.148622,5867921000000,i01-g000011-n000000279,i01-g000004-n000000107;i01-g000005-n000000123;i01-g000010-n000000251;i01-g000007-n000000185,de_trial,132.9708927520244,,,,,real_vector,5556832d3fa36ea97d27c11b5751d705,Ieh8SIvkAcARUFM3Bq4AwAnPE/N6RtS/OiKwfqWc7D8EDqYd0v4BwEV4C+5AJeu/iUrOruBPBsCSKDZHCeHIP050VN4w5gJAx70x/6TPC0A=,compact,4,10,,
run-20260903T230838Z-4891f68f,1,298,280,11,1788476919.148622,5867921000000,i01-g000011-n000000280,i01-g000009-n000000230;i01-g000007-n000000185;i01-g000008-n000000211;i01-g000005-n000000123,de_trial,114.93783320898581,,,,,real_vector,e383994025be5bf532a8321a092f13da,JJwzZwSNxL/WDLYXTG7gP4w94TqWAuO/vMyvPLgDAcBoM1KKPZwMQBDe9bsYwqu/qEe5JMwp8r8WkWtkjCSyv2gS2W/16/2/RruaYyODAsA=,compact,4,10,,
run-20260903T230838Z-4891f68f,1,299,281,11,1788476919.148622,5867921000000,i01-g000011-n000000281,i01-g000004-n000000109;i01-g000010-n000000251;i01-g000006-n000000160;i01-g000005-n000000126,de_trial,135.39366305660067,,,,,real_vector,0f06ecb0cc1c09b31c6c0ad9edeb552f,IN1kcQWdyr9uf9BXT2bovxBQlDWucrO/rUT8L5KsBcBKM3Bnn3jdP7b/gg7c19A/dr7bvCo94j+AmysKo5HTv5Zp52Lm99Q/69etliTYBUA=,compact,4,10,,
run-20260903T230838Z-4891f68f,2,297,279,11,1788476919.147623,5867921000000,i02-g000011-n000000279,i02-g000010-n000000253;i02-g000010-n000000268;i02-g000010-n000000269;i02-g000003-n000000087,de_trial,172.84842061322843,,,,,real_vector,9cd9aa245c4444b9bd468b5d9b71a97b,nKaRvxjKBMCKBPYxrV8GQPTZ72gFmwDAXcMNRVKsEcA9K2ndFhPmvzK7I/Do0vk/dM2SG5Cr9b/jTwftLYT0P/ubLlDljQBA8sYAToRiAsA=,compact,4,10,,
run-20260903T230838Z-4891f68f,2,298,280,11,1788476919.148622,5867921000000,i02-g000011-n000000280,i02-g000004-n000000108;i02-g000009-n000000240;i02-g000010-n000000268;i02-g000003-n000000072,de_trial,100.35017211969648,,,,,real_vector,a429f7412820078f84e96b270cbc4be6,cL1Q/ddo6j9zCSmvjzLhvy0inQIQsv6//jZStgTQ67+xmMb1Mn/xP9Ij3Lt8UgXAtom7n7RQAsACuAQmAszwvzZ1mUzzUAjAfoflAAGPAUA=,compact,4,10,,
run-20260903T230838Z-4891f68f,2,299,281,11,1788476919.148622,5867921000000,i02-g000011-n000000281,i02-g000007-n000000183;i02-g000010-n000000253;i02-g000009-n000000232;i02-g000004-n000000114,de_trial,144.11653127112618,,,,,real_vector,7915e21941ec110ea05b8fd2c8e43116,GaEUTzPCD0AziZiOEun5v+p3yI6yuAjA4W7L6G5o/z8GmjDWoGURwAKa7FRQ88w/xuFsH8mHAkAWVle2F6/lP4kPacUaCv4/TGbWwMysB0A=,compact,4,10,,
run-20260903T230838Z-4891f68f,2,300,282,11,1788476919.148622,5867921000000,i02-g000011-n000000282,i02-g000009-n000000232;i02-g000007-n000000183;i02-g000001-n000000030;i02-g000004-n000000108,de_trial,206.7367035488997,,,,,real_vector,55bfaa9d0d9a41ec1c3b50b2045ade49,NI3sRG9r+T+ZX9Q4StcBQAIshAw83gJAHiMDfYBXDcAOjca/A04FQGijXsn9oeg/vjWyCS39CUA/z9vZjFTnv7xSujnK9ANAgA4MktKmC0A=,compact,4,10,,
run-20260903T230838Z-4891f68f,2,301,283,11,1788476919.148622,5867921000000,i02-g000011-n000000283,i02-g000004-n000000111;i02-g000004-n000000108;i02-g000001-n000000046;i02-g000006-n000000170,de_trial,142.3349394583987,,,,,real_vector,35ac66927e8cc81d6471d76447e71b29,uN8ndynyxL+8M9tCUgDHP6D/AF27BQHAG3OE+FbNE0B6QdPOCAD3P4e6LUAsD/S/BqP0COttCsCDmmsyWV3xv1bFxoTJGwrA8s8U5dvL4z8=,compact,4,10,,
run-20260903T230838Z-4891f68f,2,302,284,11,1788476919.148622,5867921000000,i02-g000011-n000000284,i02-g000010-n000000268;i02-g000007-n000000183;i02-g000005-n000000141;i02-g000003-n000000087,de_trial,138.52951936753453,,,,,real_vector,a8d7cfd5128407d7d3a5c4e31613a4f3,DiYAAeXb8j8hMis6ohQCQCPzZ2MFiAZAH9LJs44BAcBAkPhWy8HwP6w49OmAfvo/QDYrmMkVDUDoIAykjNoIwDIOMpvBJg5A6meUXd9bAUA=,compact,4,10,,
run-20260903T230838Z-4891f68f,2,303,285,11,1788476919.148622,5867921000000,i02-g000011-n000000285,i02-g000003-n000000087;i02-g000005-n000000141;i02-g000006-n000000164;i02-g000003-n000000072,de_trial,138.34626819259796,,,,,real_vector,82a287137003cadd2142c172e228fe84,6DNkkiwzBkCS3TJMboX2P3dqDe6DAAnAzhMj+lZ2179+/9rG+6LUv6w5yq+Jqfk/SyibhgFo/j/w9TD0RXwGwODRrwK25ghARHU/iinC6j8=,compact,4,10,,
run-20260903T230838Z-4891f68f,0,308,292,12,1788476919.148622,5867921000000,i00-g000012-n000000292,i00-g000007-n000000172;i00-g000002-n000000048;i00-g000004-n000000117;i00-g000004-n000000103,de_trial,131.55596437539083,,,,,real_vector,0dd22a5a854f6bdbfb57b2024b0c5e70,hHFalTKCEMAIiLqI28rCv5gVFAAQye0/A3PEboTFAECucW8abT0AQD6Vu/vccgZAeEQpzGCq3D9IvaTI8gL7v4i4biCNRxLAFC8bTeby/r8=,compact,4,10,,
run-20260903T230838Z-4891f68f,0,309,293,12,1788476919.148622,5867921000000,i00-g000012-n000000293,i00-g000011-n000000269;i00-g000004-n000000117;i00-g000010-n000000241;i00-g000007-n000000172,de_trial,188.92186283639558,,,,,real_vector,8dbbeb3441d70a1b6cac8499c1557004,KpQNKZxuBcAY8NmSUjnLP4T+Ng6K3QvAPNwSwG031z/anFNuyQYBwHgAJV6HhQNASX6i1zClE0BgLB8VZt8CwLT+S8VgSQ7A1inqZsAV6b8=,compact,4,10,,
run-20260903T230838Z-4891f68f,0,310,294,12,1788476919.148622,5867921000000,i00-g000012-n000000294,i00-g000003-n000000078;i00-g000009-n000000219;i00-g000010-n000000256;i00-g000010-n000000260,de_trial,142.24169401565183,,,,,real_vector,617247f97056bbf0ac221b4a50412113,/pY3H8cA+L9S3TyM4ysRQDi8Qc7l7gHAwtHcXcjX+j/iadB6Z8kFQKWqNPBHCwnAEKr654bz8z+A5MEeyGfzP0hf/jCMn+4/CnOgFsSv8T8=,compact,4,10,,
run-20260903T230838Z-4891f68f,0,311,295,12,1788476919.148622,5867921000000,i00-g000012-n000000295,i00-g000004-n000000103;i00-g000011-n000000274;i00-g000007-n000000172;i00-g000011-n000000269,de_trial,138.28133654673633,,,,,real_vector,505131154506d70954f6666fa64ad714,MCVgLH8c5j+ybkpQ960NwBDbtHYWNuM/GFu4AqYyEMDUZK1rrxbpP9rQLS90zv8/gpItBG0fFMCYBFj30vXUv+Cv/dhEMwFAgM1FmU9O8L8=,compact,4,10,,
run-20260903T230838Z-4891f68f,0,312,296,12,1788476919.148622,5867921000000,i00-g000012-n000000296,i00-g000008-n000000200;i00-g000009-n000000219;i00-g000005-n000000133;i00-g000010-n000000254,de_trial,182.31288680535718,,,,,real_vector,6117b2bde66b8248165ba177ae8e44a2,mwXaRXg6478ZCJGSfiEUQBdRd3iNLwjADhdMjGLp4b8ZFuuyCpsEQKovz0GxAAzAIuxAkAQ73z/rRQM95goIQPgUgJ/KGM0/Zi/Kv6mJBsA=,compact,4,10,,
run-20260903T230838Z-4891f68f,2,304,286,11,1788476919.148622,5867921000000,i02-g000011-n000000286,i02-g000004-n000000114;i02-g000006-n000000171;i02-g000009-n000000241;i02-g000009-n000000243,de_trial,111.4454057691431,,,,,real_vector,79fb391a257c34b75e8dee14929011a5,QC3vamtO8L+CjWDSOTPuv/7aGADJqOe/bQ9M3lb2AcC+1ZlrhyD5PyhvuChcbsU/EmJMdFjJAMBK1E/o7LTXP5PYw2DHqvg/pKGcDCT00L8=,compact,4,10,,
run-20260903T230838Z-4891f68f,1,300,282,11,1788476919.148622,5867921000000,i01-g000011-n000000282,i01-g000006-n000000158;i01-g000007-n000000191;i01-g000003-n000000096;i01-g000005-n000000123,de_trial,137.50567363438748,,,,,real_vector,324e9d7284526e43074c40503d88b1b3,EmifoT8l4T+UlKmqgBnUvx9gjDj9Yvm/5dy1FhRaDMCAQuVk5G6yv+ibNbHtcPo/4Pydc8GNrD+09KXTeOnrP3r49bwB+v4/JSwleMXy+L8=,compact,4,10,,
run-20260903T230838Z-4891f68f,1,301,283,11,1788476919.148622,5867921000000,i01-g000011-n000000283,i01-g000007-n000000185;i01-g000004-n000000107;i01-g000003-n000000096;i01-g000010-n000000248,de_trial,139.29385213377716,,,,,real_vector,4ac48cffa88029a52b0309860a05b125,1nevLn+lC8B32oMlze3/vwBUWluvcPS/rcK4ENwwBcASIiB2fyHqv9h0KK4NtARAUfJzuf4o87/k3k1uSjHXP5KR2hLZBgFASHAuAQG8wD8=,compact,4,10,,
run-20260903T230838Z-4891f68f,1,302,284,11,1788476919.148622,5867921000000,i01-g000011-n000000284,i01-g000006-n000000160;i01-g000007-n000000189;i01-g000006-n000000170;i01-g000004-n000000107,de_trial,170.49068169375346,,,,,real_vector,74f43357277a26b747c23e0a2f7369db,Kv/YVMiUC8DyjSWfFzUHQJjnVh6Mbd8/CUm4bz0m4D/441DhVSr4P73kXufq3PW/E3MyTnmWEsAvtR0rOtDxv77JTCYhPO2/5BcPNyLH6z8=,compact,4,10,,
run-20260903T230838Z-4891f68f,2,305,287,11,1788476919.148622,5867921000000,i02-g000011-n000000287,i02-g000008-n000000213;i02-g000004-n000000100;i02-g000006-n000000149;i02-g000010-n000000253,de_trial,141.67237331112088,,,,,real_vector,c32d589af8429ab758c52baa68946110,XPB1K+D/BMCQHk3MxSbIP15nV6FlE/A/uroejEs38T+whs3RL0H7PxjDcca6zgbA1ACWlgv1579pl7tq+voNwABXg1C1igxAUCDKvZp15r8=,compact,4,10,,
run-20260903T230838Z-4891f68f,2,306,288,11,1788476919.148622,5867921000000,i02-g000011-n000000288,i02-g000006-n000000164;i02-g000004-n000000108;i02-g000006-n000000170;i02-g000010-n000000268,de_trial,119.83681926464861,,,,,real_vector,3f7d410a2f51ea2ee407146706a91ce7,gOX+UlYOwb/s2i0dhbr2PwCHRcrMRc6/pmFBBVYWCUBWnQ0WfgoEwCBH9vtRUqO/PPgpY2ckAcB3xI6E2FPkPwxTkAPIR/C/NwQkkQfJ+T8=,compact,4,10,,
run-20260903T230838Z-4891f68f,2,307,289,11,1788476919.148622,5867921000000,i02-g000011-n000000289,i02-g000005-n000000141;i02-g000004-n000000100;i02-g000010-n000000268;i02-g000010-n000000253,de_trial,162.99770536065628,,,,,real_vector,3c7b1f8cf94d696152e8729e6a60483c,eNNW7bQPFMAs/WJNgC0EQCdXNGY6vP0/ANchDeG3zj/CuS0bPZb2PzZoU0T59wHA2RS/IZlb/r/3ivT1XvETwBgK5o3nMPk/rXtA7RiI/b8=,compact,4,10,,
run-20260903T230838Z-4891f68f,2,308,290,11,1788476919.148622,5867921000000,i02-g000011-n000000290,i02-g000009-n000000240;i02-g000003-n000000072;i02-g000003-n000000087;i02-g000009-n000000243,de_trial,152.09102622540388,,,,,real_vector,9873cdd339f91d15a86171b7eaf0390d,ccPoujswAEBOd5AY5az6vzxDnw88QgPAAPip5K5T5z+azPKt8OruP/iEyH9psOI/j3lN5kEACsCyLuJK9isFQLWR+7HOGwHAqOK5Y5xJ+D8=,compact,4,10,,
run-20260903T230838Z-4891f68f,2,309,291,11,1788476919.148622,5867921000000,i02-g000011-n000000291,i02-g000009-n000000241;i02-g000001-n000000046;i02-g000010-n000000269;i02-g000006-n000000151,de_trial,166.2120726279082,,,,,real_vector,a5eb1ce928d756e58d7b6e5e147a2137,qkkjJwcUEMCn2xF+M2kDQKSrAfiUrPM/Ug+6li6cC8B1xnOFt1DzP1N6XGYOXPq/Ox7ykv0UBcB83ELa/u8CwBwzGIEeOAFAEBAfV1DP7j8=,compact,4,10,,
run-20260903T230838Z-4891f68f,2,310,292,11,1788476919.148622,5867921000000,i02-g000011-n000000292,i02-g000001-n000000046;i02-g000006-n000000164;i02-g000004-n000000114;i02-g000010-n000000248,de_trial,158.47645136791783,,,,,real_vector,3f01bddaf6fb67ef75ba51f09aba10e2,btQvk2aH/j8sz9R4S3cDQFAY/7M0zPk/YNDju7VP378nE5KlBg4IQMsoCNupFPc/iu3FZNW40r/RCAXWjSwIQFQItgsnDN8/fj+1JOVXCcA=,compact,4,10,,
run-20260903T230838Z-4891f68f,2,311,293,11,1788476919.148622,5867921000000,i02-g000011-n000000293,i02-g000009-n000000243;i02-g000009-n000000232;i02-g000006-n000000171;i02-g000010-n000000268,de_trial,122.53974647786269,,,,,real_vector,e510475769e014e5857750d47304bc5d,PyhGYC2+CMCInQKVLDP9v4jWw+MdSso/WLmhqKa3wr8g5LZbWCEMwKTwBIgwaPw/6VVCoeWE77/qWV0QTiT7P1nRQONHMg1A6r2jYFcM8D8=,compact,4,10,,
run-20260903T230838Z-4891f68f,0,313,297,12,1788476919.148622,5867921000000,i00-g000012-n000000297,i00-g000011-n000000273;i00-g000010-n000000259;i00-g000010-n000000254;i00-g000005-n000000135,de_trial,156.43042182786397,,,,,real_vector,ccd15fbbb7676712695682e8ffea59f7,AKBjgmeYqT/F5d1mMw8NwFDZR7xgJfS/m/CtjW68EUAwocyFCS7Hv9daHSk6TvG/+ypJbNuw+D9d7HgWAO8JwP1YFsMdLQXAIARABogauD8=,compact,4,10,,
run-20260903T230838Z-4891f68f,0,314,298,12,1788476919.148622,5867921000000,i00-g000012-n000000298,i00-g000011-n000000274;i00-g000011-n000000273;i00-g000010-n000000254;i00-g000005-n000000133,de_trial,116.91635850339158,,,,,real_vector,d4ed2868965b59e3b1f543ce16bd5707,MdU+hTTU/797aRUW0Rz7v6SB3o7GAOE/cagIeyE19T+UjKu7W6wAQCzbD1GqiQZAUhTpJw0e1b8A2nhfWbbCv5jQzE4TL+0/93i9DtMv9j8=,compact,4,10,,
run-20260903T230838Z-4891f68f,0,315,299,12,1788476919.148622,5867921000000,i00-g000012-n000000299,i00-g000008-n000000203;i00-g000011-n000000273;i00-g000008-n000000200;i00-g000005-n000000133,de_trial,126.6552400997221,,,,,real_vector,49667d9c409b88b9c9158dd48aafced9,Spcmz6RM97+0jQAv2yECwIxLkv0fcOy/kEi6gLl8qr/sJOelgQ0BQNSCtTdfbRRACBTzOL7G8L/ciYLVmtPqv8DnQOPeJApAivXcpC0i4L8=,compact,4,10,,
run-20260903T230838Z-4891f68f,0,316,300,12,1788476919.148622,5867921000000,i00-g000012-n000000300,i00-g000006-n000000156;i00-g000010-n000000254;i00-g000005-n000000133;i00-g000011-n000000269,de_trial,159.65273903672653,,,,,real_vector,251bfe05c4d07d9a5ab4284f866ce921,fHVNn22kEcDDKYFBRTEIwIpgQ/U5R/C/tWD729r99T8AZa5b0wGNv/Am3vDAesG/Z7xkg0/D5T+In7fVIUncPw+7v6h9/grAJXS4azQABEA=,compact,4,10,,
run-20260903T230838Z-4891f68f,0,317,301,12,1788476919.148622,5867921000000,i00-g000012-n000000301,i00-g000005-n000000133;i00-g000006-n000000156;i00-g000004-n000000118;i00-g000009-n000000219,de_trial,155.77956365919601,,,,,real_vector,84470b281b4ae0f4cca3dc2fe9b91a0f,rT3MZ7IBEkCwdvT3eq7Jv+x/D+31KQRAXaPY1dtkCMB4Esdg+j/7P08+K5eH2gVA/O6skgvxAcAcsEkEtk/uv3KBsDggBgBASo75WXz6DsA=,compact,4,10,,
run-20260903T230838Z-4891f68f,0,318,302,12,1788476919.148622,5867921000000,i00-g000012-n000000302,i00-g000010-n000000254;i00-g000011-n000000269;i00-g000010-n000000259;i00-g000004-n000000117,de_trial,162.2173970618877,,,,,real_vector,e50e511595a899a6c2cb1b0ee1629b81,7rCjQW9x+D+cHKa8HOcCQMD016gntaC/2nb2poyg4D/yRYQXmIf8PxMg/qCUGxPA9PKWa7F107+Ujyq/MBDbP5yikzpInt6/doREMEVr8T8=,compact,4,10,,
run-20260903T230838Z-4891f68f,0,319,303,12,1788476919.148622,5867921000000,i00-g000012-n000000303,i00-g000005-n000000135;i00-g000011-n000000274;i00-g000004-n000000118;i00-g000010-n000000260,de_trial,163.27658678371256,,,,,real_vector,1f281f8f95881aafef4494e9d3bb6087,ruwrsX7b8j/4p+gqeJXKv9N7FZIzDwNAHHD0oRJi3r885XkET5YEQIx9ozvCVt4/p9u6SSjwCsCg3XrLyfuOvwGLK2Ikcfo/JBIULSjp+z8=,compact,4,10,,
run-20260903T230838Z-4891f68f,3,111,102,4,1788476919.148622,5867921000000,i03-g000004-n000000102,i03-g000001-n000000051;i03-g000001-n000000025;i03-g000002-n000000066;i03-g000002-n000000076,de_trial,132.79281634316132,,,,,real_vector,02b7a0480a67f8ea0542f45c7dbb60b8,F4Jr4Ttk8b+MqWLwbNfsv6BpS6t+LKe/Ze89YZl2CsCe4T3QZ8j0P5j8XeaRKeS/vu0j1H9c/j96g1D6y+DfP+KegwDt0/K/DQUnJm+iEcA=,compact,4,10,,
run-20260903T230838Z-4891f68f,3,112,103,4,1788476919.148622,5867921000000,i03-g000004-n000000103,i03-g000001-n000000025;i03-g000001-n000000048;i03-g000001-n000000051;i03-g000003-n000000084,de_trial,190.5248600054456,,,,,real_vector,137376cde9d5fbfab4eb786fee5e243a,+A1iEXxNAsBQwfuBYX8RQO6K1LWtvvS/4LA8XjeJCsCKAHd+0sb3P2T1u6H0EA3AQBQiBhDF+79AS+XD7I2oPxheF9kV3Ma/FVerUSJyA8A=,compact,4,10,,
run-20260903T230838Z-4891f68f,3,113,104,4,1788476919.148622,5867921000000,i03-g000004-n000000104,i03-g000002-n000000054;i03-g000002-n000000077;i03-g000003-n000000101;i03-g000003-n000000084,de_trial,130.46576373410386,,,,,real_vector,0820298ab31e503581f0e8cba5944b87,lBp/RXfeA8Bo5b+pdnAQQAlVkSBTz/E/vv36gYulD8Dco2sBo0IHwKqfV9bVIvW/F6G1+fsS9D8P1iWMEbznP2JgTcjlbwBAxqbezWMB9L8=,compact,4,10,,
run-20260903T230838Z-4891f68f,3,114,105,4,1788476919.148622,5867921000000,i03-g000004-n000000105,i03-g000003-n000000081;i03-g000002-n000000059;i03-g000002-n000000064;i03-g000001-n000000035,de_trial,173.20068567318657,,,,,real_vector,12f3c4414c242413b6b396ffd8ea7908,X4pEWlXF9r/Oixv8COATwJDDGyPfBgpAauUB8FobDED4bVZlpODpv2lFxhLU/QDAqjHIAFpfCsB8d3VfP73rv64IxJj8fOa/oJj4vcjHCcA=,compact,4,10,,
run-20260903T230838Z-4891f68f,3,115,106,4,1788476919.148622,5867921000000,i03-g000004-n000000106,i03-g000001-n000000048;i03-g000002-n000000077;i03-g000003-n000000084;i03-g000002-n000000059,de_trial,114.12099920830644,,,,,real_vector,e86c15a1af755d364588c072268fa069,Kom+uLBtAsBkCSr086ECQCa7iuCLQPE/iAtPlc2OCMAqGS7jqaUAwKQdx1ZSXv4/FHXG3ihPB8C+s/Sas637P5FcSjXezfc/+qqI4JqDAEA=,compact,4,10,,
run-20260903T230838Z-4891f68f,3,116,107,4,1788476919.148622,5867921000000,i03-g000004-n000000107,i03-g000002-n000000057;i03-g000003-n000000099;i03-g000002-n000000064;i03-g000002-n000000062,de_trial,124.29960841921773,,,,,real_vector,797e7fd94c62d6372ecffe7dcde30623,R7kqHSKQAcAvkS0F6QgTQJiqYxMGN+o/1Gp3djDw0z800NpNmM/yv1W26RBiHwdAeIr2Dd0+x7+cmqyCx6wQQKYm7FT7PfO/Lm/m6xK+AMA=,compact,4,10,,
run-20260903T230838Z-4891f68f,3,117,108,4,1788476919.149961,5867921000000,i03-g000004-n000000108,i03-g000003-n000000084;i03-g000001-n000000048;i03-g000001-n000000050;i03-g000002-n000000064,de_trial,164.49299364719013,,,,,real_vector,4699aee268acfec5e186d2b3020e3e39,ptLjADcz6r9efi3kF7kQQFauy1MMYeu/IsrOTmIYBcCSQWRu+isDQAla0A0qhQfAshLW0nqbCsD5SejPlDDxvyaQOlYS/OK/iOgHQlTMCkA=,compact,4,10,,
run-20260903T230838Z-4891f68f,3,118,109,4,1788476919.149961,5867921000000,i03-g000004-n000000109,i03-g000002-n000000059;i03-g000002-n000000066;i03-g000001-n000000051;i03-g000002-n000000077,de_trial,169.61031310847005,,,,,real_vector,14c5c3e186b0ffa0eafa5b72b853ac8a,wzpWX5Yq+L+XFqUF68fyPwpmn8wr8gDAWrWLzebu9j+HJ+0A1LoLQNEbcmE2P/o/qcHpiojjBkDsaBRNezQCwM5kFAOqigzAJOgRlJQy8L8=,compact,4,10,,
run-20260903T230838Z-4891f68f,3,119,110,4,1788476919.149961,5867921000000,i03-g000004-n000000110,i03-g000001-n000000049;i03-g000001-n000000044;i03-g000003-n000000099;i03-g000000-n000000019,de_trial,102.4557779199212,,,,,real_vector,6277370f81a0513aae9b7597adc5df38,UshLz8aqAcBolpLv03HxP643Phww3PC/ehrkPueSE8CVvR/eLCP/P6Y1X+7cH/m/QBGqjjARtz80QHh916LYP8gqWvck3c2/RHU/iinC6j8=,compact,4,10,,
run-20260903T230838Z-4891f68f,1,303,285,11,1788476919.148622,5867921000000,i01-g000011-n000000285,i01-g000008-n000000211;i01-g000009-n000000227;i01-g000009-n000000245;i01-g000008-n000000202,de_trial,125.45963500404791,,,,,real_vector,fd86ab6e3d8e75883858148ad5a2a1e4,omS7aw8s6r+SAGPhjSkHwHhAxLNCseu/hHPzLxGRCMAVK+O7VjEEQLrAwVvfpgRAQBFvDMHo87+mn6RMS2vyv2bCnbBqifk/uMtnsPQ3678=,compact,4,10,,
run-20260903T230838Z-4891f68f,1,304,286,11,1788476919.148622,5867921000000,i01-g000011-n000000286,i01-g000003-n000000096;i01-g000006-n000000158;i01-g000010-n000000268;i01-g000010-n000000267,de_trial,153.50240938536035,,,,,real_vector,21d244665db35c2a3f4c68528d7a198b,jKdWNPo8CMD/3qAoBH7qv+b3EZkFqd+/htp6PvdW+D9baysM3AENQArY+Zu1uvw/mAM6R4zA/r/SBMjPY43vv5sCstIONAzAnpGkAQ+TCcA=,compact,4,10,,
run-20260903T230838Z-4891f68f,1,305,287,11,1788476919.148622,5867921000000,i01-g000011-n000000287,i01-g000007-n000000189;i01-g000003-n000000096;i01-g000006-n000000160;i01-g000004-n000000107,de_trial,110.48203314552839,,,,,real_vector,7ae60a404f750c21ce9cfdea26753d8a,gxEez6g9B8C0RovpY00BQAxCotNMQAJA6JyB1bll078zYTwkp6kPQHgK/2cVydA/DsnDO6lo/78+MKqukNnKv2hJjDYCNQLA3mlZMREZ678=,compact,4,10,,
run-20260903T230838Z-4891f68f,1,306,288,11,1788476919.148622,5867921000000,i01-g000011-n000000288,i01-g000006-n000000164;i01-g000010-n000000267;i01-g000007-n000000185;i01-g000005-n000000123,de_trial,132.31301327967515,,,,,real_vector,321caa127d2c2422e7abec381119c354,8b/mX9mx8j/EIZK23jzov/24F3bpbgJAGorA4Wjm5r/K6aeZuj/iPwRiMX1z89Q/4MXIR6Tjtz+BZVjyWl3sv8i+3AdViOI/OlrVrPQqBEA=,compact,4,10,,
run-20260903T230838Z-4891f68f,1,307,289,11,1788476919.148622,5867921000000,i01-g000011-n000000289,i01-g000007-n000000191;i01-g000010-n000000248;i01-g000009-n000000245;i01-g000010-n000000251,de_trial,162.95491604043363,,,,,real_vector,fb74217ad809ebb93af2af9a5c87ef2c,BqfAvTH79T/2bdQKygv9P/aAQDrw/eI/bkLCRCI05L8o5HHP4QgMQByMQynjePQ/ntpgySkYAMCcc3FgR+3wP+prYD898ALAHlz2n9LQE8A=,compact,4,10,,
run-20260903T230838Z-4891f68f,1,308,290,11,1788476919.148622,5867921000000,i01-g000011-n000000290,i01-g000006-n000000170;i01-g000004-n000000109;i01-g000010-n000000246;i01-g000009-n000000244,de_trial,110.91116416727584,,,,,real_vector,5cd461b4ff8f974a70c0d3d59e62a461,vJPJW+Xt8z/J7jh8mxsKQAwmWFNPccs/YAdDfpQXs784MYT9BeHFv7g1+HgOzvW/8oVjJljx/r98aMYkA5EBQLRrOThmBgNAEAIa2yzq/b8=,compact,4,10,,
run-20260903T230838Z-4891f68f,1,309,291,11,1788476919.148622,5867921000000,i01-g000011-n000000291,i01-g000010-n000000267;i01-g000006-n000000160;i01-g000009-n000000244;i01-g000006-n000000170,de_trial,88.39684770742207,,,,,real_vector,bc87a18df809eb89a2d0d4da28cc7d06,5DsvvQkn/r/yjSWfFzUHQDzGpw0QK/A/rGRNkwsZC8D+RAuubMsAwAsGzprfxOE/zeIqtIgR8b++m5Y5SiPrP16IIy+3r/4/5BcPNyLH6z8=,compact,4,10,,
run-20260903T230838Z-4891f68f,1,310,292,11,1788476919.149961,5867921000000,i01-g000011-n000000292,i01-g000010-n000000268;i01-g000004-n000000109;i01-g000007-n000000189;i01-g000010-n000000267,de_trial,166.3638151814867,,,,,real_vector,739fd9a7b023a29031639a60893b6db2,4PkUFHtZ27+kx/mupzERQN2rCFGgtfG/Q9YL6uNy97+SdKo47bsRQAUR8+NWifK/xqW6camfEMC4XQZ+Lnr/Pw7ajX6w39q/AAXH7mlWsr8=,compact,4,10,,
run-20260903T230838Z-4891f68f,1,311,293,11,1788476919.149961,5867921000000,i01-g000011-n000000293,i01-g000005-n000000145;i01-g000006-n000000158;i01-g000009-n000000227;i01-g000006-n000000164,de_trial,170.26568779913123,,,,,real_vector,6f64e32a9de61f8f279473bf41b2ffe1,jvdWI4RZB8C2IdpBanj2v+JkulqN9ve/hHeTj0ug0b/AZ09fItIRQOqTSeJUIg9AfqPDe8zv/b9c6vaQXUf0v5K40ngsiQRAHIr/iZBTAMA=,compact,4,10,,
run-20260903T230838Z-4891f68f,3,120,111,4,1788476919.149961,5867921000000,i03-g000004-n000000111,i03-g000002-n000000061;i03-g000002-n000000057;i03-g000001-n000000049;i03-g000001-n000000046,de_trial,158.86267431999045,,,,,real_vector,f95ca12dcaaa2dd6c486ac637e3463b5,ekJiPOVg2r/cBwIQtsICQFCZU4iXxO8/zB/eGNsN1j+iCXtHGNn8P0BWjrEcIOe/+iJASsIRD8Bo8oh7yXoDQCi7LG9K3dw/rBzKGdy0+r8=,compact,4,10,,
run-20260903T230838Z-4891f68f,3,121,112,4,1788476919.149961,5867921000000,i03-g000004-n000000112,i03-g000002-n000000062;i03-g000001-n000000046;i03-g000001-n000000049;i03-g000002-n000000054,de_trial,134.27514727356402,,,,,real_vector,bf824f7f4406beea5aec284c6a2e845a,YEKkZ1+X2r9R/fPPln8NwOjeewhrBwNAPAkAArdM0T+Qk5sh7g4JwGDEqZWzZsC/cgTABevJ/D8oP5NwpgcHQFfb6Dcw5Q/AsDAR9klfqT8=,compact,4,10,,
run-20260903T230838Z-4891f68f,3,122,113,4,1788476919.149961,5867921000000,i03-g000004-n000000113,i03-g000001-n000000035;i03-g000002-n000000065;i03-g000002-n000000059;i03-g000002-n000000070,de_trial,212.39747133596654,,,,,real_vector,03264bcd25a6ca9457f94f1d536b1021,R5kZ/qF57L9kuRnADa0SwAB4/ojfSxFADo+Gs6bJ8z8Jqq4WdAsSwKoTRUmKXQnAEi2cUKZKBsDWpESO2+sQwALv5seEaADArvj9UNYkBMA=,compact,4,10,,
run-20260903T230838Z-4891f68f,0,320,304,12,1788476919.149961,5867921000000,i00-g000012-n000000304,i00-g000010-n000000256;i00-g000000-n000000002;i00-g000010-n000000241;i00-g000011-n000000269,de_trial,194.98319209556792,,,,,real_vector,38358289331bc7b457a460b57416aec0,RYDP41WiDsB2zBKeZoIRwCCwOzutZdY/VTF4KfLq9r/wlDF0F2fdP+DUz1h9ogNAAEkaiEr0BMCxyPij0hv/v0b5c5WWENU/CDoW/G5E9L8=,compact,4,10,,
run-20260903T230838Z-4891f68f,0,321,305,12,1788476919.149961,5867921000000,i00-g000012-n000000305,i00-g000007-n000000185;i00-g000008-n000000203;i00-g000004-n000000118;i00-g000010-n000000241,de_trial,129.43064226830865,,,,,real_vector,1be2e86f84e9164c56b0da613fc21e5f,24nHgMYh67+nBFV0bsr8PwDPZQapw/E/4G67DYkICcBqoRDIjSwSQJrBCQaOb/Q/Rum9xWJWBcC1JnYbf+b6P1ChtbNNdgBAYOCkB52mor8=,compact,4,10,,
run-20260903T230838Z-4891f68f,0,322,306,12,1788476919.149961,5867921000000,i00-g000012-n000000306,i00-g000004-n000000114;i00-g000011-n000000269;i00-g000003-n000000078;i00-g000010-n000000241,de_trial,143.17066458057062,,,,,real_vector,d92d647f0351c21b23d271d21a627c1a,HMOzss7h6b9nlUS2V7oNQCaLENyQXwpAMNUzrM2kx7803ukdFWPyP5eYoShGSATA4D6kCKoiAMAYCVzjczvjP1x2fTrcQvK/oTp/fr1E+T8=,compact,4,10,,
run-20260903T230838Z-4891f68f,0,323,307,12,1788476919.149961,5867921000000,i00-g000012-n000000307,i00-g000010-n000000259;i00-g000004-n000000114;i00-g000009-n000000239;i00-g000010-n000000256,de_trial,173.56722157325845,,,,,real_vector,b045b51f785acd681eee041775423001,IAiJROlYDkDcTkoWi6PhP9zUs8lT/+a/T2qYi9K3A8CuNxZD6VP+P8hXSTVBvOO/WqxkMsMa/78UD2WeasXYvz52c5B1LwJA3O1WE1umDMA=,compact,4,10,,
run-20260903T230838Z-4891f68f,0,324,308,12,1788476919.149961,5867921000000,i00-g000012-n000000308,i00-g000010-n000000260;i00-g000005-n000000133;i00-g000010-n000000259;i00-g000010-n000000241,de_trial,148.68440228507527,,,,,real_vector,a224d323c28a1003a0a549ea311c5f33,ZE0bsakaBsBtUTOnpgT3PzuAQjIILQnA6EcWfQpt+D/DizUNShMQQOMsdd2Q3PK/urmqY0BU5D/5GhhSB+QOQMpY72DUVwbAwF5/2baAqz8=,compact,4,10,,
run-20260903T230838Z-4891f68f,0,325,309,12,1788476919.149961,5867921000000,i00-g000012-n000000309,i00-g000004-n000000117;i00-g000007-n000000172;i00-g000011-n000000269;i00-g000007-n000000185,de_trial,174.75971630354016,,,,,real_vector,678b5d9995b3252d76b1c6e4ca920c19,5eerpCrL+z8O/JqBNNgKQCDOBwZAlAPAjx3eG7GFDsDw53AUsdfzv1Z7uzaD//e/eAhP74G7979rE+lc0mUEwOVoAfgbX+8/WLR/41ME678=,compact,4,10,,
run-20260903T230838Z-4891f68f,0,326,310,12,1788476919.149961,5867921000000,i00-g000012-n000000310,i00-g000004-n000000118;i00-g000004-n000000117;i00-g000010-n000000259;i00-g000011-n000000273,de_trial,164.14029530239634,,,,,real_vector,b21772605998863c268f01cf9db40fcb,XUGhQpVb6b8sf9XKG8Hvvx+Fcx1s9gjAd2+N5OJa9T8tDv4C/cIHwLuCBRpQXQVArEWg70gLFECwZQH5RFYRwAbV2GtF6w/ANZrou2Y04b8=,compact,4,10,,
run-20260903T230838Z-4891f68f,0,327,311,12,1788476919.149961,5867921000000,i00-g000012-n000000311,i00-g000009-n000000239;i00-g000000-n000000002;i00-g000010-n000000256;i00-g000006-n000000156,de_trial,198.8948355661198,,,,,real_vector,783b45b4d6e71bde25d620d7138398ec,yEIGXxF0+b8LX+JbEr8MwIovj2rH3QRADf6R0DVCBUDwG5NcOzP/P3wo8ZzzytU/+p7bJ8jp+7/l+jdxWUf1vzY+FqneXd8/1lPcmGIwC0A=,compact,4,10,,
run-20260903T230838Z-4891f68f,2,313,294,12,1788476919.149961,5867921000000,i02-g000012-n000000294,i02-g000003-n000000072;i02-g000010-n000000269;i02-g000010-n000000253;i02-g000006-n000000164,de_trial,125.97648585617159,,,,,real_vector,79c9873609b116aa79adbb47e5292bdf,0qUoi3by+79IPyYPSFsBQIBLxBV3Rrc/wIpoM5Yg8T/KojRvlSTmv7fEo9r3H+E//56eyIEnAsBwMmjFfA2rv2neQt3y3ApATOR7sT2f+T8=,compact,4,10,,
run-20260903T230838Z-4891f68f,2,314,295,12,1788476919.149961,5867921000000,i02-g000012-n000000295,i02-g000010-n000000269;i02-g000010-n000000268;i02-g000009-n000000243;i02-g000004-n000000100,de_trial,135.94944562730512,,,,,real_vector,3fe67c0ed1b75f399b57d0e901eee152,WPFHWKS+AsDodxBBVuD1P17GqdgcZOO/qg85L4OaD8BobkeppAnmv+pHjIJGhv0/lKTWh6o58b+wbDKoLOPLv1AEQsoTywTA9v+yoHvJ/r8=,compact,4,10,,
run-20260903T230838Z-4891f68f,3,123,114,4,1788476919.149961,5867921000000,i03-g000004-n000000114,i03-g000002-n000000064;i03-g000003-n000000081;i03-g000002-n000000077;i03-g000001-n000000049,de_trial,146.45459273068036,,,,,real_vector,085c7aa2b6f6ccb8d0c43839acf8a6e2,cHQjQeQZAMBwNHmmQ+X1Pym2aGdfeRBAAIGjeEAaEcBSBgW54+vyP1xBAT4cA9q/pCgxwXSB7b+qOQgiUFTkvx6Xw+nTJQhAiEDXiV834L8=,compact,4,10,,
run-20260903T230838Z-4891f68f,3,124,115,4,1788476919.149961,5867921000000,i03-g000004-n000000115,i03-g000002-n000000065;i03-g000001-n000000025;i03-g000001-n000000049;i03-g000002-n000000064,de_trial,155.8855197569178,,,,,real_vector,10245923592eee251765c68fd02f44b4,xQiqQvn+9z+iy96rohQIwIpmhqVF4ATAlpN9t0SbDsB4gLKOtpvvv9muYjgOqQvAHkk/WGTfBEC8zATV2kjxP5xK+ZpIaum/twBRXuIl/L8=,compact,4,10,,
run-20260903T230838Z-4891f68f,3,125,116,4,1788476919.149961,5867921000000,i03-g000004-n000000116,i03-g000002-n000000066;i03-g000002-n000000070;i03-g000003-n000000101;i03-g000002-n000000076,de_trial,133.398908671784,,,,,real_vector,a1e4c1703ef26ac7c4104c03614e777c,dIMq0AYj7D8w4bnakAbkvxt0xTB0rgTAuGcvvol+678R3h6eqhz1vxZb1zH0wvs/tAdeJi331z/8L2lJzPAMQOuJ10MwLgDA+P670azi778=,compact,4,10,,
run-20260903T230838Z-4891f68f,3,126,117,4,1788476919.150961,5867921000000,i03-g000004-n000000117,i03-g000001-n000000050;i03-g000001-n000000049;i03-g000001-n000000046;i03-g000001-n000000048,de_trial,165.55614190853112,,,,,real_vector,f2457f9e7321e5f2a44fdd147d0b0878,nsdH7Ekh/b+UDUA5qmMQwP5ln8YR0/+/xVrY9IAN9j9Wh023H8QEwKpj+a4dMfi/3NJI6TL55D+YxvDWynwCQDRza5s4zA3AuKXetivKyb8=,compact,4,10,,
run-20260903T230838Z-4891f68f,3,127,118,4,1788476919.150961,5867921000000,i03-g000004-n000000118,i03-g000002-n000000076;i03-g000002-n000000064;i03-g000000-n000000019;i03-g000002-n000000065,de_trial,153.36207285460708,,,,,real_vector,8b5cdd2b7ceca09770f966c2818408bf,mpbUzab1DcBcd9x/bfXxv0CxS0U4AwJApMpojfwyAEDW71KItnERQDp56ZNycghAO9xVX/QaD8A98k02SwXzPzjKWd1adQZA/LlBuOKY+b8=,compact,4,10,,
run-20260903T230838Z-4891f68f,3,128,119,4,1788476919.150961,5867921000000,i03-g000004-n000000119,i03-g000002-n000000077;i03-g000003-n000000101;i03-g000002-n000000054;i03-g000002-n000000065,de_trial,155.39160728235993,,,,,real_vector,d9f6c3d9602683789197daf56991af41,Ovhkqu2V+r9kYufiNhH0P5TvrjWxGNi/aGOqiLMDEcDinuoT8QIBQHBlc/VaVua/oCVIKs5qtb9GxtJsNZP5P1h2IrmGzglActZF7wye9b8=,compact,4,10,,
run-20260903T230838Z-4891f68f,0,329,312,12,1788476919.150961,5867921000000,i00-g000012-n000000312,i03-g000002-n000000076,migration_arrival,83.06011964580935,,,,1,real_vector,aa12d4c52d9ee42c338287f287a6214f,"[-0.04519899920756343,1.362259757849636,1.9571182630704826,-0.8773773427052325,0.8725285711110522,-1.2380674796226798,2.7337573896104175,-1.0861112290971315,1.2531307121316075,2.959374910872418]",full,4,10,3,i03-g000002-n000000076
run-20260903T230838Z-4891f68f,0,330,313,12,1788476919.150961,5867921000000,i00-g000012-n000000313,i03-g000002-n000000077,migration_arrival,88.39684770742207,,,,,real_vector,bc87a18df809eb89a2d0d4da28cc7d06,5DsvvQkn/r/yjSWfFzUHQDzGpw0QK/A/rGRNkwsZC8D+RAuubMsAwAsGzprfxOE/zeIqtIgR8b++m5Y5SiPrP16IIy+3r/4/5BcPNyLH6z8=,compact,4,10,3,i03-g000002-n000000077
run-20260903T230838Z-4891f68f,3,129,120,4,1788476919.150961,5867921000000,i03-g000004-n000000120,i03-g000002-n000000070;i03-g000002-n000000062;i03-g000001-n000000046;i03-g000003-n000000099,de_trial,198.8915246928609,,,,,real_vector,59f09be2dc6d8b05d776aa9aaac10d48,qDrAQa8CC8BlSbBEGPz+v2Q7ie/h3Po/kqciAKnR278869vhosYKQGa0x58r6vm/P5hUBUcZ9T9iSvwdkr4NQKQvo8hVFQNAuwso+RcBBkA=,compact,4,10,,
run-20260903T230838Z-4891f68f,3,130,121,4,1788476919.150961,5867921000000,i03-g000004-n000000121,i03-g000000-n000000019;i03-g000002-n000000062;i03-g000001-n000000050;i03-g000003-n000000099,de_trial,172.97468417788804,,,,,real_vector,476fd512f2c7d2e5da9c0b46e913709b,QDJYWuv/4r+S7TFG7EkCwNJ7dZoDQwHAKfdpBFav478ECB/pwtn/P0CJcBKhcMG/7ZTCxvwsE8BVWb6AjzoSwCoXkie5dAhAaNMlF0VODkA=,compact,4,10,,
run-20260903T230838Z-4891f68f,3,131,122,4,1788476919.150961,5867921000000,i03-g000004-n000000122,i03-g000001-n000000044;i03-g000002-n000000059;i03-g000003-n000000081;i03-g000002-n000000077,de_trial,164.17511337001434,,,,,real_vector,078bf155840c3744e17c687c20ccc551,aC/fmcLC9D8xUAUyqgoNwIfrKqDNKvY/1q8jc/fODUDhlY7fX6H5P4xX4xGElwDAcBN/FL+Eob9CDT8ZapANwA/wKB4GnvK/9p8Yn2Xx9L8=,compact,4,10,,
run-20260903T230838Z-4891f68f,3,132,123,4,1788476919.150961,5867921000000,i03-g000004-n000000123,i03-g000003-n000000099;i03-g000002-n000000076;i03-g000001-n000000046;i03-g000002-n000000061,de_trial,153.22983466464416,,,,,real_vector,22a280bea00fcfdfde4046fbb475edea,trab3tYCAsDUifcCbWvWP1V/+0oz3w5AqPKZ1x8c8r+g/EogR/6+P/ZDynxog9e/jAY5mPzO5L/kY26t+AYFQNM7Bbo9WPo/guIlqoyWBUA=,compact,4,10,,
run-20260903T230838Z-4891f68f,1,313,294,12,1788476919.149961,5867921000000,i01-g000012-n000000294,i01-g000010-n000000246;i01-g000011-n000000275;i01-g000004-n000000109;i01-g000010-n000000248,de_trial,127.93093878749713,,,,,real_vector,c0a173bff8fafd813db7f268063ef93a,jGWEgTrXB8DsTn7K4v4GwGyHQQGEkNS/YHrDX4ssBUC2M0Lpn1rrv3wTDaT3TdK/MNW2y8p49b/QULCriyC3v2o93EMH7QNAJgk+r8AiAUA=,compact,4,10,,
run-20260903T230838Z-4891f68f,1,314,295,12,1788476919.150961,5867921000000,i01-g000012-n000000295,i01-g000005-n000000123;i01-g000011-n000000277;i01-g000006-n000000164;i01-g000011-n000000275,de_trial,140.6982342231812,,,,,real_vector,0ab6847bc9ad3c73daeead0328c08d3c,zGZJUvWAD8DSmJuZi/b/P8TXp8cKleE/v/x4Qcd/EMD8FuhkSvn5P4DYMxKNV88/cDK3PbXNAsDgQclKLQPOPxjaEhxSkQbAxHCtFrHZ8r8=,compact,4,10,,
run-20260903T230838Z-4891f68f,1,315,296,12,1788476919.150961,5867921000000,i01-g000012-n000000296,i01-g000010-n000000248;i01-g000003-n000000096;i01-g000010-n000000268;i01-g000010-n000000246,de_trial,150.69433764357936,,,,,real_vector,de623a3ea48925a6ebf39d114115e9d8,lIL1/BLo9r9wft7fS78DwP8HV9H3xPA/UCYQFn99/z9tdeKKZkUQQJdyogSCNOK/XBmkk2Ct/b98e9lfFAzsv8CkmGQKBw3AJDOMk1vB3r8=,compact,4,10,,
run-20260903T230838Z-4891f68f,1,316,297,12,1788476919.150961,5867921000000,i01-g000012-n000000297,i01-g000009-n000000245;i01-g000011-n000000277;i01-g000005-n000000123;i01-g000010-n000000248,de_trial,146.07653658339908,,,,,real_vector,5ec76dd72a30e5549956272ee8478913,XMyrYGID/z9KPFbV7EQFwCpVcxUUlOO/koXXA13E+b/AFFUzVa7PP5WOJvNosvw/xMOpr9SZBcCLFnKFsvDUP/+A7lSOtvE/hCyskEbh+L8=,compact,4,10,,
run-20260903T230838Z-4891f68f,1,317,298,12,1788476919.150961,5867921000000,i01-g000012-n000000298,i01-g000005-n000000126;i01-g000007-n000000189;i01-g000011-n000000275;i01-g000010-n000000268,de_trial,145.71422674156852,,,,,real_vector,4ff92a83271646d780489b71c9c44423,kubFHoYCD8CWeBl4bd4AQETbxWIjVfG/WrKrz16K3L8NUaYJxQgKQMfzq0KqJt+/0qJ+m6jjEcDU+bT5TTHqv47OGGIJlf0/NVO4GF/F/78=,compact,4,10,,
run-20260903T230838Z-4891f68f,1,318,299,12,1788476919.150961,5867921000000,i01-g000012-n000000299,i01-g000011-n000000275;i01-g000005-n000000126;i01-g000011-n000000291;i01-g000007-n000000191,de_trial,157.7322033960173,,,,,real_vector,f5ff541cb547836bbb5aa57bc6266337,5rvy0ACSEsA618+1vYf+PyBdTOmkXJc/CHloxgbf6T+09GjkON8PwL30+7L2RdI/alZhUVoREsDY1A8IFEj6P2wpVeGhJdK//2HAvmRz6T8=,compact,4,10,,
run-20260903T230838Z-4891f68f,1,319,300,12,1788476919.150961,5867921000000,i01-g000012-n000000300,i01-g000008-n000000202;i01-g000009-n000000244;i01-g000011-n000000277;i01-g000011-n000000291,de_trial,174.45425963192616,,,,,real_vector,33de9f0cb9f2b0cec9fa9f2af5fa09a3,LjhbJKcMEMBea8UanG/yvz7tPcPx5+Q/3Cfj0vnJ1z/+6xiO2iQUQLVnti46IPo/5lrn5RA7BcBoqwddgJzlv/ktH2aWDw/AELQg1BDBDsA=,compact,4,10,,
run-20260903T230838Z-4891f68f,1,320,301,12,1788476919.150961,5867921000000,i01-g000012-n000000301,i01-g000011-n000000277;i01-g000005-n000000145;i01-g000010-n000000248;i01-g000005-n000000126,de_trial,115.37722287821268,,,,,real_vector,4de8025ef7639b2716a79a9783fdcd81,rk80GCI59b+4Un4KdpvDP7KdJipvAP4/1czDIdfB8b87Ofw/0jgAQD7JA09isfQ/hAOdO+kr57/L/ffbfKIBwGRnDU0otOc/o/Q0V/JvC8A=,compact,4,10,,
run-20260903T230838Z-4891f68f,1,321,302,12,1788476919.150961,5867921000000,i01-g000012-n000000302,i01-g000009-n000000244;i01-g000007-n000000185;i01-g000005-n000000123;i01-g000010-n000000268,de_trial,161.0691348934643,,,,,real_vector,6bce06c17c4ca358feaa337272b3801a,Ck2ONdPP+b9QYPuWUSTkv2RAKm+A1/E/gG4rSRKT2r+0jDe1qXb4P4Bsk4/b+9u/6bhk260eAsDc4Tm++WjAP6zpO385x+C/pAG/2qlz9r8=,compact,4,10,,
run-20260903T230838Z-4891f68f,1,322,303,12,1788476919.150961,5867921000000,i01-g000012-n000000303,i01-g000004-n000000107;i01-g000006-n000000160;i01-g000010-n000000268;i01-g000008-n000000211,de_trial,106.48279258310065,,,,,real_vector,d726b19455bd9e170b2df2edd493927b,ncOYz1gR879QFvI7oJzcPyrBjGIiJ/W/aL/37duy7L8MIPqTpvgCwLR4nTXORuo/gInMg3muiL+QA0Rm5V7OP1CTk+Gvg/I/Y6ASauakD0A=,compact,4,10,,
run-20260903T230838Z-4891f68f,3,133,124,4,1788476919.150961,5867921000000,i03-g000004-n000000124,i03-g000001-n000000046;i03-g000001-n000000050;i03-g000002-n000000064;i03-g000002-n000000054,de_trial,180.3797463263174,,,,,real_vector,34c01eb84339d36181a72c9fde4b4d27,WvtlIHZQBcCoQjqmhL7kv4szSlayZA1AbJGkuhvD2j8MNo++SrvpP0WRir8NSPg/in0nud2QA8BkYR4qNjnxv0YP3eYwFOW/xPqhgkxB9z8=,compact,4,10,,
run-20260903T230838Z-4891f68f,3,134,125,4,1788476919.150961,5867921000000,i03-g000004-n000000125,i03-g000003-n000000101;i03-g000000-n000000019;i03-g000001-n000000051;i03-g000001-n000000035,de_trial,133.51080052673296,,,,,real_vector,e861b181b999dc7538715d73a869f8a4,jJGfNyEF77/R0/9n5AgMwGSA8kOwswrAmDJnqLgOB0CAb9hCgJjNPwgoEHHMf/e/xFKuDEEZAcBsuQfALm3tvw0o6TmmJvE/La/p26G0BcA=,compact,4,10,,
run-20260903T230838Z-4891f68f,1,323,304,12,1788476919.150961,5867921000000,i01-g000012-n000000304,i01-g000009-n000000230;i01-g000011-n000000291;i01-g000009-n000000245;i01-g000005-n000000126,de_trial,154.77569753939235,,,,,real_vector,78145041c0cc7c393692e325580e342b,8DcsEM8T5j8pgPYDPa75PwAZkP40/42/6We64oaWEMBQ9JVNDFXZP+DALbSkcwJAgqjhBgkF4z+gNrQtvEvev/qhwSjfjf8/RruaYyODAsA=,compact,4,10,,
run-20260903T230838Z-4891f68f,1,324,305,12,1788476919.150961,5867921000000,i01-g000012-n000000305,i01-g000004-n000000109;i01-g000011-n000000275;i01-g000009-n000000244;i01-g000009-n000000245,de_trial,120.93396054549024,,,,,real_vector,083fd9adca4bcaa9b3bc45ef71463e64,PKpMkUvLEMDVAb/MOS78v4HeDMUbBvA/mtkTvpWRCEBBxzJ7GwrgPxlkP3ho3O+/Kos7mKlN/L9dLgFAltD+P7ieMvr3XOO/gq8SB+VqD0A=,compact,4,10,,
run-20260903T230838Z-4891f68f,1,325,306,12,1788476919.150961,5867921000000,i01-g000012-n000000306,i01-g000006-n000000158;i01-g000004-n000000109;i01-g000009-n000000244;i01-g000006-n000000170,de_trial,107.21441933909837,,,,,real_vector,40cd937ac4115d41b7ec0b19b42a3d8b,bjt9jZYZ9D8ShKVGQyHRv8T9aOPMndU/qd5FdCIp8b8hpFuCAOf+P6rTbLv8fOi/9PJoa0laA8BdLgFAltD+PzDz2GIxMrw/q1HDsEKMEMA=,compact,4,10,,
run-20260903T230838Z-4891f68f,1,326,307,12,1788476919.150961,5867921000000,i01-g000012-n000000307,i01-g000007-n000000185;i01-g000003-n000000096;i01-g000007-n000000191;i01-g000009-n000000245,de_trial,169.90654122352464,,,,,real_vector,f8b63d93e618ef6119f1a87c866c3977,zXlRymKBC8BNsF3dGHblP9rf3ymvwtc/Fvta6nDR9L/GYQaMvT73P3S3o6pRcOW/XR5N+kPM/L/i3BC7cNviPwrn11vNhOi/QC1oNxWu1j8=,compact,4,10,,
run-20260903T230838Z-4891f68f,1,327,308,12,1788476919.150961,5867921000000,i01-g000012-n000000308,i01-g000006-n000000160;i01-g000004-n000000109;i01-g000010-n000000248;i01-g000003-n000000096,de_trial,174.51744802615832,,,,,real_vector,e55a141d4584dfbcc5c855c213bc1eca,5DsvvQkn/r8yYHQ4Iy4LQBxJn8YAxNI/H7V2Hpep9b+oW0MxeRL9P+4vnwVwEfi/6JrR9xSEA8BBlXqQmXMAQLCgXNH+R8i/iwj0Es8MEsA=,compact,4,10,,
run-20260903T230838Z-4891f68f,1,328,309,12,1788476919.150961,5867921000000,i01-g000012-n000000309,i01-g000008-n000000211;i01-g000011-n000000277;i01-g000005-n000000145;i01-g000009-n000000245,de_trial,142.1305776859519,,,,,real_vector,1eec9540a32a0dd338f2ecd3ffa98c8f,1IblLde5CcDaE0wPZOH/P6zhLqiN2/c/sjZg1V8bA8Bf2puoJeb2P/L1u3u6au4/vobwvjl7BsA8sNdnFQO2P5o+RCdQ8PE/UCLsK6hPDMA=,compact,4,10,,
run-20260903T230838Z-4891f68f,2,315,296,12,1788476919.149961,5867921000000,i02-g000012-n000000296,i02-g000004-n000000100;i02-g000003-n000000087;i02-g000001-n000000046;i02-g000009-n000000243,de_trial,143.14624112919526,,,,,real_vector,c19b64b87cea899de9aef6352c6417ae,IKeDMLDJsb90BJO6DWbyv0r1sh1iMQbAXEFTKy8Z/j+CYvfMCk8AQEAku3XPqRHA6JJsplGKCMBobGt+5a7xPwLikzEn2BHAp4ZW9YPe9T8=,compact,4,10,,
run-20260903T230838Z-4891f68f,2,316,297,12,1788476919.149961,5867921000000,i02-g000012-n000000297,i02-g000006-n000000149;i02-g000001-n000000046;i02-g000009-n000000241;i02-g000006-n000000171,de_trial,138.28728490055144,,,,,real_vector,ea27d7a9553bf5b5c085d8039421ddca,PjmGFxFg9r8KteEu+kURQLQH2RC+VgBACKIV6ZaMzz/slvdVOnsFQKwskYBILAfAMyDrF1JmB8CKTAVF1uQAwGBq4HHvc7I/WtCTRTFYBUA=,compact,4,10,,
run-20260903T230838Z-4891f68f,2,317,298,12,1788476919.150961,5867921000000,i02-g000012-n000000298,i02-g000010-n000000248;i02-g000008-n000000213;i02-g000001-n000000046;i02-g000006-n000000151,de_trial,135.20398381524427,,,,,real_vector,4761d7db41cd08b40ee9830249ac527f,TMWJNfqj6r9AzS3u6V2TPxS2lsbBgPU/0ULhWUhd4L94KuL1jgznvzjupTwOS+G/WJCszCZ/9b++4ACbFV3SvzDloMT+/gHADBkhRXvI5T8=,compact,4,10,,
run-20260903T230838Z-4891f68f,2,318,299,12,1788476919.150961,5867921000000,i02-g000012-n000000299,i02-g000006-n000000151;i02-g000010-n000000253;i02-g000011-n000000280;i02-g000009-n000000241,de_trial,159.3473470670387,,,,,real_vector,fbf7bd7d19a59c3183e4583d05654e71,4hyyAGihEEAE5G188VP+v2iNl6euMg3A2vDAoDN67T+4RyXccrvXv0T0fyjNq9G/ClE8zhzlAkBe0Ee0Kw7/P7jgqFqO2uC/5HLTEk2FA0A=,compact,4,10,,
run-20260903T230838Z-4891f68f,2,319,300,12,1788476919.150961,5867921000000,i02-g000012-n000000300,i02-g000001-n000000030;i02-g000009-n000000240;i02-g000007-n000000183;i02-g000011-n000000280,de_trial,128.48836770468586,,,,,real_vector,8f0bdf1c0f215c0d881bc908388acfcb,U7H5xTH0/D/w4ZlwfDe2PxB99vwJDd6/tlnAbPQx5z8EuhJgoOrKv8D1eyULKdu/O9eLn+/h/j/E0v/tZX7EP9ifOoTT6QdAziaF/6MjEkA=,compact,4,10,,
run-20260903T230838Z-4891f68f,2,320,301,12,1788476919.150961,5867921000000,i02-g000012-n000000301,i02-g000006-n000000170;i02-g000001-n000000030;i02-g000009-n000000232;i02-g000008-n000000213,de_trial,110.35547226001376,,,,,real_vector,47e6c28271d82dbe9e57c802247e7871,7pElomHYB0DwL1bnnhH5P2zm4INGDuq/+6IwL0BvAMDiQ79gJOUGQAsGzprfxOE/6H1JpthJ9r+aSd3/0e3vP0BHpaOkYPI/1uEaGl7s578=,compact,4,10,,
run-20260903T230838Z-4891f68f,2,321,302,12,1788476919.150961,5867921000000,i02-g000012-n000000302,i02-g000006-n000000171;i02-g000006-n000000151;i02-g000009-n000000232;i02-g000010-n000000253,de_trial,148.67894832630714,,,,,real_vector,90d1058e71d8f9b924cfd7d1b042fb18,2lq1yaSN+z9k12+p1EUEQKxlr2qjAuC/eRna3+Vq8D/9bUdMYJb0v3h7abKwm/o/kHSAzRIyEMCQifPtmNTrv3aEMDlWe+c/0DkjfeKm978=,compact,4,10,,
run-20260903T230838Z-4891f68f,2,322,303,12,1788476919.150961,5867921000000,i02-g000012-n000000303,i02-g000010-n000000253;i02-g000003-n000000072;i02-g000003-n000000087;i02-g000009-n000000243,de_trial,174.55131352126168,,,,,real_vector,deabb11b4d3495e5a365c850c2fa9584,ccPoujswAEBOd5AY5az6v/TZ72gFmwDA2rT51oNtBEA9K2ndFhPmv/iEyH9psOI/j3lN5kEACsCyLuJK9isFQPuMLT/dZ/i/qOK5Y5xJ+D8=,compact,4,10,,
run-20260903T230838Z-4891f68f,2,323,304,12,1788476919.150961,5867921000000,i02-g000012-n000000304,i02-g000011-n000000280;i02-g000001-n000000030;i02-g000006-n000000151;i02-g000003-n000000072,de_trial,173.03886882638358,,,,,real_vector,8d7325127c09a4f3e4155e621725528b,Olj8MdOPDUDpK26jOdcLQKa2dKD9X/m/qCryGQrH+b//7uQ3r24IQHkCE+nJCgdAdoFCpE/l8b90+EJmPbHkv4g2bYUCL/c/SCz1cUVo6D8=,compact,4,10,,
run-20260903T230838Z-4891f68f,2,324,305,12,1788476919.150961,5867921000000,i02-g000012-n000000305,i02-g000007-n000000183;i02-g000010-n000000248;i02-g000004-n000000114;i02-g000009-n000000241,de_trial,154.96137041101503,,,,,real_vector,4c54e32800f959752aa6ddea85230bff,+F9igdtJBEBquVASdFnrvzqsZD1bUP8/D9kRPOnS5L+8ttVTAEUCQABL8i90SZO/uhEzy9Kt/T8+HIbCkf8RQBHRgTz/r+K/6XsGKrP4+T8=,compact,4,10,,
run-20260903T230838Z-4891f68f,2,325,306,12,1788476919.150961,5867921000000,i02-g000012-n000000306,i02-g000009-n000000232;i02-g000009-n000000241;i02-g000010-n000000268;i02-g000008-n000000213,de_trial,106.35539949690066,,,,,real_vector,9743ee25dfabcd0c8f4e16771c1124f0,f9RGDPqNBsD4/HxGCIUJQD8nqsDyO/I/PyIZwZ1F/b+/7EIZBVkCQLfXatAFLP+/mxJZvOeZ8r/JIhgv2wcGwHkPdFc/Vv8/FFl1vk++0r8=,compact,4,10,,
run-20260903T230838Z-4891f68f,2,326,307,12,1788476919.150961,5867921000000,i02-g000012-n000000307,i02-g000004-n000000111;i02-g000003-n000000087;i02-g000009-n000000241;i02-g000001-n000000046,de_trial,99.26997843642316,,,,,real_vector,ce4888e0e2f3d0666cafe594ed05b560,LkJMxG6v8D+m7xT6vLflv861J81GJgfAvVnDe0Yi+D9dUQa6yfz/v0i044piMwjAgFCcrSiwnz9qLIsIuEzdv/7NOgCA6f6/sE576TdF0j8=,compact,4,10,,
run-20260903T230838Z-4891f68f,2,327,308,12,1788476919.150961,5867921000000,i02-g000012-n000000308,i02-g000010-n000000268;i02-g000009-n000000243;i02-g000010-n000000269;i02-g000006-n000000151,de_trial,151.50963517206085,,,,,real_vector,b1e350dc4e591d4faa817defa08cc2ec,KVB23VCEDMBVi3PAimMHQGR6Fiq1hPg/0H1WrtPMEMAEs9UhCmf7v4j0h16Cf7q/iNz+34N/9T9qCUGkU6v1vzLTEP5CAgHAwj6WgiJt7D8=,compact,4,10,,
run-20260903T230838Z-4891f68f,2,328,309,12,1788476919.150961,5867921000000,i02-g000012-n000000309,i02-g000003-n000000087;i02-g000003-n000000072;i02-g000009-n000000232;i02-g000007-n000000183,de_trial,159.36881276033637,,,,,real_vector,d8aa24be29e26c8c58c210dec4e4de9d,HSmSuaRZ+j9ip+PMnqvsv7zXSOiTA/y/9HlrC74x+j/N3exLQbLzvxa0lqj9wQ9AtlkVyCCoEMD3IaNOJSkDQBpEI0jS9AbArPNxSdir+L8=,compact,4,10,,
run-20260903T230838Z-4891f68f,2,329,310,12,1788476919.150961,5867921000000,i02-g000012-n000000310,i02-g000004-n000000114;i02-g000007-n000000183;i02-g000010-n000000269;i02-g000005-n000000141,de_trial,151.00216822938614,,,,,real_vector,0658ea96bb487402d9950cacb4093f2f,S5bvVJ28/b/s2b0WqOwCQOFfbdRbUwlAwOAjQBoJBcBUF6qqpt7QP36GZ8LvUAPAwlV6IYtm/T+VlLWQJKjyP/kw8THTkPM/AlmyOVkeDkA=,compact,4,10,,
run-20260903T230838Z-4891f68f,2,330,311,12,1788476919.150961,5867921000000,i02-g000012-n000000311,i02-g000008-n000000213;i02-g000009-n000000241;i02-g000007-n000000183;i02-g000009-n000000240,de_trial,141.48749020054174,,,,,real_vector,ce65e40c8bca8fa9d606ef4dbd9e2dfd,v1PL9BNXAsCkM3G/o1bQP36iKVN/SwtAyhUJx24587+pHkllNiLuP3SNyi058Pi/uGtjL03R8b9YAhcVtv4HwAaQ7p1A3AJAgEBQNUtw1z8=,compact,4,10,,
run-20260903T230838Z-4891f68f,2,331,312,12,1788476919.150961,5867921000000,i02-g000012-n000000312,i02-g000006-n000000164;i02-g000010-n000000248;i02-g000006-n000000171;i02-g000010-n000000269,de_trial,117.08188107279545,,,,,real_vector,7c05cc4472eee4cc0a46e85a345b43a9,rh6e+Tqb/j9Sh7I7OGECwPYVaNtPegDAQBQEemExrT9TnWwVzjbhP/43mCNwQ+O/4AgnnLPf8T+2BC9q0ZgAQMcTxBfPkuK/0bwIucsk+T8=,compact,4,10,,
run-20260903T230838Z-4891f68f,2,332,313,12,1788476919.150961,5867921000000,i02-g000012-n000000313,i02-g000005-n000000141;i02-g000006-n000000164;i02-g000006-n000000170;i02-g000003-n000000072,de_trial,146.58767370200553,,,,,real_vector,33d78f21f835d7e4534ebaca158c6362,zMKDzwOd+D8H+aD0/MoEQEJ/6ObTKOs/rpokL84AAcDuaXp34sTRvzj6YnSKX+u/oR25lTLO5T/wjBt9P34GQIqrNQJIAfs/Zi7FLSKUA8A=,compact,4,10,,
run-20260903T230838Z-4891f68f,2,333,314,12,1788476919.150961,5867921000000,i02-g000012-n000000314,i02-g000009-n000000240;i02-g000001-n000000030;i02-g000003-n000000087;i02-g000005-n000000141,de_trial,135.8147501512413,,,,,real_vector,079749b33d62947c6c51ce40dba5fb17,eI9k4f4S+j+YXxDOtBf0P461w1+afwDAAPip5K5T5z8SF14JxmIGQIT9rFysJeg/kNJM4e+mCUAxkwJ3a1ADQFCdaNmJlAjAjSAgqw3e/D8=,compact,4,10,,
run-20260903T230838Z-4891f68f,2,334,315,12,1788476919.152467,5867921000000,i02-g000012-n000000315,i02-g000009-n000000241;i02-g000009-n000000232;i02-g000005-n000000141;i02-g000004-n000000114,de_trial,149.60136762431347,,,,,real_vector,6d2e42839448b0f43a5e4888d31629d0,Lg5klFu2A0AmNyJJOgj3vzDTF+5dSPW/AXfEirfF7z9ARcAZVifdP3h/Z4BIcfw/F+PFZdNW7b9YP77FAZT/v1JRsevtIvo/mhxrjj5nDcA=,compact,4,10,,
run-20260903T230838Z-4891f68f,2,335,316,12,1788476919.152467,5867921000000,i02-g000012-n000000316,i02-g000001-n000000046;i02-g000008-n000000213;i02-g000006-n000000164;i02-g000010-n000000268,de_trial,94.09206673338599,,,,,real_vector,2e3d8a2e881026afc02658e6d4d41d9e,wohZEXhLDkA0/FlNZ1jcP4AvPs/xEp6/7DYarUCe/T/ArDrIlOwEwEapWo7r9e8/kEUywEa5sb8Oo6ntE4r8Py2+y+OQSvG/+qqI4JqDAEA=,compact,4,10,,
run-20260903T230838Z-4891f68f,2,336,317,12,1788476919.152467,5867921000000,i02-g000012-n000000317,i02-g000009-n000000243;i02-g000006-n000000170;i02-g000004-n000000100;i02-g000006-n000000151,de_trial,179.26764585618028,,,,,real_vector,a16b1449675bc3794f94ebd5264b0d9d,UQxtpT5qEcBaRxNAM4gDQC22lxgsbwNANwNK+o96CcB4+hMQPJj7v07b79/7xvK/kOhPDuHBtT+UJKJOt93mv+XEIRlsTQpAPj/q4IuV2z8=,compact,4,10,,
run-20260903T230838Z-4891f68f,3,136,126,5,1788476919.152467,5867921000000,i03-g000005-n000000126,i03-g000001-n000000051;i03-g000001-n000000035;i03-g000002-n000000059;i03-g000001-n000000046,de_trial,119.81410758258303,,,,,real_vector,6ec133717a8a41af00890bca91c2a2df,YJgdSEfWtL9HPuYygwv7P4mZiBzNof2/FQmsMkAq8z8sfrmHjjoEQPi4WC+pCQfAUZnnyeM/8b94kNbPs/ACwLgqYXs9/v+/pZP6armpAkA=,compact,4,10,,
run-20260903T230838Z-4891f68f,3,137,127,5,1788476919.152467,5867921000000,i03-g000005-n000000127,i03-g000001-n000000025;i03-g000002-n000000064;i03-g000004-n000000104;i03-g000000-n000000019,de_trial,69.87908093651728,,,,1,real_vector,fa832fa3081551e6c1fbac528e7eecf9,"[-0.0596393671945572,2.1101363564412052,0.9584803414578609,-1.2132951725687864,-1.266291646800075,1.6340832618879542,0.2849180247135732,1.9405540325734745,1.0720999388529955,0.9658114465293532]",full,4,10,,
run-20260903T230838Z-4891f68f,3,138,128,5,1788476919.152467,5867921000000,i03-g000005-n000000128,i03-g000004-n000000104;i03-g000001-n000000025;i03-g000003-n000000081;i03-g000002-n000000066,de_trial,172.00331095190117,,,,,real_vector,b4689a9560d94e8f951ac27dcae0967e,OjY+t0bW0T+ldPKR46ATwGwfCxFnEgBAnGrxsxsID8BguDIasEPfv2b8Q72WwwnAAO7MCGnvsL/noqIMBw35PxBzMhpq+BJAFu8N0OnO9b8=,compact,4,10,,
run-20260903T230838Z-4891f68f,3,139,129,5,1788476919.152467,5867921000000,i03-g000005-n000000129,i03-g000003-n000000081;i03-g000004-n000000112;i03-g000001-n000000035;i03-g000000-n000000019,de_trial,138.50282605917798,,,,,real_vector,625412ce66f55fc7992e00a5451e8a03,/n7BR86u5r/06jJSLG38vyfsLIhXmQhAgBS1XCL94b/6j3y+ld4HwHyQJhHqbcW/lljQTOfEAEC/XRIa+MsEQBAntFCU+ee/8bNzzF9gDUA=,compact,4,10,,
run-20260903T230838Z-4891f68f,3,140,130,5,1788476919.152467,5867921000000,i03-g000005-n000000130,i03-g000001-n000000048;i03-g000003-n000000084;i03-g000003-n000000081;i03-g000001-n000000046,de_trial,129.20346919586277,,,,,real_vector,0928839ef513712b368c3c999289d1e4,kGoJsZ40tT9B4R7jEqsIwA66J/oNN+A/9z+PWq2zBcCyaamcEqfuPzD4Pa9vr8A/3HXgHfLJEcDUkcO+VL4IwLB4FhMnTNa/ZtWiigrKAEA=,compact,4,10,,
run-20260903T230838Z-4891f68f,1,329,310,12,1788476919.150961,5867921000000,i01-g000012-n000000310,i01-g000003-n000000096;i01-g000009-n000000244;i01-g000005-n000000126;i01-g000010-n000000246,de_trial,138.63259444327664,,,,,real_vector,5825c99c814e58bedd4ed1edc3b84c94,60OGGYyXCMAMERYzPbXwv3W01gMvj/Q/YAdDfpQXs7/W1Zl9YBP6PxzBL4C1tvM/kpmTPH+0DMAgzNyXM8rYv48CvvRPfwjAWiaF2PpBBcA=,compact,4,10,,
run-20260903T230838Z-4891f68f,1,330,311,12,1788476919.152467,5867921000000,i01-g000012-n000000311,i01-g000007-n000000189;i01-g000008-n000000202;i01-g000009-n000000244;i01-g000009-n000000245,de_trial,95.95790915478487,,,,,real_vector,b5cee7d7792a0be3122c2b2e1a2da934,XSNeC637AsBnSxxUnK76v5Z12JVr1AjA4A1Qq2zqqT+DAOogHJX8P7b3CdCTbe2/EM0kW+Dp8r82AuDBiNbmv1hHC+wnYs6/nvMSToQF778=,compact,4,10,,
run-20260903T230838Z-4891f68f,1,331,312,12,1788476919.152467,5867921000000,i01-g000012-n000000312,i01-g000006-n000000164;i01-g000011-n000000277;i01-g000011-n000000291;i01-g000004-n000000109,de_trial,171.54688150996756,,,,,real_vector,c679fbee0a2264b76174f619a1d328ab,jXnXusQMC8CbWSxlzXvyP17Y33M9F9s/66RFA1E3DcAAtK1fyFuJP4jxsFILTgVATtvSpOfv+b/inqMX6BTRvzYTliOeWNO/uNcykBAv+L8=,compact,4,10,,
run-20260903T230838Z-4891f68f,1,332,313,12,1788476919.152467,5867921000000,i01-g000012-n000000313,i01-g000007-n000000191;i01-g000009-n000000244;i01-g000004-n000000107;i01-g000005-n000000145,de_trial,152.72653353770937,,,,,real_vector,910e9504259cfb015970e235bb3fb86c,rjchYdn4A8DgXpcWPODCv6CEzvto7eC/bu/CO4Zu9r+ugeRKoIkEQLiXDkGXjO4/vhOB8oE3/L+cc3FgR+3wP9uHEKS+hAXAiPwbCuQq4L8=,compact,4,10,,
run-20260903T230838Z-4891f68f,1,333,314,12,1788476919.152467,5867921000000,i01-g000012-n000000314,i01-g000006-n000000170;i01-g000009-n000000244;i01-g000011-n000000277;i01-g000009-n000000230,de_trial,119.77477036892941,,,,,real_vector,3ab6fd6b15511dc10e4ecc28697677f1,pgM6IqGZD8Dwzc7PKCrBv9WCulG0/vM/WCIrq/mT0L+G+miOohwJQNwoXihuZf8/bMlVqcMOBMAY+x38XvDRP5LEmzYOxf2/cXNx25oGAsA=,compact,4,10,,
run-20260903T230838Z-4891f68f,1,334,315,12,1788476919.152467,5867921000000,i01-g000012-n000000315,i01-g000011-n000000291;i01-g000008-n000000202;i01-g000010-n000000248;i01-g000008-n000000211,de_trial,111.91914871281051,,,,,real_vector,063f64137e2ee4eb0b3e3035a3904082,KQ3bBmvp5j+WFcXWxVIHwBhWZ7Q4AgfAc0eKdn748D8gCYDFA1D3P6gTdv2jpeY/zeIqtIgR8b9uOODPvajzv4xGLsSkreW/1G+hTFnuAcA=,compact,4,10,,
run-20260903T230838Z-4891f68f,1,335,316,12,1788476919.152467,5867921000000,i01-g000012-n000000316,i01-g000010-n000000268;i01-g000009-n000000245;i01-g000008-n000000202;i01-g000004-n000000109,de_trial,172.93165362496308,,,,,real_vector,ee303b059b2923d3904ad383983f8ebb,TF2iToeR9T9WLcHtBRIQwMRCT98lawjA4Nt2KZmAnr8yRKoWZM7gPyGXkxEZGBJAOLRzNIhlsj8TB5YDr7wCwExuJR/sUPc/U9w3+C3oE0A=,compact,4,10,,
run-20260903T230838Z-4891f68f,1,336,317,12,1788476919.152467,5867921000000,i01-g000012-n000000317,i01-g000005-n000000145;i01-g000007-n000000191;i01-g000009-n000000230;i01-g000010-n000000268,de_trial,126.19478140198342,,,,,real_vector,b358ed062c5e6feb5f2d0ce31ab6a406,4MvlwfrUr7/wv0ilpGbrP2MA0nhOTgbAZSJiOP7VE8AWib1HepP5vx6AlYNjTOo/CMSZF21P5r9gj2JpKw7uP5K40ngsiQRAhrMQMy/4CMA=,compact,4,10,,
run-20260903T230838Z-4891f68f,3,141,131,5,1788476919.153474,5867921000000,i03-g000005-n000000131,i03-g000004-n000000107;i03-g000002-n000000077;i03-g000003-n000000084;i03-g000000-n000000019,de_trial,183.13234094518066,,,,,real_vector,68bb3f882b3bce83541cca9ba92c4b04,chqyZnKS97/y17iKu0v6P8OdJ/LutwRAzp1GQN47A8CAQjjJY6IJwCKyx1Jelfk/dltc6hGQ5b9y0IuxqTv7P3AIvDhFGNm/Lm/m6xK+AMA=,compact,4,10,,
run-20260903T230838Z-4891f68f,3,142,132,5,1788476919.153474,5867921000000,i03-g000005-n000000132,i03-g000003-n000000084;i03-g000004-n000000104;i03-g000002-n000000077;i03-g000001-n000000051,de_trial,141.386726494717,,,,,real_vector,f73dfe83100cb0f5bcf1963ce67b1533,1EmA2bCVCMCQu7+sFGvEP/DyY3iUA/A/eWefuUNnAMDoDnYFybsKwERr0v4sYNk/WfyThCkq9D/hE5PJACXvPyhEKhkfKRJAGAf5GqZg+D8=,compact,4,10,,
run-20260903T230838Z-4891f68f,3,143,133,5,1788476919.153474,5867921000000,i03-g000005-n000000133,i03-g000002-n000000059;i03-g000004-n000000112;i03-g000002-n000000065;i03-g000003-n000000084,de_trial,168.53231419428593,,,,,real_vector,7cbd5984c2f63cd6b05c8adad7ebb2e8,EhJhsZD/7L/0W43XgykDwLCPYrDCdwRAQp7NH8B+B0DQe3BzKoEFwOgJLGSKAgDAOr3MIoxIBUDbih3mWLQGwApbbpLBiQzA4PZfKn54+78=,compact,4,10,,
run-20260903T230838Z-4891f68f,3,144,134,5,1788476919.153474,5867921000000,i03-g000005-n000000134,i03-g000001-n000000049;i03-g000003-n000000101;i03-g000004-n000000112;i03-g000001-n000000051,de_trial,150.8155155067069,,,,,real_vector,dc9e38c13e3b9a3808b11b0b6386b348,QiNepNVg6r8/Yf1akjUOwPUsYMoEqg9ATpuFMwg2DcASx10mYEoGwGxuL6QRPtu/32rpKbRFAkDAEJuOP5Ckv5jhtBF/1OY/dHtFeSjaCMA=,compact,4,10,,
run-20260903T230838Z-4891f68f,3,145,135,5,1788476919.153474,5867921000000,i03-g000005-n000000135,i03-g000002-n000000061;i03-g000002-n000000077;i03-g000002-n000000059;i03-g000002-n000000066,de_trial,208.48593388232084,,,,,real_vector,ae887911a24bef7bcba05def9a943f36,wA84FUNG07/oz85XYcXdvwqKJUmEfvc/N0sXgE0h97+QCj/YjPINwDacfgOa2ve/mmWBmZFqBMDwcZvRLt7cP3DZecOfNQVADX6+7yuc5D8=,compact,4,10,,
run-20260903T230838Z-4891f68f,3,146,136,5,1788476919.153474,5867921000000,i03-g000005-n000000136,i03-g000004-n000000112;i03-g000002-n000000065;i03-g000002-n000000066;i03-g000003-n000000084,de_trial,117.80205420343734,,,,,real_vector,916af4fe0f49cf7d9d222da1e51b2ae7,oyhUQcmr/r9k+0fYWon7P7T6OxMGuOo/gJmFat8GD0CQk5sh7g4JwNvkTHuMd/G/2NoqmDUc9D/O6cgeHO7xvzZLrNRktwLAf76JjaQnCsA=,compact,4,10,,
run-20260903T230838Z-4891f68f,3,147,137,5,1788476919.153474,5867921000000,i03-g000005-n000000137,i03-g000001-n000000035;i03-g000004-n000000104;i03-g000002-n000000077;i03-g000003-n000000099,de_trial,154.25598894299296,,,,,real_vector,970ef1dff5a9853e41af146754916e72,Mg59Rc5mAsDyxbN588cLQIxOVZMP2QJAtZndqoRVFMAnOXk6KRIQwCfQ0RPe9va/VHGuxfa98D9oj67H6gDDv1rwphA0sghAakhGEf8V8L8=,compact,4,10,,
run-20260903T230838Z-4891f68f,3,148,138,5,1788476919.153474,5867921000000,i03-g000005-n000000138,i03-g000002-n000000064;i03-g000001-n000000025;i03-g000002-n000000065;i03-g000001-n000000051,de_trial,171.15801472967195,,,,,real_vector,3479525a54e833452154ff73e50ac01d,KOBZEKtItb/K9ulE0xYOwMi/yXp2nAlAyMkpCEAyAsA8yaSCZJL1v3Q0nKYKFgPAaNpzovdR9T9SdQi5rt75v3yr9kneL/s/KkQ9OfrTDsA=,compact,4,10,,
run-20260903T230838Z-4891f68f,1,338,318,12,1788476919.153474,5867921000000,i01-g000012-n000000318,i00-g000002-n000000048,migration_arrival,90.729540967393,,,,,real_vector,cee9d4f3e424c1130bc30c49555db8b9,2r3QT4mrB8Dwzc7PKCrBv2RAKm+A1/E/YAdDfpQXs7/hGC6llccHQMylAJtEF+0/Ynxo5RdPAMAgzNyXM8rYv4kr/jSMkALApAG/2qlz9r8=,compact,4,10,0,i00-g000002-n000000048
run-20260903T230838Z-4891f68f,1,339,319,12,1788476919.153474,5867921000000,i01-g000012-n000000319,i00-g000011-n000000273,migration_arrival,91.36353064055493,,,,,real_vector,ff2c455e5639b384af12d0748bc3015c,0DCGxAdh+r8qeYmfn5TmP1DZR7xgJfS/AGjaGHOpXb94jqM5B9QPQBlszziPTghA8pVMC+kU8b8uajPqiyMHQN0rFrCn6fI/bgpW78KI7b8=,compact,4,10,0,i00-g000011-n000000273
run-20260903T230838Z-4891f68f,2,339,318,13,1788476919.153474,5867921000000,i02-g000013-n000000318,i02-g000003-n000000072;i02-g000006-n000000151;i02-g000009-n000000240;i02-g000001-n000000030,de_trial,147.7319073190066,,,,,real_vector,1b7b7594e9a05f25fe3b00923d84ef79,yjqpdwqsAUB0cclfRTn2P1IoiqpQOQTAhk0wGa77BUCThvU+xocAwCzaFdX7Ue+//56eyIEnAsBgxZUECXTpv3jKkqQkHfo/qkp+A7NUBUA=,compact,4,10,,
run-20260903T230838Z-4891f68f,2,340,319,13,1788476919.154496,5867921000000,i02-g000013-n000000319,i02-g000010-n000000269;i02-g000009-n000000243;i02-g000008-n000000213;i02-g000011-n000000280,de_trial,164.11793326353643,,,,,real_vector,c967763191f752d738fb443b6bef8b18,XA+t9Mq0BsAno18ZlIsKQLFwXwKQW/A/sCO2V27k7r/6trOel+AMwBz76F1gmQxA/qXctUAj+j9QgBfSYOD7v8bWUlI9AwtAAHNZUBdvcT8=,compact,4,10,,
run-20260903T230838Z-4891f68f,2,341,320,13,1788476919.154496,5867921000000,i02-g000013-n000000320,i02-g000004-n000000100;i02-g000010-n000000248;i02-g000006-n000000164;i02-g000009-n000000241,de_trial,121.85086453770012,,,,,real_vector,95bd3c8f68f2725915a3e12c9664097b,wFsqKJLnD0AuSLz/fQDzv3oWW8ctBvq/XEFTKy8Z/j9wKiLJsDivv2poVKMwsNS/tCJ7vtlD1D8waxTB74AOwJwIpaVdIwDAZFoWusNl4z8=,compact,4,10,,
run-20260903T230838Z-4891f68f,2,342,321,13,1788476919.154496,5867921000000,i02-g000013-n000000321,i02-g000006-n000000149;i02-g000009-n000000241;i02-g000001-n000000046;i02-g000006-n000000164,de_trial,197.12528130680363,,,,,real_vector,4bd05de05f9af71bd09f20ac799fc7ed,GkZYK20LDMBK7vCexpILQJVw2/7Bsvs/rsbmzbS27r+gzJFdwdDzPwqKuZlrTwLAxkNCTTy4A8BsfLApEAARwDb03iI9GgRAqSUwCj1ICEA=,compact,4,10,,
run-20260903T230838Z-4891f68f,2,343,322,13,1788476919.154496,5867921000000,i02-g000013-n000000322,i02-g000010-n000000248;i02-g000010-n000000253;i02-g000006-n000000151;i02-g000001-n000000030,de_trial,94.24512257295162,,,,,real_vector,942f2f764a92111d8bd00c67ad09b4bb,6n7cxlMCCEC4GhMdKNfYv3DQa/0Ml+y/ELFgDVHzxb9wMhmoQ6ynv76IAsHPEuq/iTNtb4SiBUAU/yQPCrvnP9UgTJexggZA7HRXdeLY/T8=,compact,4,10,,
run-20260903T230838Z-4891f68f,2,344,323,13,1788476919.154496,5867921000000,i02-g000013-n000000323,i02-g000006-n000000151;i02-g000004-n000000100;i02-g000010-n000000248;i02-g000010-n000000269,de_trial,150.37668064772043,,,,,real_vector,ca9c3b6b9f5bb775a29de66c07d1e26b,sDtUxgz53794d+btVl/VP+AdVvRbnKS/fE3l1oLpC0A12beVeu/zP5hZ2TTijwfAX1ZO31ck9z8NQSefGeMIwCJJij4FkANABMk4Wh2P8T8=,compact,4,10,,
run-20260903T230838Z-4891f68f,3,149,139,5,1788476919.154496,5867921000000,i03-g000005-n000000139,i03-g000002-n000000065;i03-g000003-n000000084;i03-g000003-n000000081;i03-g000002-n000000061,de_trial,159.2221807499994,,,,,real_vector,4cdacdbc29a4986fbb297a16fac82899,rPmk0VwkB8D8czLaxmEQwLsX0yrJRANAutJ7xQ5DCkCNrecpvQUCQG+1KK8zBPA/1vCl3SNRDcBNKhCYNTYTwADdg2MlDKc/OKPk55Rn/T8=,compact,4,10,,
run-20260903T230838Z-4891f68f,3,150,140,5,1788476919.154496,5867921000000,i03-g000005-n000000140,i03-g000002-n000000066;i03-g000001-n000000035;i03-g000003-n000000084;i03-g000002-n000000065,de_trial,169.48290487542585,,,,,real_vector,a87b8f37ce3d9cf842f6ca37af28bc9a,+vynhEcS5r/wC8jxICDPP3BI6AsJPu6/JquUy6vg9r/rPY280XERQBaXdZRciPo/a++6JIkfB0AkpUCLNp/3v/y3hgIuBgHA/oMqk5RDE0A=,compact,4,10,,
run-20260903T230838Z-4891f68f,3,151,141,5,1788476919.154496,5867921000000,i03-g000005-n000000141,i03-g000001-n000000050;i03-g000002-n000000059;i03-g000002-n000000070;i03-g000001-n000000049,de_trial,114.43032130166893,,,,,real_vector,7268fb900e0fb52653f2312dafcfe71c,dgNAqgu5AEBu42rgVaoEwASy1ehAh+g/Aiojis6h/z/A6Wf1bRvYP5Aanb8PbPs/kCagCp+D8T9a0+2der7yv/cPfePvtfe/0+UA0c2bAMA=,compact,4,10,,
run-20260903T230838Z-4891f68f,3,152,142,5,1788476919.154496,5867921000000,i03-g000005-n000000142,i03-g000002-n000000076;i03-g000002-n000000064;i03-g000002-n000000077;i03-g000002-n000000066,de_trial,191.27915643787765,,,,,real_vector,60a93fef7afef6872da2c47da0adf188,wmpvb9O7DcAZku2TEszyv+62g+ImKhJAXBLc5xhy7j9wHpY8USD2v1I5CgWDZ+o/hPuQ2kdnEsARpgwrtmDxv/NMQvdf7wxAzJUc9Q872z8=,compact,4,10,,
run-20260903T230838Z-4891f68f,3,153,143,5,1788476919.154496,5867921000000,i03-g000005-n000000143,i03-g000002-n000000077;i03-g000004-n000000104;i03-g000002-n000000065;i03-g000002-n000000064,de_trial,162.53569997694228,,,,,real_vector,e60a1604f0127b813b7c1eac5f5955a9,PK3JT95T7r+Qsawfv1wMQOBkq19RIcu/XPkohaFgC8D+RAuubMsAwMabxDF9pwrAVN2Y4YKL+D8sjH7r+fv7v0TffU2yfuI/v2n+q1gDAMA=,compact,4,10,,
run-20260903T230838Z-4891f68f,3,154,144,5,1788476919.154496,5867921000000,i03-g000005-n000000144,i03-g000002-n000000070;i03-g000004-n000000112;i03-g000001-n000000049;i03-g000002-n000000066,de_trial,160.8263039426841,,,,,real_vector,70b232a8d47088b6972407e287dac8ac,ruEBazp29T8iv1eVVPPzPzIlMurv6uo/x+BhSfDH9D8NgHeEcVcEwFWO5q7F+QnAALxlfDEpxr/0p6PTeV8QQJq72O4NLg7ADKgaeiRW278=,compact,4,10,,
run-20260903T230838Z-4891f68f,3,155,145,5,1788476919.154496,5867921000000,i03-g000005-n000000145,i03-g000000-n000000019;i03-g000004-n000000107;i03-g000001-n000000046;i03-g000002-n000000077,de_trial,163.33817919926793,,,,,real_vector,407d74beb73ff1096caff4935e2d6a08,soYi9HoZ/b9SlOOtGjH1P5/NjlLBVf0/96LV13/Q+j9w/7BE2qrfv+WZco3J+ApAn/21lGk04T9ngaeSc7PyPxLoANFUBgfAWsSB4FZCBMA=,compact,4,10,,
run-20260903T230838Z-4891f68f,3,156,146,5,1788476919.154496,5867921000000,i03-g000005-n000000146,i03-g000001-n000000044;i03-g000002-n000000064;i03-g000002-n000000061;i03-g000002-n000000065,de_trial,104.93127983925226,,,,,real_vector,0f73361c96bfe2bf9603854fa6f8ca8d,uEgdzwqc8L+oPZe9+m/uv6qzFY6XlQdAgH/fAAjr3b/ZdNYMDgwHQKEmvy/YGAhA/Mz/uKyLAcBrqHE7SnkDQA5oQhE0aOo/mP8s82wa6D8=,compact,4,10,,
run-20260903T230838Z-4891f68f,3,157,147,5,1788476919.154496,5867921000000,i03-g000005-n000000147,i03-g000003-n000000099;i03-g000002-n000000077;i03-g000002-n000000070;i03-g000000-n000000019,de_trial,146.46812390789654,,,,,real_vector,16c2913363f50cacd5b6d000e24750c7,+nwwYuNX7b9COspzcasSQODJiv6Hmve/JZGUPekBCcCRchylbZ4IwF5VH5ncG/o/2x5dxd4l/j/0D9+NoWQQQAAAzgLe9qo/wSYXdpIEBkA=,compact,4,10,,
run-20260903T230838Z-4891f68f,3,158,148,5,1788476919.154496,5867921000000,i03-g000005-n000000148,i03-g000001-n000000046;i03-g000002-n000000076;i03-g000001-n000000044;i03-g000002-n000000065,de_trial,197.18598712458595,,,,,real_vector,13816c106057bd1f721a734f37a01b41,NmJ8iZ301r9CZ5IXeWj2P9JTXKvTieI/Yq0QfiSoD8DQsAV0x/sRQMdK5IjZsPW/RirHO0uqBkCOcERkO9DpP57KB2ul7fa/TKL0mYFvBEA=,compact,4,10,,
run-20260903T230838Z-4891f68f,3,159,149,5,1788476919.154496,5867921000000,i03-g000005-n000000149,i03-g000003-n000000101;i03-g000004-n000000107;i03-g000002-n000000061;i03-g000001-n000000050,de_trial,176.20187520809316,,,,,real_vector,6d8138ac4e8fa043d84551a0a653d528,LknEsaj/8T9RuDml05gEQJA5XtO4bas/nJn6lkOACcCq0wG7w64OwERCJYxZGQtAXHcuwUGe6D+0SNXRjHQRQGLZVYEWJALALa/p26G0BcA=,compact,4,10,,
run-20260903T230838Z-4891f68f,2,345,324,13,1788476919.154496,5867921000000,i02-g000013-n000000324,i02-g000001-n000000030;i02-g000007-n000000183;i02-g000008-n000000213;i02-g000009-n000000240,de_trial,87.17592873926274,,,,,real_vector,8e06204a51ec577ec8598d16bed7619d,lnQpj0gD4L9v5GqmL77+P2LliQ0DRwlAHEWGRnz067/Aks3+ZHSxv07kNnL9/tG/kFjz1u+L5z+QKuZDzzHZPwBowJL2MqO/1iJaNKBq7z8=,compact,4,10,,
run-20260903T230838Z-4891f68f,2,346,325,13,1788476919.154496,5867921000000,i02-g000013-n000000325,i02-g000006-n000000170;i02-g000003-n000000087;i02-g000006-n000000164;i02-g000010-n000000269,de_trial,172.03837007668562,,,,,real_vector,36c9ba1d1d40fd106ea392750cc10029,9PaCu3zz+j81yIVvKXb7vz6IyVd2/Q3ADNSqdpSLB0AgA8WJVzagP8UO+/eQ4wfAne5QA+Ml4L+BoHJKCwz4PwKd79JzqxHATkfYodVr5L8=,compact,4,10,,
run-20260903T230838Z-4891f68f,2,347,326,13,1788476919.154496,5867921000000,i02-g000013-n000000326,i02-g000006-n000000171;i02-g000001-n000000046;i02-g000010-n000000248;i02-g000010-n000000269,de_trial,102.01365362430424,,,,,real_vector,6d7edbabf73a01046499561dc90eaaa3,ICAZ/Y7buj+uGfdOCfboP8DxH45Wvce/zPrml0rU4j9S7AYB0SUIQHexnwSP9QDAXLpf6QBz/796zx3yvYvfP4gTXU4dEfW/wGvoRItVz78=,compact,4,10,,
run-20260903T230838Z-4891f68f,2,348,327,13,1788476919.154496,5867921000000,i02-g000013-n000000327,i02-g000010-n000000253;i02-g000010-n000000248;i02-g000006-n000000149;i02-g000012-n000000306,de_trial,180.1097900307867,,,,,real_vector,88f5dd68fdb764431aa44976e4ccbf67,aVCKjkoME0DnmFM1Y/MOwFzKlwbEQwPAcFEi60qG4D9Qbq5Lgperv6hrkGgize2//CBORvHwAUAtWrOdtlcRQFL5UEtmtuK/dDLVju8WAkA=,compact,4,10,,
run-20260903T230838Z-4891f68f,2,349,328,13,1788476919.154496,5867921000000,i02-g000013-n000000328,i02-g000011-n000000280;i02-g000009-n000000243;i02-g000010-n000000248;i02-g000006-n000000171,de_trial,132.12915013249471,,,,,real_vector,652cce30442aed277115705befb9c491,MZ4N45bR8b8Umi/OLH4JQBrDsZOc09E/7Ee6tQXj2L9OIWg8dWsQwLAr2c5vjdM/LEfIVQK2AEAZeqIbjuHzvwuSM0nbs/g/tOQ/SdODAUA=,compact,4,10,,
run-20260903T230838Z-4891f68f,2,350,329,13,1788476919.154496,5867921000000,i02-g000013-n000000329,i02-g000007-n000000183;i02-g000009-n000000243;i02-g000001-n000000030;i02-g000012-n000000306,de_trial,178.4441567962616,,,,,real_vector,fa96c8edff13fe700919bc2a0704825b,OHNf4HVp0L9AJQzcnToDQNonYsiitvG/OIXNkwMr/L9ytfpDhNQQwIhPSWxunBJABRFgNnu46j+KphMwAI3hv5BeXlx7fvc/8HrAyjqC+j8=,compact,4,10,,
run-20260903T230838Z-4891f68f,2,351,330,13,1788476919.154496,5867921000000,i02-g000013-n000000330,i02-g000012-n000000306;i02-g000009-n000000243;i02-g000010-n000000269;i02-g000001-n000000030,de_trial,139.21256994263584,,,,,real_vector,ee4f051a1bb48bfafb30f23110de1b19,un7RTd7BD8C5AE+fGV0KQPT/4tRjvPI//FvjUT9wBMC/7EIZBVkCQMxTlPvesdM/iWIdhVZc7z/C2bWJ/FH+v7xjHfPstA9AFFl1vk++0r8=,compact,4,10,,
run-20260903T230838Z-4891f68f,2,352,331,13,1788476919.154496,5867921000000,i02-g000013-n000000331,i02-g000012-n000000307;i02-g000006-n000000164;i02-g000009-n000000240;i02-g000003-n000000072,de_trial,135.5961567130491,,,,,real_vector,ed1c2ac3ca70da7218ec3dc0142cee73,pvkfmwLTDEAKLNP9r/LmP861J81GJgfAECsVHVE6sb8ST8xMvRvnP2etZe2UO/u/ZGkfw2aLBkDQtfnlX9ADQOjsCJaRZ/I/JIl4lFXD6b8=,compact,4,10,,
run-20260903T230838Z-4891f68f,2,353,332,13,1788476919.154496,5867921000000,i02-g000013-n000000332,i02-g000010-n000000268;i02-g000009-n000000240;i02-g000010-n000000269;i02-g000005-n000000141,de_trial,99.39871556703052,,,,,real_vector,0dac025c04dd531d152fea755b8a11fa,xF5ARfmd2z98oVsRz6jsP/ByyLMbLvO/tgvgOqBe8L9o7Hxbw63mv4j0h16Cf7q/sWNNQHl7AkAWW0u+CgPxv6R6L32VAOo/dej2S/fUE0A=,compact,4,10,,
run-20260903T230838Z-4891f68f,2,354,333,13,1788476919.154496,5867921000000,i02-g000013-n000000333,i02-g000003-n000000087;i02-g000012-n000000307;i02-g000001-n000000046;i02-g000011-n000000280,de_trial,165.5949583972237,,,,,real_vector,66b022d9c27987ff4da48b4b5a0dad25,9EOvxLDt0b80E8MnjKzpPwRuy1610fi/YvkVDm/u9j9+IZgD8Mz4vzEF7xQ7aQLAPKRWqO/O1780QHh916LYPzC8Ha1iQt2/QLkP0D4vzD8=,compact,4,10,,
run-20260903T230838Z-4891f68f,3,160,150,5,1788476919.154496,5867921000000,i03-g000005-n000000150,i02-g000007-n000000183,migration_arrival,83.06011964580935,,,,,real_vector,aa12d4c52d9ee42c338287f287a6214f,wBvRvlIkp7/j70nj0Mv1PzqsZD1bUP8/knMlpnkT7L8s7LcJwevrP2aHc9gfz/O/wJm8MbzeBUARpgwrtmDxv8B+I8rSDPQ/TGbWwMysB0A=,compact,4,10,2,i02-g000007-n000000183
run-20260903T230838Z-4891f68f,3,161,151,5,1788476919.156002,5867921000000,i03-g000005-n000000151,i02-g000010-n000000268,migration_arrival,85.54949468721891,,,,,real_vector,bb4ed121a1c00a6be69fa2d955238f95,XHeQK98SAMB8oVsRz6jsP4CRepQ2U8e/H9LJs44BAcDk6wzbcB37P4j0h16Cf7q/tihxpr3C9b8WW0u+CgPxvzLTEP5CAgHARruaYyODAsA=,compact,4,10,2,i02-g000010-n000000268
run-20260903T230838Z-4891f68f,2,355,334,13,1788476919.156002,5867921000000,i02-g000013-n000000334,i02-g000004-n000000114;i02-g000010-n000000253;i02-g000006-n000000149;i02-g000003-n000000087,de_trial,174.7688014311753,,,,,real_vector,bb814bebfd00451147ac86bcd05d680a,SkRruKijE0BoySfRDQj6v1Li9hGPU/e/qEeUJKUr1T8oHGhbQAnxPwwu2wITXvE/xHce+YFNEEBcl42g1L38PxZlevy3GhJAPfW5AgtJ9j8=,compact,4,10,,
run-20260903T230838Z-4891f68f,2,356,335,13,1788476919.156002,5867921000000,i02-g000013-n000000335,i02-g000008-n000000213;i02-g000007-n000000183;i02-g000006-n000000149;i02-g000012-n000000307,de_trial,115.91723286181764,,,,,real_vector,578a4f367dd83b7a19ee9a8b21dca0ad,rJeEdbQ26j/YErLYn5HHv5TkM+5MrANA7bhDWh+8/b93pB59+LL/vxoiA5PxdNi/er2sSuZ+CUAgiC827EjDvzpbqG/pMQlAgQmfV41tBkA=,compact,4,10,,
run-20260903T230838Z-4891f68f,2,357,336,13,1788476919.156002,5867921000000,i02-g000013-n000000336,i02-g000006-n000000164;i02-g000006-n000000151;i02-g000010-n000000248;i02-g000009-n000000241,de_trial,147.85132232501974,,,,,real_vector,f043822a25c65068984b670ad5093f56,iSkGqwlIEEAuqp82Jkv0P/B3780a5gfA6E2aCN5v+T/wJiHnLvzovzxHt17rtfg/foj6iVp27r+kwZKyn/P5PwB+x8rpWdq/w4n+wT/h+j8=,compact,4,10,,
run-20260903T230838Z-4891f68f,2,358,337,13,1788476919.156002,5867921000000,i02-g000013-n000000337,i02-g000005-n000000141;i02-g000009-n000000240;i02-g000009-n000000243;i02-g000003-n000000087,de_trial,109.5104765671757,,,,,real_vector,29bacda75bfab47ae2bdaf47fcb0b30f,UDyYZt3R8D/yfDaNnsbwP7QzYS/PAOq/6MVrEDQh6L+lvSDibSD8v9W0nz43qvM/YLGln6M45z9WdDrHfjTxv5Z4e/QC3A1Ag2/5YpnxEEA=,compact,4,10,,
run-20260903T230838Z-4891f68f,2,359,338,13,1788476919.156002,5867921000000,i02-g000013-n000000338,i02-g000009-n000000240;i02-g000001-n000000046;i02-g000008-n000000213;i02-g000006-n000000171,de_trial,108.32189616017487,,,,,real_vector,256a554578071a5a132da5b9901d6266,4H4jrkkoxL9eOMssKZ7rv+QUwXOg0vY/3M2OMJ8L6j/20ieqDXj3P4h9tMonEvy/za1PA1QMB8CJ3UJleivxv+moTt0k+f2/3P94llNIAkA=,compact,4,10,,
run-20260903T230838Z-4891f68f,2,360,339,13,1788476919.156002,5867921000000,i02-g000013-n000000339,i02-g000009-n000000241;i02-g000001-n000000030;i02-g000010-n000000248;i02-g000011-n000000280,de_trial,179.0575961449969,,,,,real_vector,63943c8f9312167c4153a8a05eb72087,W2VEO6dkC0B/WaKjc9MBQCsoUeiAGOa/XEAiR5Nx97+Wi6otljkDQCEDfUpabRFALArUVq/O3j/u8B3beVsAQNJqE33MPuY/GkKIwlBm7z8=,compact,4,10,,
run-20260903T230838Z-4891f68f,2,361,340,13,1788476919.156002,5867921000000,i02-g000013-n000000340,i02-g000001-n000000046;i02-g000004-n000000114;i02-g000006-n000000149;i02-g000004-n000000100,de_trial,174.93046894493042,,,,,real_vector,ebbfcd09b298376b9a5e623c5f1c0415,XPVgmRm4BECEU3geGAbuvyL+broZdfY/Uu0DPsgxBMCX0lbgmnIMQArGA0SfD/U/PTYtF6I+6D+0Pb2eYfYSQIA0qAqdZvI/jFpCrR7wxb8=,compact,4,10,,
run-20260903T230838Z-4891f68f,2,362,341,13,1788476919.156002,5867921000000,i02-g000013-n000000341,i02-g000009-n000000243;i02-g000012-n000000307;i02-g000010-n000000269;i02-g000001-n000000046,de_trial,124.33156113645208,,,,,real_vector,3d8a13ab680e8fe970ae88698c50f6f6,C4jY244s8D/EoxoMHjHcv4B62OZqLAbArIzfDk7E1D+lxFhm6i0QwLSQkK+vGwHA4qModS258D+mdBMU/qbTP2VasFXmzgVAVEWYYREC1L8=,compact,4,10,,
run-20260903T230838Z-4891f68f,2,363,342,13,1788476919.156002,5867921000000,i02-g000013-n000000342,i01-g000009-n000000230,migration_arrival,85.54949468721891,,,,,real_vector,bb4ed121a1c00a6be69fa2d955238f95,XHeQK98SAMB8oVsRz6jsP4CRepQ2U8e/H9LJs44BAcDk6wzbcB37P4j0h16Cf7q/tihxpr3C9b8WW0u+CgPxvzLTEP5CAgHARruaYyODAsA=,compact,4,10,1,i01-g000009-n000000230
run-20260903T230838Z-4891f68f,2,364,343,13,1788476919.157090,5867921000000,i02-g000013-n000000343,i01-g000010-n000000248,migration_arrival,87.07559323946921,,,,,real_vector,b32d514328b191c9a36cb80afa1fad4b,ALbdNVmLn7+SeZH2DCwAQBBmxWCaavA/xLqLOMVk5L9o0BVUDvMFQJdyogSCNOK/Ssw5/q6iAMDo1XkgmSrAv9JOVyWvXAfAU1widgY8AcA=,compact,4,10,1,i01-g000010-n000000248
run-20260903T230838Z-4891f68f,3,164,152,6,1788476919.156002,5867921000000,i03-g000006-n000000152,i03-g000001-n000000051;i03-g000002-n000000064;i03-g000001-n000000049;i03-g000002-n000000066,de_trial,156.28175983804172,,,,,real_vector,df4c51662bcee90bb5fe71be4f645c36,xP1U2kaU5r835ZW3gpsIwBLHlspHyQNAMrlIEJzzCUC0kAJpClzuv6Q7Dic/juy/VZJIPRNtEsCwZkpwyUn2PwlKdhoPGvI/LPNMSBc22j8=,compact,4,10,,
run-20260903T230838Z-4891f68f,3,165,153,6,1788476919.156002,5867921000000,i03-g000006-n000000153,i03-g000005-n000000127;i03-g000005-n000000150;i03-g000002-n000000077;i03-g000002-n000000066,de_trial,147.59777559782074,,,,,real_vector,8d63d15a157410e52ef179a127473f70,QLrE46n7rz9f1v2ReWf0P0ynM4uE5gNARCJq+5IhAcBiCxImOhf7v4SYv9Z5HQXAoKUVcimL6D9caUiEbwnXPwwHKRjknw9AKMnvoQYiD0A=,compact,4,10,,
run-20260903T230838Z-4891f68f,3,166,154,6,1788476919.156002,5867921000000,i03-g000006-n000000154,i03-g000004-n000000104;i03-g000002-n000000064;i03-g000002-n000000066;i03-g000005-n000000150,de_trial,178.72694088866882,,,,,real_vector,299a69ecaa421bcef2f3b23e20d98aa0,lBp/RXfeA8CESKYepqHNvwCSFSBNDghAvv36gYulD8A8UmaUwxkCQKqfV9bVIvW/7JucUGyKBMD2BEKV1TrTv/x/WKu4Nfe/J4MY3ZPgA8A=,compact,4,10,,
run-20260903T230838Z-4891f68f,3,167,155,6,1788476919.157090,5867921000000,i03-g000006-n000000155,i03-g000003-n000000081;i03-g000001-n000000035;i03-g000002-n000000059;i03-g000003-n000000099,de_trial,150.52729798609442,,,,,real_vector,0515bfd9c7442ffd754f82b43a114daa,aKzURtui3j/wPcLzfAwDwFybtsn07Nk/S5Yl626ECkDn94nyT8sAQIrUAvU/Ku+/WKc34GAZEEBqw5wzifIHwCPa4ZsnJAXAp22r1CcbAUA=,compact,4,10,,
run-20260903T230838Z-4891f68f,3,168,156,6,1788476919.157090,5867921000000,i03-g000006-n000000156,i03-g000001-n000000048;i03-g000002-n000000066;i03-g000001-n000000051;i03-g000004-n000000107,de_trial,160.7681784881157,,,,,real_vector,9dcc078bf58f991c61ecb8098d24e681,bh/DIPmt9b9gEXzThFnPP87poYtILgDANdyDNrFP8L8VOV69AwkIQACc79wwRN4/Sr1ORh1ZA0ARMI6I2XwPwKwD0MsCoRHADDRhlhv13T8=,compact,4,10,,
run-20260903T230838Z-4891f68f,3,169,157,6,1788476919.157090,5867921000000,i03-g000006-n000000157,i03-g000004-n000000107;i03-g000001-n000000048;i03-g000002-n000000064;i03-g000005-n000000136,de_trial,168.81194286252776,,,,,real_vector,6e3c7b1dfcabc674fcb9006eb1f1f056,s7rLVtwxBsAvkS0F6QgTQJiqYxMGN+o/v6sx1VWd/b9hn9pODpkQQDApJSbVPNw/C99DwcYpFMAgZc0VDHKgv6Ym7FT7PfO/KKISNoGQC0A=,compact,4,10,,
run-20260903T230838Z-4891f68f,3,170,158,6,1788476919.157090,5867921000000,i03-g000006-n000000158,i03-g000003-n000000084;i03-g000001-n000000051;i03-g000002-n000000066;i03-g000005-n000000136,de_trial,125.09761622226421,,,,,real_vector,5e15d1756bcb451dae7d29d652b49376,ZW5ZIIeB6b8QWB2fp7fMv25JjJkXiwzAWWplp0G88r8/cpHSWp79P7iol8oA9eS/zF2QFn170b9ASGnvuKezv6nLdLmv/gzAY3k6Hg6Q/z8=,compact,4,10,,
run-20260903T230838Z-4891f68f,3,171,159,6,1788476919.157090,5867921000000,i03-g000006-n000000159,i03-g000002-n000000059;i03-g000004-n000000104;i03-g000003-n000000099;i03-g000001-n000000051,de_trial,163.82813516093654,,,,,real_vector,f286f8c1ac364577711d36d25532ac04,NlaC2VkNCsAcAR7XU2fnP5BaWQ+TAv8/M6T3NicxCEB2QO+RGdoBwJyWXfomWOA/HCybuC5/9z/mRtKDptD9P1n4+unvDwxAehxDX4qr978=,compact,4,10,,
run-20260903T230838Z-4891f68f,3,172,160,6,1788476919.157090,5867921000000,i03-g000006-n000000160,i03-g000001-n000000049;i03-g000005-n000000150;i03-g000002-n000000066;i03-g000004-n000000107,de_trial,174.91880116675688,,,,,real_vector,485e409f12eacb9e0920e0b3e52b7c0d,xP1U2kaU5r/26cCS26bgP1QCXeZzW/g/EoFtUWVn979VDVZUrc8HQJUSni12EfC/3GIsYSEIEUAwvYcrIcUQwJBuzF9qC70/BB6SnIAPDEA=,compact,4,10,,
run-20260903T230838Z-4891f68f,3,173,161,6,1788476919.157090,5867921000000,i03-g000006-n000000161,i03-g000002-n000000061;i03-g000002-n000000059;i03-g000002-n000000070;i03-g000002-n000000064,de_trial,189.3778506251574,,,,,real_vector,d7401307c1cc44df3d96f7c9c8472646,ykTyf6wyDUB62s6tVOsDwPrbhSMUeei/lmSh17N99z/oWtf2e54KwBoDCDfI2uq/mCCXBUv2/T+wR/rgLajSv3ZQEjJVvAvAMh78XDl59r8=,compact,4,10,,
run-20260903T230838Z-4891f68f,3,174,162,6,1788476919.157090,5867921000000,i03-g000006-n000000162,i03-g000005-n000000136;i03-g000002-n000000059;i03-g000001-n000000035;i03-g000002-n000000076,de_trial,204.92580543682575,,,,,real_vector,a2d52c86aad2b3de09f6808fe86f981c,dH5dS77z3z9TE95YApEMwEy5npztut+/NPtODABTEEBEy1cl9eXcP4Q0TvXogsy/0Hm017Tt2T+HljUwAbkPwC+c29cl+AvA1Te4h6xj9r8=,compact,4,10,,
run-20260903T230838Z-4891f68f,3,175,163,6,1788476919.157090,5867921000000,i03-g000006-n000000163,i03-g000001-n000000035;i03-g000001-n000000050;i03-g000005-n000000127;i03-g000004-n000000104,de_trial,154.5365557945649,,,,,real_vector,62e6c1523e51f35e5eede6f8e36ef884,+NNLtu15478200sio8v2PwsXy0PdDeY/VAoKyBiE1j8ui806kk0CQHghagkOf8u/bKqnxB8DDkCgcNQzkg+1v+psPCupmOK/Zh0EgfFgCUA=,compact,4,10,,
run-20260903T230838Z-4891f68f,2,367,344,14,1788476919.157090,5867921000000,i02-g000014-n000000344,i02-g000003-n000000072;i02-g000010-n000000269;i02-g000012-n000000307;i02-g000005-n000000141,de_trial,160.18634112833857,,,,,real_vector,38da7c4520fd1eac7de3c016749945f6,JEW1HaTfAcD/CmnVU+oAQMYa0gs3j/K/wl9QATCIBcD37p8yBEQFwC7cRSh1SgPAhBa5SlGg9r8EPoskC5QDQOASvheAHKO/PBWrfIgd9j8=,compact,4,10,,
run-20260903T230838Z-4891f68f,2,368,345,14,1788476919.157090,5867921000000,i02-g000014-n000000345,i02-g000010-n000000269;i02-g000003-n000000072;i02-g000012-n000000306;i02-g000003-n000000087,de_trial,124.76023680406806,,,,,real_vector,04061335b293a979637f6469ea8f4a47,0LeHTGQMzb+YpNDG2FECQKDGIIWMHu8/qCvoGWNd3L9BCp8H2x/xP/5QVO+gVQtAUv06xQJ+AsAQmQmEeJfGv2A6v7MRWOK/2FsdV+mW8D8=,compact,4,10,,
run-20260903T230838Z-4891f68f,1,342,320,13,1788476919.154496,5867921000000,i01-g000013-n000000320,i01-g000010-n000000246;i01-g000011-n000000277;i01-g000006-n000000164;i01-g000005-n000000145,de_trial,186.93247824165024,,,,,real_vector,b4c40409ea3e9de8c2a0ba2f89adecc3,imbeZJ/WCsAuMGLuK87tPwx2kjiUBdu/rAQXH2xwBMCUh4xFIln3PxCZFaeWL9m/ANuf9IRrAMB0AsztVtbTP0adqeL07gzAx9no84T+BMA=,compact,4,10,,
run-20260903T230838Z-4891f68f,1,343,321,13,1788476919.154496,5867921000000,i01-g000013-n000000321,i01-g000005-n000000123;i01-g000012-n000000319;i01-g000011-n000000275;i01-g000006-n000000170,de_trial,130.0414079943229,,,,,real_vector,731b6219d3c5bbf1c849461cbc30853b,a3U7V3i18L9Y/pRbn6bnv8hgCqpn4vy/dcDMtjIZ8j8mO57uyyQCQCDz/8IwmAZApuFPqtJM5L+KaIDI7zgEQM7EXGgNpAZAMriueBEcBkA=,compact,4,10,,
run-20260903T230838Z-4891f68f,1,344,322,13,1788476919.154496,5867921000000,i01-g000013-n000000322,i01-g000010-n000000248;i01-g000004-n000000107;i01-g000005-n000000123;i01-g000004-n000000109,de_trial,181.51679802166709,,,,,real_vector,7b61036570e5813ee05eeb811d16149c,JBBY2ME+DcDCHigKsQkHwCIL4suZ0/q/QQwZNgJB/b+EFWdpyXACwMwdbsURzvs/O0ZDDjg3979KDll/XJjev+l1njcnAwVACCfMuPKkCUA=,compact,4,10,,
run-20260903T230838Z-4891f68f,1,345,323,13,1788476919.154496,5867921000000,i01-g000013-n000000323,i01-g000009-n000000245;i01-g000012-n000000306;i01-g000011-n000000277;i01-g000010-n000000248,de_trial,108.17114397229672,,,,,real_vector,e02b1c97bc1e342ab53303148176ae95,NBj0IMMs57+KvMFTOhPrv/DR/vHL3sC/HK1pfoICAMB6M7cLjCnxP0aSt9bjqOA/BqTVGU05BMD/5/CLLwABQKc6qeEy8+4/t2Iq42xEFMA=,compact,4,10,,
run-20260903T230838Z-4891f68f,1,346,324,13,1788476919.156002,5867921000000,i01-g000013-n000000324,i01-g000012-n000000319;i01-g000011-n000000275;i01-g000005-n000000123;i01-g000012-n000000306,de_trial,150.84617596574907,,,,,real_vector,306f521dc78ae93d634e458c50329332,+hvh2nVPC8CinvhT6ogNwA1iwFYTPNW/eiKIoNC6D0AK7V6oDSr9vxlszziPTghAiLKFmtJ79r+GeJAEArMAwF9QKxGNYPw/LVPD6cjJAEA=,compact,4,10,,
run-20260903T230838Z-4891f68f,1,347,325,13,1788476919.156002,5867921000000,i01-g000013-n000000325,i01-g000011-n000000275;i01-g000011-n000000277;i01-g000005-n000000123;i01-g000004-n000000107,de_trial,166.82825072563543,,,,,real_vector,bb43e08b6411a6f0ae799d47d8de3316,JymwGkEgEMBCLAIkLq/gPxDS3q2o/eE/cBmlsN+x3b8ObuSGB7fcv0jAky9nteI/W1k1ugYMCcBAlUtE1AKSP8LNFmvoRvS/DQFAKfoTBMA=,compact,4,10,,
run-20260903T230838Z-4891f68f,1,348,326,13,1788476919.156002,5867921000000,i01-g000013-n000000326,i01-g000008-n000000202;i01-g000005-n000000145;i01-g000009-n000000245;i01-g000004-n000000109,de_trial,164.7332086028099,,,,,real_vector,6216a93119f2613110df461ce6b99180,vF6QyDKaBMCHXCOOqAoLwKuXVuGkBPY/YNrOajhDkT8Paqi8V5jhv0XslQVRSRBAG3Jhho1k77+bNB8ipWwFwOMY+oJCdQdAZ/ccZDp8978=,compact,4,10,,
run-20260903T230838Z-4891f68f,1,349,327,13,1788476919.156002,5867921000000,i01-g000013-n000000327,i01-g000011-n000000277;i01-g000003-n000000096;i01-g000006-n000000164;i01-g000012-n000000306,de_trial,155.12070319469177,,,,,real_vector,70b94801f21b03ee498cfb8f4fb84a3b,5LgsM+mhEcCzxiZ7UUHYvyArEykPQLY/Tmz8vXfh0D92dkH9bwz2PyCSf7DB5cy/FuXzU3x+979OR7KeLyP/v6KPGdZ6BQzAEKVzlJ+N8D8=,compact,4,10,,
run-20260903T230838Z-4891f68f,1,350,328,13,1788476919.156002,5867921000000,i01-g000013-n000000328,i01-g000009-n000000244;i01-g000008-n000000202;i01-g000009-n000000230;i01-g000004-n000000109,de_trial,152.03745451547144,,,,,real_vector,c674c2f7402aa35d20dd1b17d0ab8d7b,xbfkCMrp+L+272UnvyINwEJYs1ibXhHAVUDayb3Y5b/hGC6llccHQPA0iMyraew/QDoSKJGPrL/+yTAAuLIDwHCA1W2C0cw/5C7F2lNC678=,compact,4,10,,
run-20260903T230838Z-4891f68f,1,351,329,13,1788476919.156002,5867921000000,i01-g000013-n000000329,i01-g000004-n000000107;i01-g000005-n000000145;i01-g000010-n000000268;i01-g000006-n000000160,de_trial,148.499903299899,,,,,real_vector,720a3421172cabd08106142596add213,atT4egH+/r8QtYjLgmQOwCrBjGIiJ/W/dv6JV0j8AkDU2lhP3oj2PzToh782+fQ/4tecJjtc+b92CWHpwdUAwDTXJSCehvY/ADpvVie5iz8=,compact,4,10,,
run-20260903T230838Z-4891f68f,1,352,330,13,1788476919.156002,5867921000000,i01-g000013-n000000330,i01-g000009-n000000230;i01-g000012-n000000311;i01-g000004-n000000107;i01-g000006-n000000170,de_trial,134.43235017581867,,,,,real_vector,d1153ba7147415a2a10f4362a8e23202,gH/ophY7/r9GDA1MxHkAwP0aIyUKShHAPpWEXAYJ9r/4KMJS6CjFvwxORNIYyNy/leO9vSay6L+ftsK+GILRv43CKtIOZf0/5P7htxf52L8=,compact,4,10,,
run-20260903T230838Z-4891f68f,1,353,331,13,1788476919.156002,5867921000000,i01-g000013-n000000331,i01-g000004-n000000109;i01-g000005-n000000145;i01-g000006-n000000170;i01-g000006-n000000160,de_trial,164.77639700163132,,,,,real_vector,a078c40c45a251965fad9d15f7d0cdb8,7JL49aegC8BO5TJ+qUQDwKnAK9S/JQBAkG52CzwY9j+WsBtYyFIDQJrZZk5w9P4/oAschyIIAsDQKliSdin+v7AFVpTEp9w/gi2RR19pCcA=,compact,4,10,,
run-20260903T230838Z-4891f68f,1,354,332,13,1788476919.156002,5867921000000,i01-g000013-n000000332,i01-g000012-n000000306;i01-g000009-n000000245;i01-g000009-n000000230;i01-g000010-n000000246,de_trial,194.88903798843185,,,,,real_vector,f885b579f5e41a7266c48d1b4c98f566,Rt1P295jA0AShKVGQyHRv1CoEkZ84fW/NHaa+kSk3b9q3Q0L6EkEQOb76EkPoQ9A1G5P632177/4hUMc8gz4v2bfjOTkR/W/E7M4/JGDEsA=,compact,4,10,,
run-20260903T230838Z-4891f68f,1,355,333,13,1788476919.156002,5867921000000,i01-g000013-n000000333,i01-g000007-n000000185;i01-g000010-n000000248;i01-g000009-n000000245;i01-g000012-n000000319,de_trial,103.8187297369122,,,,,real_vector,2b7c3e80dff2de2102904ebdcd9cb4b0,vofBrQc0/D9AYqm/FLjVP97FFsVhwPM/PjDrxD0s7L8VrGN026b0PyTX8g8TFcS/WO2BIoh9/7+GlAT947XRv6sVqkE6ugjASN4Jcb2BCcA=,compact,4,10,,
run-20260903T230838Z-4891f68f,1,356,334,13,1788476919.156002,5867921000000,i01-g000013-n000000334,i01-g000006-n000000160;i01-g000009-n000000230;i01-g000012-n000000319;i01-g000010-n000000268,de_trial,138.5277602019062,,,,,real_vector,aa519d786716a19f639f6578d6fa1ef7,Ws1FrQP3BsC2XRxM8qUFQPbrBXwF3fK/1hrRSjWnCMDpczBoSqMJQMS0BXv/W/k/qzZKLiSy+L9uIZu+qXfpP7S6KOrSW/W/5BcPNyLH6z8=,compact,4,10,,
run-20260903T230838Z-4891f68f,1,357,335,13,1788476919.157090,5867921000000,i01-g000013-n000000335,i01-g000012-n000000318;i01-g000003-n000000096;i01-g000004-n000000107;i01-g000009-n000000244,de_trial,144.06176970893566,,,,,real_vector,77d460d3001a86d6d8680be100b3e023,Pdrml2fNA8DETe+7YtTgvzAGFJsPfbq/I0bDCdMJ+L8g7Bkf8lTwPz479ABmEPY/fh2LzmIN+r8gzNyXM8rYv9BcgdIkfs+/HA9cQ1te6r8=,compact,4,10,,
run-20260903T230838Z-4891f68f,1,358,336,13,1788476919.157090,5867921000000,i01-g000013-n000000336,i01-g000003-n000000096;i01-g000012-n000000311;i01-g000005-n000000123;i01-g000010-n000000268,de_trial,133.07143890464096,,,,,real_vector,4695f60df3feb53fedc827a96536b06c,0Lft8KWQC8CIWyEowDHwv0Th9aHBQA3A2lWq+6yu1b8G3USu2sLsP51uu5245/O/gUNfAt8xAsD4fp6nsMLTv8pAyALWG+o/Ij1lT4abAMA=,compact,4,10,,
run-20260903T230838Z-4891f68f,1,359,337,13,1788476919.157090,5867921000000,i01-g000013-n000000337,i01-g000012-n000000311;i01-g000004-n000000107;i01-g000011-n000000291;i01-g000010-n000000268,de_trial,122.31181492611803,,,,,real_vector,7eea700c21276b43cb6d484e138587ec,Y4/c3+rEB8BQptgkT9j/PyqLC6eI8fK/X3RXbgxHBMCDAOogHJX8P4Y2nQHlXQJAnHaNLkxq9r9unFK+FUf1P+bMbQOl5gdAnvMSToQF778=,compact,4,10,,
run-20260903T230838Z-4891f68f,1,360,338,13,1788476919.157090,5867921000000,i01-g000013-n000000338,i01-g000006-n000000164;i01-g000012-n000000311;i01-g000011-n000000275;i01-g000003-n000000096,de_trial,129.35462650867214,,,,,real_vector,6d146b8e051c1c164b51430b8b72a46f,VYtxqcpL/L+Uw9XoHeYIwFK5uQzvMg3AXBMQX0tS+D8AnvWtWGqzP87to9OGI/K/4k8ASsH2579kBFakfEDxv9P0ISMukvY/qzNG6xLI9D8=,compact,4,10,,
run-20260903T230838Z-4891f68f,1,361,339,13,1788476919.157090,5867921000000,i01-g000013-n000000339,i01-g000007-n000000191;i01-g000005-n000000123;i01-g000006-n000000160;i01-g000005-n000000145,de_trial,153.14748045623656,,,,,real_vector,c1030bbea3a73bf37254f5560b06efc6,nsUqdTjj+L80868/yKvSP/8mj50uLeu/HNU4qj0v27+PRXrnSub8v7wMJNxha/m/mGy4c9FGBMCa2yZeCqvwP8nrdVtvmA9AvhnS20HG4D8=,compact,4,10,,
run-20260903T230838Z-4891f68f,1,362,340,13,1788476919.157090,5867921000000,i01-g000013-n000000340,i01-g000006-n000000170;i01-g000009-n000000230;i01-g000006-n000000164;i01-g000010-n000000248,de_trial,110.51391477350317,,,,,real_vector,c6c2d99c1fa535adc61cfe3a4b4947a7,uP6DRTeFBsAUxSBudJvfv26a5T6yU8y/rCwYDlMKAMAAN9cTYpPTv7ZcK1dxYvW/ZXeGOUm17r8gzNyXM8rYvypY6o0isPy/tC3OhvjC678=,compact,4,10,,
run-20260903T230838Z-4891f68f,1,363,341,13,1788476919.157090,5867921000000,i01-g000013-n000000341,i01-g000011-n000000291;i01-g000012-n000000306;i01-g000003-n000000096;i01-g000009-n000000244,de_trial,111.39639677736749,,,,,real_vector,ed941ad5fc070fde274ce0eba7722cab,5DsvvQkn/r8ShKVGQyHRv8T9aOPMndU/qd5FdCIp8b8hpFuCAOf+PwsGzprfxOE/9PJoa0laA8BdLgFAltD+PzDz2GIxMrw/q1HDsEKMEMA=,compact,4,10,,
run-20260903T230838Z-4891f68f,1,364,342,13,1788476919.157090,5867921000000,i01-g000013-n000000342,i01-g000010-n000000268;i01-g000012-n000000318;i01-g000004-n000000107;i01-g000003-n000000096,de_trial,110.56519736609367,,,,,real_vector,52e58efa523ff7d745fdfc11725773e8,Pdrml2fNA8BkjKgnVVIHwDAGFJsPfbq/I0bDCdMJ+L8g7Bkf8lTwPz479ABmEPY/EPQ09zds5r9oDQRpKQarP9BcgdIkfs+/HA9cQ1te6r8=,compact,4,10,,
run-20260903T230838Z-4891f68f,1,365,343,13,1788476919.157090,5867921000000,i01-g000013-n000000343,i01-g000005-n000000145;i01-g000011-n000000277;i01-g000007-n000000185;i01-g000005-n000000123,de_trial,175.7809765029129,,,,,real_vector,6dcd7053d89d15c9ea66884a5c510410,VAED1nDPCcAkRaW8d2PwP3qnBGLZXM0/hHeTj0ug0b+jAHgizicNQJWZSEt5hQNA1kFXFUAO97/AsXRD7CHCP5K40ngsiQRAxnTQCL43E8A=,compact,4,10,,
run-20260903T230838Z-4891f68f,3,176,164,6,1788476919.158092,5867921000000,i03-g000006-n000000164,i03-g000002-n000000064;i03-g000004-n000000107;i03-g000002-n000000066;i03-g000002-n000000059,de_trial,174.10657081198758,,,,,real_vector,cb2f7c513653f3b06dc062d38a0d4ffb,QVUbmd46DsBWtgV38iAAQPZF0Dg7INc/bKPliL0U+r/A6zIaoPrdP/pCrnzzvhNAFxcZ3b7b9D/1tsXcTUMSQClRvKyD+f6/cJEktKrm/b8=,compact,4,10,,
run-20260903T230838Z-4891f68f,3,177,165,6,1788476919.158092,5867921000000,i03-g000006-n000000165,i03-g000005-n000000150;i03-g000005-n000000136;i03-g000003-n000000099;i03-g000002-n000000077,de_trial,168.38040358573153,,,,,real_vector,eb392f42e38ae0efad812071d3a014dd,tCCsoI3NAMCQAvBFp90CQNAq7fEjG9q/luciny4GFEAexRSuPi0AwLxopXsIR++/nAoyzDpx9z/MZgH+r3/Nvy7bBR2z+QrAre3V61YdDMA=,compact,4,10,,
run-20260903T230838Z-4891f68f,3,178,166,6,1788476919.158092,5867921000000,i03-g000006-n000000166,i03-g000002-n000000066;i03-g000004-n000000104;i03-g000001-n000000046;i03-g000005-n000000127,de_trial,131.6206171917793,,,,,real_vector,1abbb9926542b88bf95533fccbe79c2b,JtWC98InCMBCU8qz2SLxP7lpP9kQOgFAeXzLYW1tDcD6LDG4OSUFwI1WWDVpEfa/doPI8cTE9D+0NYRqjLT1PwAKN3Kfquk/+P670azi778=,compact,4,10,,
run-20260903T230838Z-4891f68f,3,179,167,6,1788476919.158092,5867921000000,i03-g000006-n000000167,i03-g000001-n000000050;i03-g000002-n000000077;i03-g000004-n000000104;i03-g000003-n000000099,de_trial,128.98162146585025,,,,,real_vector,bb81407c156f0d98a07f69610ac0affb,4U8JElUBAMCDp4afCPIGQNjqms7+bwJAcDMyr2QyE8DeQkJLt+gMwD77yQft0N+/6AkdFLlEvb8QCJrZ8mS4v0AiSfguJghAQB6abWyPqz8=,compact,4,10,,
run-20260903T230838Z-4891f68f,3,180,168,6,1788476919.158092,5867921000000,i03-g000006-n000000168,i03-g000002-n000000076;i03-g000002-n000000064;i03-g000005-n000000151;i03-g000004-n000000107,de_trial,187.7197916375348,,,,,real_vector,91d9c5352a63668d01f63a79cb86ad2e,JKEs6bHZDcBK2VLErCcIwM/SdWF8FAxAknMlpnkT7L+K4GUBp/EEQKagZWduWOc/i1wXYVbJCcDJTs6w8n8DwLwq7dIUIt0/uNg/eYDB478=,compact,4,10,,
run-20260903T230838Z-4891f68f,3,181,169,6,1788476919.158092,5867921000000,i03-g000006-n000000169,i03-g000002-n000000077;i03-g000004-n000000107;i03-g000001-n000000051;i03-g000005-n000000146,de_trial,146.19375487734214,,,,,real_vector,c11143d5f872600e3b9b783dd8e70e58,0gauRKg7AMBx2gDicSITQGqkODlMvQHArGRNkwsZC8D62VOAY9oJwMBdjqind6y/Erw0yXwP2D8G5XdfFycJQCym3MpuIgnAeCAEWRtpAMA=,compact,4,10,,
run-20260903T230838Z-4891f68f,2,369,346,14,1788476919.158092,5867921000000,i02-g000014-n000000346,i02-g000004-n000000100;i02-g000010-n000000268;i02-g000006-n000000171;i02-g000009-n000000241,de_trial,172.98655009170736,,,,,real_vector,4a1579219575d49b3de6e81e48b3c2e6,jD7xlXtzA8CQCivR//Dvv5eI1n9CVPe/WhqdvTAiC8AIyGey9xXMP8ZOVDs9NPk/XjCqz3t8+L9U7exor3nXP8nsRXHuTQLApuClyLlXB8A=,compact,4,10,,
run-20260903T230838Z-4891f68f,2,370,347,14,1788476919.158092,5867921000000,i02-g000014-n000000347,i02-g000013-n000000342;i02-g000009-n000000241;i02-g000010-n000000269;i02-g000011-n000000280,de_trial,194.8680541189425,,,,,real_vector,3586a439f45bffb317d6c332c134496f,504xeuoEBMAVQuAyG1sSQOwPEoCSjQVA0REOCq+E+r8GgH6iMEHyv9DM4kc5B7o/Ymq06KQE0b8Ith0TKrH2v+fnlvlChhJADBq34b4p0z8=,compact,4,10,,
run-20260903T230838Z-4891f68f,2,371,348,14,1788476919.158092,5867921000000,i02-g000014-n000000348,i02-g000010-n000000248;i02-g000004-n000000100;i02-g000011-n000000280;i02-g000003-n000000087,de_trial,161.82314119523392,,,,,real_vector,b511771993497c47db033962311d5740,v/nEV/6N+r+X+0fXhEgBQKz/SlPkPfg/JF7RyBsg6z9AtCYXeRv2P2RG3IzV+f6/gtGjLDF/0r+ajjbhDh8SwN5HBOZ4bg1A2PXoY2/i7D8=,compact,4,10,,
run-20260903T230838Z-4891f68f,2,372,349,14,1788476919.158092,5867921000000,i02-g000014-n000000349,i02-g000013-n000000343;i02-g000012-n000000307;i02-g000010-n000000269;i02-g000004-n000000114,de_trial,106.58820270069852,,,,,real_vector,6a267114639292c70581a0b886cac8e3,gD7skr7Tuj/ofk/ieynJv8kutFAYUw7ApKP1216Q3z+OWEY7tALzv/IGTO7tyAnASsw5/q6iAMA7whL/pY/xv9JOVyWvXAfAfMbehvjE5z8=,compact,4,10,,
run-20260903T230838Z-4891f68f,2,373,350,14,1788476919.158092,5867921000000,i02-g000014-n000000350,i02-g000013-n000000324;i02-g000004-n000000100;i02-g000011-n000000280;i02-g000010-n000000269,de_trial,135.124850478694,,,,,real_vector,27624102b5f523f0a13046ebe3235c7b,PpvCL4sf8b9g+0ZNW5jQP2LliQ0DRwlAJAyGyBwfCUBXijsfxQ39P3BAdFFbOg3Aij4dWOfb0r9UNuTILAwTwOA/+vdAGPM/iCSBDfNf7D8=,compact,4,10,,
run-20260903T230838Z-4891f68f,2,374,351,14,1788476919.158092,5867921000000,i02-g000014-n000000351,i02-g000006-n000000170;i02-g000007-n000000183;i02-g000010-n000000268;i02-g000012-n000000307,de_trial,152.85705826697685,,,,,real_vector,c5c7479c298bebe2b960513e88d45f1b,USGtI7kj+b/yjSWfFzUHQHhcolC3gApAZBxfYjeOBcBbyrLnfsEFQPBp3/s0gsw/QrNyn1xOAEAP7iCJpDj2v40SMMxPf/I/fKfiIM+N+j8=,compact,4,10,,
run-20260903T230838Z-4891f68f,1,367,344,14,1788476919.159091,5867937000000,i01-g000014-n000000344,i01-g000010-n000000246;i01-g000010-n000000248;i01-g000009-n000000244;i01-g000011-n000000275,de_trial,246.5059889224841,,,,,real_vector,f6b514930b5f3000ae3dbab47762bcca,emREpHlT5L9yF1m13LoLQIjth06hJ/k/KLj9Sq3aAMDdkY3PJNERQGMdyVoQtta/2h5M2e4ZBMBgRLb6KH/OP9h+1Fr0RRLAiBmlf7iwEcA=,compact,4,10,,
run-20260903T230838Z-4891f68f,1,368,345,14,1788476919.159091,5867937000000,i01-g000014-n000000345,i01-g000005-n000000123;i01-g000004-n000000107;i01-g000012-n000000311;i01-g000011-n000000291,de_trial,116.14609509712182,,,,,real_vector,18e3e23dd7a4cd937aa63315765ddb9e,VTlg9lnjAcDWk5S1wZ0JwO+MnP+KCAvA7LanhXdh87++61eyszDwPyYkstmMyPE/WjfCpcFo9L96zlgJFW7Sv3AOEz4iB+g/WJDlCdud8r8=,compact,4,10,,
run-20260903T230838Z-4891f68f,3,182,170,6,1788476919.158092,5867921000000,i03-g000006-n000000170,i03-g000002-n000000070;i03-g000004-n000000104;i03-g000001-n000000035;i03-g000004-n000000107,de_trial,148.78528399507127,,,,,real_vector,a38c89f9f17ae21fc1afb62b3bba1dbf,WDdhjlae/7+vyhPSDvwDQD4klAKcidQ/qNCA3CTyC8BwVByh58/yvwv862MU/QbAFlqexwTFCUBIWn70mBoIwGecBN4J1Pw/MpBUBxwi9T8=,compact,4,10,,
run-20260903T230838Z-4891f68f,3,183,171,6,1788476919.159091,5867937000000,i03-g000006-n000000171,i03-g000005-n000000151;i03-g000002-n000000059;i03-g000001-n000000035;i03-g000001-n000000050,de_trial,135.39179137685466,,,,,real_vector,c5bead8832cade3a0d086e35c7d3886b,/f7/PQMx9j9xO045Z2gQwIi0U9Uferk/gh+9mL6bEEDA5dhYWrC7v/wkhtf5zc2/Hq4YSq2OCkCw30ufkKsQwF2xfynrmAbABvnUTvV07r8=,compact,4,10,,
run-20260903T230838Z-4891f68f,3,184,172,6,1788476919.159091,5867937000000,i03-g000006-n000000172,i03-g000005-n000000146;i03-g000005-n000000150;i03-g000003-n000000101;i03-g000004-n000000104,de_trial,135.24889135622468,,,,,real_vector,8bf2b1ad284fde656c8f47a830bee857,plpBwxjI5j+1kkUB0SX+v/3EG35fBwBAnFZJoNOR3781ZbwdCon2P7izzBwWp/e/MfNObp07BEC0UWGm0M0AwDD98od0HOo/mP8s82wa6D8=,compact,4,10,,
run-20260903T230838Z-4891f68f,3,185,173,6,1788476919.159091,5867937000000,i03-g000006-n000000173,i03-g000003-n000000099;i03-g000002-n000000066;i03-g000001-n000000035;i03-g000004-n000000104,de_trial,154.996499351644,,,,,real_vector,7775022faa1cd0ed8aec8d456784496d,JzpnYhws9784puaUBZr8P7AUc58/qu+/aJGm/BnL+z9uQC9k2vYEQAXCCcHISQ9AHa4fGvh1EEC1hAzCS1cQwFzCPsRBEQXAsBteZ8h08j8=,compact,4,10,,
run-20260903T230838Z-4891f68f,3,186,174,6,1788476919.159091,5867937000000,i03-g000006-n000000174,i03-g000001-n000000046;i03-g000004-n000000104;i03-g000002-n000000077;i03-g000002-n000000059,de_trial,140.5902687359832,,,,,real_vector,ed1e000ee1797670be68614dfc90fa18,Nl/lzrOsD8D8DF6PoXDiP5gzFr6M+PI/sOI4NC0dB8AG364sEKIOwCJU+7Q/o+W/mVE+nGW96D9pDksdmq0EQGZJvifOFRBAQEI5gE4XuL8=,compact,4,10,,
run-20260903T230838Z-4891f68f,3,187,175,6,1788476919.159091,5867937000000,i03-g000006-n000000175,i03-g000003-n000000101;i03-g000005-n000000127;i03-g000001-n000000048;i03-g000005-n000000146,de_trial,162.4879293065053,,,,,real_vector,1611c58b33e7f15abbc55d161138951f,XOU+3Z/b3L8j58vVTmIOQMhozMK+7sC/EjwPzh/U9793PSjjVV/7v+S0lwhGx96/yPIm/fFDxb8U4rK5dHzYP0X5/49yquM//43MV/bw+T8=,compact,4,10,,
run-20260903T230838Z-4891f68f,1,369,346,14,1788476919.159091,5867937000000,i01-g000014-n000000346,i01-g000010-n000000248;i01-g000005-n000000123;i01-g000011-n000000275;i01-g000007-n000000191,de_trial,118.00065584582885,,,,,real_vector,bdc8cfe17f8e0e580b3c99e4dbed503a,sc3kuCh9C8Ci65xaTLsEwAczDp32wek/9HbmyLUiEEDAzUpqCJqtv8pZ2bb8lfG/Ssw5/q6iAMAgl1Rfmabxv1hs9dDIEMw/p0XWp+RFEEA=,compact,4,10,,
run-20260903T230838Z-4891f68f,1,370,347,14,1788476919.159596,5867937000000,i01-g000014-n000000347,i01-g000009-n000000245;i01-g000003-n000000096;i01-g000012-n000000319;i01-g000011-n000000275,de_trial,157.84586806025484,,,,,real_vector,7795890a726f34944ab7d2260d9b844a,1EivT85DB8AsrXTYJLD7PwjszhxbWN4/dcYKzGkf+L9a4ZtKRMUIQMBDl6WOgAFA9n7SrnoK67/00526fd/5P6w5y74VvQHAdFjCXW1zC8A=,compact,4,10,,
run-20260903T230838Z-4891f68f,1,371,348,14,1788476919.159596,5867937000000,i01-g000014-n000000348,i01-g000012-n000000319;i01-g000003-n000000096;i01-g000012-n000000306;i01-g000007-n000000191,de_trial,133.96662354193853,,,,,real_vector,ba4fa0b242c33da7c83bd2e70901e6f1,I6YbyiKQBsCVAHwnt2zQP7IaDtV7lwNAAGjaGHOpXb94jqM5B9QPQNwQqEIDUMY/MZOELeODCMAQSxU6UeOnP9Delo799RDAtRWd2d/eDcA=,compact,4,10,,
run-20260903T230838Z-4891f68f,2,375,352,14,1788476919.158092,5867921000000,i02-g000014-n000000352,i02-g000006-n000000171;i02-g000013-n000000324;i02-g000013-n000000338;i02-g000009-n000000241,de_trial,114.85170725283217,,,,,real_vector,79da0ac006eca89edd31fceaf3dc136f,APmJO9cbdr+gSu9dlymsP7K/eeyFEApAkkbTExAe0b+cHrwHV//bP5YjaLQplf0/RKCxXz0H0b96zx3yvYvfP2jFKlIkZwDAQ03ems9J+j8=,compact,4,10,,
run-20260903T230838Z-4891f68f,2,376,353,14,1788476919.158092,5867921000000,i02-g000014-n000000353,i02-g000010-n000000253;i02-g000013-n000000338;i02-g000004-n000000100;i02-g000004-n000000114,de_trial,143.21544455226496,,,,,real_vector,249da80f4727dcf7bdda2dcda51cda55,doQhOVra9b8vtVMLKPPqv9ZLaWSmut4/uj08/qF2A0B84KvFwGXvvxKJMrx7AwrAeptyVxySB8CyOWssbSwQwH18EWEPC/G/2BgHubZcA0A=,compact,4,10,,
run-20260903T230838Z-4891f68f,2,377,354,14,1788476919.159091,5867937000000,i02-g000014-n000000354,i02-g000011-n000000280;i02-g000012-n000000307;i02-g000006-n000000170;i02-g000003-n000000072,de_trial,144.45653019171812,,,,,real_vector,4cf212d15aa0fa22b60a6965fa00278c,OKtuARAf1L9qiio5pMnkPxt7kg1q7/y/nqB8YiAO57/UNiKGiJ8FwNIj3Lt8UgXAtT1/Ivw65D8EQMD1/V3nv/wcxPC0IOI/EIi1CYXItL8=,compact,4,10,,
run-20260903T230838Z-4891f68f,2,378,355,14,1788476919.159091,5867937000000,i02-g000014-n000000355,i02-g000007-n000000183;i02-g000013-n000000324;i02-g000001-n000000046;i02-g000004-n000000100,de_trial,71.60367570484057,,,,1,real_vector,4e21d414080aa0485da11b824cac0cf5,"[-0.1981565612573961,2.1444769964416492,3.087068684444837,-2.3238967216849082,0.8180669778688835,0.13148863491273077,-0.9701428147579967,1.9592977512504888,-1.9184986140875337,1.9022316370148942]",full,4,10,,
run-20260903T230838Z-4891f68f,2,379,356,14,1788476919.159091,5867937000000,i02-g000014-n000000356,i02-g000012-n000000306;i02-g000005-n000000141;i02-g000010-n000000248;i02-g000010-n000000269,de_trial,111.45524642496831,,,,,real_vector,6eb02b49ec45a357651e98d64be7e7d8,SxxuTndXDUCgusDxlwHovwicuQd63gLAsJ9Gtq6Y+z/Qtbm9f5LCP0cbYl6WDABAmxJZvOeZ8r+UaW8LMqIHwNh57gBiDeg/4AHogS3nvL8=,compact,4,10,,
run-20260903T230838Z-4891f68f,2,380,357,14,1788476919.159091,5867937000000,i02-g000014-n000000357,i02-g000012-n000000307;i02-g000013-n000000324;i02-g000005-n000000141;i02-g000003-n000000072,de_trial,115.84678535089017,,,,,real_vector,5a265ac1f82cca7ca4d86045469eca91,LkJMxG6v8D+m7xT6vLflv95TLZ5mSghA5MQPIx2b9b+0Kcw/ttrEv6ZxBVVWXtO/0NsATtHdAUB1AsPxGwwBwIKTHC4h7gNAeAEoFPlcyL8=,compact,4,10,,
run-20260903T230838Z-4891f68f,2,381,358,14,1788476919.159596,5867937000000,i02-g000014-n000000358,i02-g000010-n000000268;i02-g000010-n000000248;i02-g000011-n000000280;i02-g000006-n000000171,de_trial,155.02516407958825,,,,,real_vector,1e15c345e44c3806a91b23abaef74ddf,rE4q7TsAC0A+eKIQ+VbJv7oYvk79EPO/DBQhLVZ96z8NX23HtenuP/Jwrk0TDAzA+Z826aAF5T984DnThLH3P2PdIjsHwgfA4IsnWCPICkA=,compact,4,10,,
run-20260903T230838Z-4891f68f,2,382,359,14,1788476919.159596,5867937000000,i02-g000014-n000000359,i02-g000003-n000000087;i02-g000010-n000000253;i02-g000001-n000000046;i02-g000009-n000000243,de_trial,149.16368169628095,,,,,real_vector,6c0fe4c1ea996be4764fc73a359fd132,xP1U2kaU5r9I1fLKMDHcv47JKjHHl/u/CFW9ccF++D+ZhpO7ZaMEQJS0h40CvvO/1wVZ+aFB8T8fVgrGLgUAQJqODaawKeU/KvdfNW7WAkA=,compact,4,10,,
run-20260903T230838Z-4891f68f,2,383,360,14,1788476919.159596,5867937000000,i02-g000014-n000000360,i02-g000004-n000000114;i02-g000013-n000000338;i02-g000006-n000000164;i02-g000003-n000000072,de_trial,113.02018916076017,,,,,real_vector,d7394652cf8f708249cb9cc1d8f69d65,/DGCXMgC7D9WSmnQW2PWv9fJBS3fNf4/sOcOnbm19b9IXhIw3TQAQAgphKBGeAjA/wvXT/hM+7/gD12Xrx/NvyhS7m7epue/CNWvL0Vv3D8=,compact,4,10,,
run-20260903T230838Z-4891f68f,2,384,361,14,1788476919.159596,5867937000000,i02-g000014-n000000361,i02-g000008-n000000213;i02-g000001-n000000046;i02-g000007-n000000183;i02-g000004-n000000100,de_trial,154.6116889308634,,,,,real_vector,35c49fbf74fff5d5b0885c3a463d6d6e,jq/XYHAu5L8/12NGgO4AQPob19+ZoPQ/5GzbmpMwA8B9O/WUO4wCQGzC5RfVFuq/pBIiXyEw/r/+KhR0vdDlP8opTXg2yvS/8CkM/FB1C0A=,compact,4,10,,
run-20260903T230838Z-4891f68f,2,385,362,14,1788476919.159596,5867937000000,i02-g000014-n000000362,i02-g000006-n000000164;i02-g000013-n000000343;i02-g000006-n000000170;i02-g000009-n000000243,de_trial,159.40773320878333,,,,,real_vector,7cc399073ce70a09a0ca000b54a326c7,6iauOfZY4j8siWLSrBYAQAfHGM6V/Pc/pWdezhwm9781QVXXyb0PQDYR5sPGfvO/OXl5VthvCMDjySUCyr31P+2ZZoQ0mArA0WhpBzjGAcA=,compact,4,10,,
run-20260903T230838Z-4891f68f,2,386,363,14,1788476919.159596,5867937000000,i02-g000014-n000000363,i02-g000005-n000000141;i02-g000013-n000000338;i02-g000006-n000000164;i02-g000012-n000000307,de_trial,80.25871420222124,,,,,real_vector,6528d5c699a71cfb090cb232dfcc4dfe,4o1WZLWa6D/Yowv/9Je8PyE5IjpFCgZAcEYfHJiIvD/0UmdP1zTsv4A1H6bOFbK/0HHoNO3ZBsDQfpEqiVTmP2PaZBiuAPW/kn16J8mi8T8=,compact,4,10,,
run-20260903T230838Z-4891f68f,2,387,364,14,1788476919.159596,5867937000000,i02-g000014-n000000364,i02-g000013-n000000338;i02-g000006-n000000170;i02-g000013-n000000324;i02-g000001-n000000046,de_trial,119.03634819808104,,,,,real_vector,d02e2468dd5fa4ef4de893fd30a058b9,OrXV6jaX87+GZy824zEFQOQUwXOg0vY/QjZ9zq6DCsBlOa/a9wgJwCDsEu+9YPA/vC4z3Egp6z+J3UJleivxvwKdfkz3Gv8/tqZVIHnq1D8=,compact,4,10,,
run-20260903T230838Z-4891f68f,2,388,365,14,1788476919.159596,5867937000000,i02-g000014-n000000365,i02-g000009-n000000241;i02-g000003-n000000072;i02-g000013-n000000343;i02-g000013-n000000338,de_trial,125.76958543179465,,,,,real_vector,09e410242a99916880b7759846927694,gNB2Fhpc8r996c9MZfz6PzDyTxU6w/W/YKKHZPQR1j8ATw0TZ2irv397233HWQxA0GWm/zIS7L8Uyd+uWtz9PxwzGIEeOAFAyO8+tjjK478=,compact,4,10,,
run-20260903T230838Z-4891f68f,2,389,366,14,1788476919.159596,5867937000000,i02-g000014-n000000366,i02-g000001-n000000046;i02-g000013-n000000343;i02-g000006-n000000171;i02-g000003-n000000072,de_trial,162.78704955680823,,,,,real_vector,44493732fe7dcad11e2d1d41dce386d5,grzkKiER9784aKIWJAz3P7wl0GpJPe4/VajlDeIZBcBhTvI+T/4EQPDR3/N56/G/spr3HCfc+L9SBQjja9Dlv6AV1jtf2t2/xJioPIKeCMA=,compact,4,10,,
run-20260903T230838Z-4891f68f,2,390,367,14,1788476919.159596,5867937000000,i02-g000014-n000000367,i02-g000009-n000000243;i02-g000003-n000000072;i02-g000004-n000000100;i02-g000006-n000000170,de_trial,149.88374841191205,,,,,real_vector,bc3c21d0884b274016cfa3463ad3e0aa,gA/CR3vo4T9cJMknA8PLv77qX9+KWfO/DcgvrhyjDUBkwF3GBerdP5hlpbDibfo/QWhY/8M9+b/kNGiC9gDuvxScyrWonQHAsoaHrdV29D8=,compact,4,10,,
run-20260903T230838Z-4891f68f,1,372,349,14,1788476919.159596,5867937000000,i01-g000014-n000000349,i01-g000011-n000000275;i01-g000011-n000000291;i01-g000004-n000000107;i01-g000011-n000000277,de_trial,148.8898919746268,,,,,real_vector,ec31082a36c60f9bd829a9c7acc82427,6gQMxfP/+7/IMnvn7xMAQDgxY4z5ldM/gMbd2gzXDMD8dxORJ6EMwPr5xX7TnN4/96p0hDre4L8WB2wq+6vuP9LIlK6bN+8/qCzwJAARCUA=,compact,4,10,,
run-20260903T230838Z-4891f68f,1,373,350,14,1788476919.159596,5867937000000,i01-g000014-n000000350,i01-g000008-n000000202;i01-g000004-n000000109;i01-g000011-n000000277;i01-g000013-n000000333,de_trial,177.6779133484995,,,,,real_vector,fc79ac47030008ec635bc48a4994cb7e,ZovGGXzv+b//lN95qqgEQChRRIPpNc6/2Hy72SYT/r+pAxOEMmYCQGRKupQl0+E/1Q5SkEKrBMCYYr0COZoBQCxkJ40k1/A/OoJwJP8yEsA=,compact,4,10,,
run-20260903T230838Z-4891f68f,1,374,351,14,1788476919.159596,5867937000000,i01-g000014-n000000351,i01-g000011-n000000277;i01-g000010-n000000246;i01-g000006-n000000160;i01-g000007-n000000191,de_trial,198.0689139943915,,,,,real_vector,950d9b9913f92cfdf2c13ecdcde199eb,1DU9B/6lEcDqIgT01tMNQLZB0rsZTwRAp8JqnDEwA8CPMU0v3Mb0v/F8f+KiEte/6OTY6Muv9r/w6Z9pQVCoP74RqoamMfM/kGP7BSVtCkA=,compact,4,10,,
run-20260903T230838Z-4891f68f,1,375,352,14,1788476919.159596,5867937000000,i01-g000014-n000000352,i01-g000009-n000000244;i01-g000010-n000000246;i01-g000012-n000000319;i01-g000010-n000000268,de_trial,129.96859467054782,,,,,real_vector,1c37dda5e182b1298e2350b1e31249d5,irs5A1+7DsAWDOAFvIIMQAR2VrmGbcC/XClQ9QYNCcB4ZF/uMsjRPy3v6rd5cPY/zUbN8SAH9L/+flxlmRcAQISSQ652DQhAoGISRyo8xz8=,compact,4,10,,
run-20260903T230838Z-4891f68f,1,376,353,14,1788476919.159596,5867937000000,i01-g000014-n000000353,i01-g000004-n000000107;i01-g000012-n000000306;i01-g000011-n000000291;i01-g000006-n000000170,de_trial,126.3562664346764,,,,,real_vector,2e994a7d73dd2ab2624ef57a763b7f1a,Vlu2/pqx/D/MGXlaaf/zP3QJZCDsRNI/jZXQsbjUBcB+c7uhA1jjv4ojhjsvJu6/7Np+Sz/u/r9oN7GgV1kEQHa/XnHF1QFA8P/0o7YCCMA=,compact,4,10,,
run-20260903T230838Z-4891f68f,1,377,354,14,1788476919.159596,5867937000000,i01-g000014-n000000354,i01-g000009-n000000230;i01-g000012-n000000319;i01-g000010-n000000248;i01-g000006-n000000164,de_trial,160.0852901632336,,,,,real_vector,5483fb59085a767da64a70e205b1104f,MEQ+Ia/46r9MX/05ysIAQDJ4+kZRhfO/ABiYghpev790T3F+PUILQGhtuOjlFRFA9oL6FAJ9978K2oztYmYLQEa7vYOIKus/RruaYyODAsA=,compact,4,10,,
run-20260903T230838Z-4891f68f,1,378,355,14,1788476919.159596,5867937000000,i01-g000014-n000000355,i01-g000004-n000000109;i01-g000006-n000000160;i01-g000010-n000000248;i01-g000011-n000000277,de_trial,137.13900790774613,,,,,real_vector,aff948694be2a609096d730e1a87482e,QLqADOaOuD+STEHLvdULQOvfwcRcrvc/5aYGTxqrA8DP8vxHndz7v+VfVvcAYee/UgGjrgKn7r96WNWJuMPkPzDz2GIxMrw/I9Aj5TnE/D8=,compact,4,10,,
run-20260903T230838Z-4891f68f,1,379,356,14,1788476919.159596,5867937000000,i01-g000014-n000000356,i01-g000012-n000000306;i01-g000008-n000000202;i01-g000009-n000000245;i01-g000012-n000000318,de_trial,172.14432080982857,,,,,real_vector,71b8f4c6a7c7ba6d2294b187dd4b6f02,q4DIdI0xBECPujM5zMQQwFERoGOKPhTAvOyb71g4178hpFuCAOf+PyCjX773RABA9PJoa0laA8BpnYah+ovzv1D/olUnZAdAmsLJ1yp1BMA=,compact,4,10,,
run-20260903T230838Z-4891f68f,1,380,357,14,1788476919.160918,5867937000000,i01-g000014-n000000357,i01-g000013-n000000333;i01-g000006-n000000170;i01-g000010-n000000248;i01-g000010-n000000268,de_trial,161.24763710333764,,,,,real_vector,47212c0b158757dd7844ce35b4a6217e,WmWaOfcWCMAcFiCCjqwCQE5GOlTfLPQ/R5WylUKS9b/QNxEtq+sOQGb87GjUZ+k/BcSeZejSBcDo2CmTWDyjvxLosir0pAzAp0VUEAPgE8A=,compact,4,10,,
run-20260903T230838Z-4891f68f,1,381,358,14,1788476919.160918,5867937000000,i01-g000014-n000000358,i01-g000006-n000000160;i01-g000010-n000000246;i01-g000012-n000000318;i01-g000007-n000000191,de_trial,126.95008128546938,,,,,real_vector,8da6b3ad43b8a03f12dbb043b89042de,zn2LI//LE8CC5fLd+a8BQEDgMtQ1ugRAunH0kijA579QLOwjJszzP2C6mcR7gMe/5O8rdB92/r9IgijsLT/iv/S7y4uCbe2/KsBpSFZXAUA=,compact,4,10,,
run-20260903T230838Z-4891f68f,1,382,359,14,1788476919.160918,5867937000000,i01-g000014-n000000359,i01-g000012-n000000318;i01-g000006-n000000160;i01-g000006-n000000164;i01-g000007-n000000191,de_trial,127.8820202675113,,,,,real_vector,c8a908ce40137ff3eb2c8af12306df69,KDprb2eQCcDsDqpuyV8IQLf2oLMFMgVAPGYoCbTqAMD5PImvbOr7v+6SVJuMB/W/vfyFzWtb+L8cpJ+wWLXRvwJkcuMD8fK/whF+ZIk17z8=,compact,4,10,,
run-20260903T230838Z-4891f68f,1,383,360,14,1788476919.160918,5867937000000,i01-g000014-n000000360,i01-g000003-n000000096;i01-g000006-n000000160;i01-g000010-n000000248;i01-g000012-n000000319,de_trial,117.42382508662416,,,,,real_vector,5fb46f3a2e3e60b26c02b8706d1fa992,6N5XjZw18b+WG30mingMQPYyF86GOQFAYAdDfpQXs7/hGC6llccHQLoFkew/+fO/HmS+LMMp+b8gzNyXM8rYvxDj9nFeDsG/6sjqhO0m0D8=,compact,4,10,,
run-20260903T230838Z-4891f68f,1,384,361,14,1788476919.160918,5867937000000,i01-g000014-n000000361,i01-g000012-n000000311;i01-g000013-n000000333;i01-g000012-n000000306;i01-g000007-n000000191,de_trial,122.9324296332042,,,,,real_vector,68569dbd75e852d2a936430aa1d2b56f,LLcrudRq/j/mZIYn8FznP29dBIDsiwRA0CYjTh+Xqz8y2gW3AesJQF5XU46IiOy/ew1dWY/zB8A2AuDBiNbmv+LT7JTUChTA73Jw0ZFbCMA=,compact,4,10,,
run-20260903T230838Z-4891f68f,1,385,362,14,1788476919.160918,5867937000000,i01-g000014-n000000362,i01-g000006-n000000164;i01-g000011-n000000291;i01-g000010-n000000268;i01-g000012-n000000319,de_trial,115.20134572912275,,,,,real_vector,1af6f0a048edb4b3f1ac6c6b88387458,SJSlzI1H+r82McAusnLxPwEwj1vXDgBA9htG/GRzA8D1QrWo/t8MwAYxh9OHIfK/sKmjWERE7L/unc2AOi3wv66cKh0EB/I/mmPm4w6LDkA=,compact,4,10,,
run-20260903T230838Z-4891f68f,1,386,363,14,1788476919.160918,5867937000000,i01-g000014-n000000363,i01-g000007-n000000191;i01-g000005-n000000145;i01-g000006-n000000170;i01-g000004-n000000109,de_trial,184.69605627676327,,,,,real_vector,3bf1b5eb5327072fe572f708ae652057,YNhRBGgYFMDStPZpg/EAwFwiXwmn1gJAxMlfkg2ezD9yKPkDj5rZPwTI+rFzwgRAspXk/L8++b+HjfmRd2QDwAJ+kDE7oPU/aOOvP+GQ5b8=,compact,4,10,,
run-20260903T230838Z-4891f68f,1,387,364,14,1788476919.160918,5867937000000,i01-g000014-n000000364,i01-g000006-n000000170;i01-g000005-n000000123;i01-g000008-n000000202;i01-g000013-n000000333,de_trial,144.58617489372168,,,,,real_vector,9520fdf44674d55c5d19a25e17b66f3e,7l8Ne7ZRB8BemcXuM+kJwMUBdFU2PQjA1G1kcpHk9z9GFFaE3rPwv75q+UonLeS/u7ciZ+OMAcBTVt3mKCLXvxxRhRvvYg9ApAG/2qlz9r8=,compact,4,10,,
run-20260903T230838Z-4891f68f,1,388,365,14,1788476919.160918,5867937000000,i01-g000014-n000000365,i01-g000011-n000000291;i01-g000004-n000000109;i01-g000012-n000000319;i01-g000006-n000000164,de_trial,156.63472358545917,,,,,real_vector,892dd14fac90ad13d7c5ebce3b8b9d84,Ku2MkdkM9D9YoHBB+2gIQEL+vcD1gOi/VqzSPzsE7L/1BvuxkDISQCw+wkbVKwJAzSj2sziCAsDSinfhPL4PQF6IIy+3r/4/KrMj4//eE8A=,compact,4,10,,
run-20260903T230838Z-4891f68f,1,389,366,14,1788476919.160918,5867937000000,i01-g000014-n000000366,i01-g000010-n000000268;i01-g000011-n000000291;i01-g000003-n000000096;i01-g000011-n000000275,de_trial,196.7871291410295,,,,,real_vector,675f84e4eb2bf085f6dffa1de4d4eea8,pPs8lUzpA8Dplfau82ERQLRNavsW6Pg/ERcUyENtE8BkjS8Yi+HYv/DpC3JZnug/7IdPaggA+L99BpbNTm3qv4CqADoQRdE/iCHI9kNn9r8=,compact,4,10,,
run-20260903T230838Z-4891f68f,1,390,367,14,1788476919.161918,5867937000000,i01-g000014-n000000367,i01-g000005-n000000145;i01-g000010-n000000246;i01-g000013-n000000333;i01-g000012-n000000311,de_trial,117.56664982357644,,,,,real_vector,a572ad6661ccf9fd09a6b8fcc3293af6,uMeTQYgx7b+8PxzfJQ4GQMTRVyXFTAhAyuY88LwgBcAHTf+PN673v8S5AKBdabg/RAzlgvFJ/L+rAN5347zXP0SwSQ9FPOk/GzPRy9osAEA=,compact,4,10,,
run-20260903T230838Z-4891f68f,3,190,176,7,1788476919.159596,5867937000000,i03-g000007-n000000176,i03-g000001-n000000051;i03-g000005-n000000151;i03-g000002-n000000066;i03-g000002-n000000061,de_trial,165.353721836176,,,,,real_vector,2698c4417d1b324c14b85198281c2d37,NLT4ImpNB8CfRiBPKT0LQHdqDe6DAAnAG92zBJc4+L/SwLGzZn8TQKRZUm9S//o/PLsyqCxx5T+YK+V/RAj/v5ZnrBKxDgbAwEzJZlmKCMA=,compact,4,10,,
run-20260903T230838Z-4891f68f,3,191,177,7,1788476919.159596,5867937000000,i03-g000007-n000000177,i03-g000005-n000000127;i03-g000003-n000000081;i03-g000003-n000000099;i03-g000002-n000000059,de_trial,148.7722740810027,,,,,real_vector,3f376762941b0ce5061f895e3e7e0838,NJaKNpCoCMAY3uJguhELQCRDWoC+K+w/Fc4rVoM+EMD4AqFRtOL8P7xkOOxp1vW/GzgG4ys3878CM9Hjsdz9P/Db61IwORJAeRl7s/RmAEA=,compact,4,10,,
run-20260903T230838Z-4891f68f,3,192,178,7,1788476919.160918,5867937000000,i03-g000007-n000000178,i03-g000004-n000000104;i03-g000005-n000000150;i03-g000005-n000000136;i03-g000002-n000000077,de_trial,84.39827660034352,,,,,real_vector,269834266bc0f59578e23f3e0cf97ea0,sOcfAUtwr79Gv5BgzbboP8nHX7vU6P0/MiJgFRcLBkAQni5FfMnWP6u9Zv4OfgDAKQnSxCsqD0D0YGtkS5AAwEghNUTbBOy/QJC+zFiA7D8=,compact,4,10,,
run-20260903T230838Z-4891f68f,3,193,179,7,1788476919.160918,5867937000000,i03-g000007-n000000179,i03-g000003-n000000081;i03-g000002-n000000064;i03-g000005-n000000127;i03-g000001-n000000049,de_trial,163.9854800582093,,,,,real_vector,4c056af1211655f2b3cc7205b455c1ad,2sDdoNwCDMDQRv2TvL7aPz933rG9rgxAbvDkZIEo8D+Er3yQjKTyP7LfazH27hFAYETwwMY9/7+c3AaJKpruP1n2ZnMk1gdAfrDPNftI3L8=,compact,4,10,,
run-20260903T230838Z-4891f68f,3,194,180,7,1788476919.160918,5867937000000,i03-g000007-n000000180,i03-g000001-n000000048;i03-g000005-n000000136;i03-g000001-n000000046;i03-g000004-n000000104,de_trial,96.28169941241234,,,,,real_vector,849daae58ece2e25dd01a22d6e628575,JMA5lA3a87/yeHIhgooCwEYuBskfxPw/bh0N+vRmAED1G5QZ4mAAwHTOkD6V99Q/CdKoWgcY6j/Qx/E+Rfq3Pwd3yolgVRDA+qqI4JqDAEA=,compact,4,10,,
run-20260903T230838Z-4891f68f,3,195,181,7,1788476919.160918,5867937000000,i03-g000007-n000000181,i03-g000004-n000000107;i03-g000005-n000000136;i03-g000001-n000000035;i03-g000001-n000000046,de_trial,175.75883248376766,,,,,real_vector,ea50e4ff497f238fde6912f788c5e63c,BDJ9yZcQ/7/+D95puOMRQJiqYxMGN+o/vAX5gcpNE0A00NpNmM/yv5XPqDuEU/+/RhNnpQSTB0AANJAnI4ERwGZ0cChb0QPA1dBT1hzT+78=,compact,4,10,,
run-20260903T230838Z-4891f68f,3,196,182,7,1788476919.160918,5867937000000,i03-g000007-n000000182,i03-g000003-n000000084;i03-g000002-n000000066;i03-g000005-n000000151;i03-g000005-n000000150,de_trial,128.76665945523362,,,,,real_vector,7b753bfb25a0f7d2b996ea041279e9ea,GOb2s6unCMCtn8qZlLsGQLV9V6ys6/G/eWefuUNnAMDu+W4SkosLQC7tYajVZg9A8GB5N0c86j+5xoii1EIAwLX6AICW+w/AGAf5GqZg+D8=,compact,4,10,,
run-20260903T230838Z-4891f68f,3,197,183,7,1788476919.160918,5867937000000,i03-g000007-n000000183,i03-g000002-n000000059;i03-g000005-n000000127;i03-g000002-n000000076;i03-g000001-n000000049,de_trial,155.13934756086022,,,,,real_vector,d65716e2cd62090ed98d3ab2d77fd322,eAR+C+BQ0T8Q8WYCce8JQFI9I4RQ/wtArE/kWtMBAsAg1/b5UHXLvyh6VeCmowNAja9JJdqGAUA2B2tdzEfzP/17wnJIzQlA89UqiRw4AEA=,compact,4,10,,
run-20260903T230838Z-4891f68f,3,198,184,7,1788476919.160918,5867937000000,i03-g000007-n000000184,i03-g000001-n000000049;i03-g000002-n000000070;i03-g000004-n000000104;i03-g000003-n000000099,de_trial,132.8735502109033,,,,,real_vector,c14da4c83364ee41e99ae58aaab318e0,0H0eBJqa8z9E8hmWNm3zP6Yd5drFIw7ADhyNlR13AsAKqpMt1qz3v2ojkss03O4/N9UeFEIrAkA0QHh916LYPxrxo0Y7Vey/A2Wh1p7c878=,compact,4,10,,
run-20260903T230838Z-4891f68f,3,199,185,7,1788476919.160918,5867937000000,i03-g000007-n000000185,i03-g000002-n000000061;i03-g000005-n000000150;i03-g000001-n000000050;i03-g000002-n000000066,de_trial,152.65714971883233,,,,,real_vector,7d2da1897b965ce085f690000659154a,UP8dedMruD99B/qX4pfwP/5r5KSo7AJA65uR/eWj7r9M1yrllo7WPxi8ErIsNQzAgP46y8Cmz7+2N1aYRurZv9MZjVDwlwdA1B2p5Xf1EUA=,compact,4,10,,
run-20260903T230838Z-4891f68f,3,200,186,7,1788476919.160918,5867937000000,i03-g000007-n000000186,i03-g000005-n000000136;i03-g000003-n000000099;i03-g000002-n000000076;i03-g000004-n000000104,de_trial,108.27349190687613,,,,,real_vector,8ced3abf5afa48b676fff761608de85b,R5ezwseD8L8/LtDhiGkGQEgeIfAD2vC/gJmFat8GD0BYJ+/auxYAQETgmo62aOo/6F5UjP7btj88/0zikW77Pwix/Kr8heG/dUQOJSPdA0A=,compact,4,10,,
run-20260903T230838Z-4891f68f,3,201,187,7,1788476919.160918,5867937000000,i03-g000007-n000000187,i03-g000001-n000000035;i03-g000003-n000000099;i03-g000004-n000000104;i03-g000002-n000000059,de_trial,191.75483597095402,,,,,real_vector,6e1c36a4270ca383128dd4861a2f5651,1Ny6TUYbEMCJpW/L654KQOojkdcsn/W/JiUjpLR8EsBpJeI3LEbzvwQhWMlNZN8/YJhRz7eenT8K8gCpU6wRQIZJ10z1Nf4/AiL7TfBo3j8=,compact,4,10,,
run-20260903T230838Z-4891f68f,3,202,188,7,1788476919.161918,5867937000000,i03-g000007-n000000188,i03-g000002-n000000064;i03-g000001-n000000050;i03-g000003-n000000101;i03-g000001-n000000049,de_trial,126.85434427195494,,,,,real_vector,48b9325664957c0b057cf9814b9be95b,kGyag4A9/7+7cEz1J/D6P9/lydgYdQdALj1qc4qyCcCaMg6gjQj7P+2cI0AnuOW//PsN/5cRAcCEkt+fd0j4v7DfqUcFNwBA2CVfCiaI0j8=,compact,4,10,,
run-20260903T230838Z-4891f68f,3,203,189,7,1788476919.161918,5867937000000,i03-g000007-n000000189,i03-g000005-n000000150;i03-g000003-n000000084;i03-g000005-n000000146;i03-g000004-n000000104,de_trial,102.35892795798128,,,,,real_vector,a1b6b19cce6fc2fea4b729d4e19c9b9f,wBvRvlIkp78EMbcd2g/+vxb8MHaCsf4/knMlpnkT7L9ZlVbFS2YFQGaHc9gfz/O/No+fXQYX87+QuAC8dzLNv8B+I8rSDPQ/MM1Zn/kzBEA=,compact,4,10,,
run-20260903T230838Z-4891f68f,3,204,190,7,1788476919.161918,5867937000000,i03-g000007-n000000190,i03-g000002-n000000066;i03-g000001-n000000046;i03-g000004-n000000107;i03-g000003-n000000099,de_trial,140.3393706247148,,,,,real_vector,05e007d511f28c67ee32dfa7ff72b43b,vGZYb8Km8b8gXd5rDmgNwJ4B4IikvhBAmN0Kh2QusD9LKalC1Cz2v81KI9YXkQRA1yxv8tJk4z955LYBEIYPQDCCXBziX/+/+P670azi778=,compact,4,10,,
run-20260903T230838Z-4891f68f,3,205,191,7,1788476919.161918,5867937000000,i03-g000007-n000000191,i03-g000001-n000000050;i03-g000002-n000000059;i03-g000001-n000000048;i03-g000002-n000000076,de_trial,122.2853080912605,,,,,real_vector,1933eff0a805e5a3ac32d0d753b3f90a,KLoJ6qXuxj/ZxA6KTAIJwASy1ehAh+g/mFsbHqqfB0Bsj2f/eG3TPzrUCxw0Lee/ABih3XElCMABYrvXOBYFwHmLKCXMfgXApVR8kH5F/r8=,compact,4,10,,
run-20260903T230838Z-4891f68f,3,206,192,7,1788476919.161918,5867937000000,i03-g000007-n000000192,i03-g000002-n000000076;i03-g000005-n000000136;i03-g000002-n000000077;i03-g000003-n000000081,de_trial,180.0490285774996,,,,,real_vector,c147ee82cbcbb6ae7828e74ba1e7edad,s8BkuVEuAcCkBegIpYALQMBrRPBIJ9Q/3Y1ZLg9pCUCV1nM0GPYTwIgQZ/H7u88/wJm8MbzeBUD+kxfi5tfQv9ZzZDzzhwnALrsUFhg9C8A=,compact,4,10,,
run-20260903T230838Z-4891f68f,3,207,193,7,1788476919.161918,5867937000000,i03-g000007-n000000193,i03-g000002-n000000077;i03-g000001-n000000051;i03-g000001-n000000049;i03-g000002-n000000061,de_trial,107.04573095571469,,,,,real_vector,218eea40e4809cea7e2c7f10ecc5bcb0,H8vajD6/C8B8qKM8VlTYvzzGpw0QK/A/WNc2j8S0BkBYjl/YL2fHv0ifIy2v1BDAzeIqtIgR8b++m5Y5SiPrP16IIy+3r/4/eumCq7z37z8=,compact,4,10,,
run-20260903T230838Z-4891f68f,3,208,194,7,1788476919.161918,5867937000000,i03-g000007-n000000194,i03-g000002-n000000070;i03-g000003-n000000099;i03-g000005-n000000151;i03-g000001-n000000048,de_trial,138.72945549845855,,,,,real_vector,d0aacc1d242e79bbf96cd4d7bd88b3dc,fABS+fPDAsBWLFjiZEkLQHnfB6KLMf+/rNYh8NX1+r8An5VxlDWcvwDqWQWydPU/MGOUaaDSyz/JjTx6Q4ADQHB0rfi4o/K/BpfMofb5/L8=,compact,4,10,,
run-20260903T230838Z-4891f68f,3,209,195,7,1788476919.161918,5867937000000,i03-g000007-n000000195,i03-g000005-n000000151;i03-g000002-n000000077;i03-g000001-n000000046;i03-g000003-n000000101,de_trial,94.76719487439085,,,,,real_vector,78024342f2d773987b2ca7bc9d73546d,lgmsB31y/7+a2NYDud4AQGgZPQ7J1P4/E+ZatDX7AMDlCejk6s34v4j0h16Cf7q/gwcmGH3b9L8WW0u+CgPxv6qF+G4uj+M/YCv/zbnAAUA=,compact,4,10,,
run-20260903T230838Z-4891f68f,3,210,196,7,1788476919.161918,5867937000000,i03-g000007-n000000196,i03-g000005-n000000146;i03-g000003-n000000084;i03-g000003-n000000101;i03-g000001-n000000046,de_trial,146.61703953238526,,,,,real_vector,ae1efdd59fb37710c2d6f6c8029a6ab9,1t0rKbHS0z+oPZe9+m/uv0D86Xy3nbU/EuaRmBmFCsAy3Ib1D5bovyQhpGSDqdI/G27jBUp8DMDOJisyoGwKwF9TpOm0Gvm/UOIR1BwWxj8=,compact,4,10,,
run-20260903T230838Z-4891f68f,3,211,197,7,1788476919.161918,5867937000000,i03-g000007-n000000197,i03-g000003-n000000099;i03-g000003-n000000081;i03-g000002-n000000070;i03-g000002-n000000059,de_trial,141.05637514084322,,,,,real_vector,3de55ffc5539b4ba80044230dc90ad11,2oT4WCyT9L8TBLS5E7b+P7w9c8YyNu2/bCysm66LD8Du0wufoTH8P+6ZqauO8ue/xFJt0km2y7+/jC+qJUoDQJY4OAnwFg1AVHaHBsFc+j8=,compact,4,10,,
run-20260903T230838Z-4891f68f,1,392,368,15,1788476919.161918,5867937000000,i01-g000015-n000000368,i01-g000010-n000000246;i01-g000009-n000000244;i01-g000013-n000000333;i01-g000011-n000000291,de_trial,159.75611697988302,,,,,real_vector,8ab54ae01ffbff4f7be06adfc474c195,4xkp6okp8r9oOyohWqP2vzXA4UopovM/Jmgu2oLc8j/QIrw5F7fzv+JHm2sysuE/BT/+wBfqA8AQ2frnN2TuvzsMzpDLTBPA8lLG7JdzC8A=,compact,4,10,,
run-20260903T230838Z-4891f68f,1,393,369,15,1788476919.161918,5867937000000,i01-g000015-n000000369,i01-g000005-n000000123;i01-g000009-n000000244;i01-g000012-n000000306;i01-g000009-n000000230,de_trial,154.93250746579906,,,,,real_vector,da327ee4b5353cd81375bdd9ac32a205,oWZSLWg39b8+5UqOQufmvzQJ33RtAPY/UskKxxDu3D/wxgGP+bkIQEC7MmO+gOI/rquAMY2LBMCyES+ZQ7fxP0a81OBDPfO/2nRV7IWEAsA=,compact,4,10,,
run-20260903T230838Z-4891f68f,1,394,370,15,1788476919.162918,5867937000000,i01-g000015-n000000370,i01-g000010-n000000248;i01-g000013-n000000333;i01-g000004-n000000109;i01-g000006-n000000170,de_trial,133.5424928296213,,,,,real_vector,fdb52042d6193030eba360d5a9eb7d8c,p3EoIi72DkBpcpQzcw/5P8mK3VO2EOs/OG+mePMR9r+JysYgjKXoP4RyM29lz++/9TFB1FxEAcAhF3YnMSjsPzQ4P8NWAv6/xbeO1Yo4EsA=,compact,4,10,,
run-20260903T230838Z-4891f68f,1,395,371,15,1788476919.162918,5867937000000,i01-g000015-n000000371,i01-g000009-n000000245;i01-g000010-n000000268;i01-g000005-n000000123;i01-g000012-n000000318,de_trial,134.3630978000688,,,,,real_vector,d2122962a67b479b2b04ab89b1b0229a,Yp9Q0M2R4D835ABfwDMNwAAb+Ou2UIK/W7JX/0IaBECC5g1ENfXtvw700hT5lvS/nPSYve/78b/6E1ngOHzkv5YzGoYez/k/caK33SMI8T8=,compact,4,10,,
run-20260903T230838Z-4891f68f,3,212,198,7,1788476919.162918,5867937000000,i03-g000007-n000000198,i03-g000001-n000000046;i03-g000002-n000000077;i03-g000003-n000000101;i03-g000002-n000000061,de_trial,157.38941560219973,,,,,real_vector,eae39e50ae515686aa6b2ace4f82d059,DT5DgOYdE8CTPC5p+3IFQIDFpGVi7/8/8uCU9RiED8DRY8rN1qf1v9haEkWU5c2/oAo5f3JCqL8EPPhoEGvWP31FVguh8QxA4oygJKPN578=,compact,4,10,,
run-20260903T230838Z-4891f68f,3,213,199,7,1788476919.162918,5867937000000,i03-g000007-n000000199,i03-g000003-n000000101;i03-g000002-n000000059;i03-g000001-n000000051;i03-g000003-n000000081,de_trial,160.67310497750785,,,,,real_vector,4125613eea3cd464eeb70a3d584f2f99,ZNz2XoHP9j+gPKh0mrsOwOMm0O+fj/u/lqaOaDZ1EkBu+ow1XeH6v7tb30bRy/G/tDiyYaLnxr/oV1eCg7IBwHTARoSa4vI/WHt47HGI+b8=,compact,4,10,,
run-20260903T230838Z-4891f68f,1,396,372,15,1788476919.162918,5867937000000,i01-g000015-n000000372,i01-g000012-n000000319;i01-g000013-n000000333;i01-g000009-n000000245;i01-g000005-n000000145,de_trial,126.32433792724672,,,,,real_vector,b44841d33f3b19fa88cb50bca3e77f99,OdzcppfCEECqd5R6Nmzhv+BIN4RXucW/AGjaGHOpXb8sRMBLWjL+P42t7d8/p+w/9AbEDC4b+L/secmgvDa3v9atYK7xoQ/AfFzchMRODcA=,compact,4,10,,
run-20260903T230838Z-4891f68f,1,397,373,15,1788476919.162918,5867937000000,i01-g000015-n000000373,i01-g000011-n000000275;i01-g000012-n000000319;i01-g000009-n000000245;i01-g000010-n000000248,de_trial,148.98371161989613,,,,,real_vector,0680b2bd411349a5bfac4e8c01b17527,bB6Jw39A5b9H+SL8qSb6v5mMPnPLiwHA0CCezFelsj8ic4YS4yQJQDuwPmVrZwZAlqUd42LT3L8IxZPpDxAEQHaBaToKgAhAaS8ts/l19b8=,compact,4,10,,
run-20260903T230838Z-4891f68f,1,398,374,15,1788476919.162918,5867937000000,i01-g000015-n000000374,i01-g000008-n000000202;i01-g000011-n000000275;i01-g000005-n000000123;i01-g000010-n000000246,de_trial,161.65007975664565,,,,,real_vector,1ed1c1a165ce36a5d1da3e736590c32e,sDR/7eW69L8hIbijPs8SwJu80USEG+O/kY1NGRwSEkCITJhSDtjOv9i1dmeCrMA/iER6aB+lAMDzYrB/4jXzv9pK4tYEfvU/3Kb9Y4SYB0A=,compact,4,10,,
run-20260903T230838Z-4891f68f,1,399,375,15,1788476919.162918,5867937000000,i01-g000015-n000000375,i01-g000011-n000000277;i01-g000009-n000000245;i01-g000004-n000000109;i01-g000007-n000000191,de_trial,137.33598301560045,,,,,real_vector,63fbb1b6023906d3aafcc3738d003f08,5f0KthedAEBogqPO5SzvvyxtMx2Vdt8/BhUEz9OP3D/lna8CWiwIQBuijOZcBQlAGW2h59Pu/b/Yxxfbbobdv7gTlJFiQ/G/XrLGc5xEEsA=,compact,4,10,,
run-20260903T230838Z-4891f68f,1,400,376,15,1788476919.163423,5867937000000,i01-g000015-n000000376,i01-g000009-n000000244;i01-g000006-n000000160;i01-g000010-n000000268;i01-g000012-n000000319,de_trial,97.40195161432788,,,,,real_vector,9903d969c5e2c86769551e42330adf00,6I/EucBe8L82McAusnLxPwEwj1vXDgBA9htG/GRzA8D1QrWo/t8MwAYxh9OHIfK/sKmjWERE7L/unc2AOi3wv66cKh0EB/I/mmPm4w6LDkA=,compact,4,10,,
run-20260903T230838Z-4891f68f,1,401,377,15,1788476919.163423,5867937000000,i01-g000015-n000000377,i01-g000004-n000000107;i01-g000009-n000000230;i01-g000005-n000000123;i01-g000006-n000000160,de_trial,126.87228378621555,,,,,real_vector,23197ca74371a50967efee1dee323336,DHNAETPSAMC6WSUSKbb1vxq/lkxZ8eu/QAUBOTwUwT+2GNABCbACQAF34lQO/+u/I1fheXInAsBIIg7JmOz3v4LbXWcI2wHAU4RK3P3b9b8=,compact,4,10,,
run-20260903T230838Z-4891f68f,1,402,378,15,1788476919.163423,5867937000000,i01-g000015-n000000378,i01-g000009-n000000230;i01-g000006-n000000170;i01-g000006-n000000160;i01-g000010-n000000268,de_trial,160.01792347966702,,,,,real_vector,5d7ce479e4d42d176790c9b86fd4df6f,nVawTy6BD8B8oVsRz6jsP2R2qyoaDfQ/oYVubQ7JBcA6WgFY2xj3P1ycUpxCsvU/k5aME/PFAcAc1k9vZcbcPyK9fJhdlfK/KHq1nh6pC8A=,compact,4,10,,
run-20260903T230838Z-4891f68f,1,403,379,15,1788476919.163423,5867937000000,i01-g000015-n000000379,i01-g000004-n000000109;i01-g000006-n000000170;i01-g000011-n000000275;i01-g000008-n000000202,de_trial,166.19717414563053,,,,,real_vector,9343aa061fa632337ca57f4f2d1f855b,aFZuW/74DsD6LK12y44CQJ2SxPN8VwlA7GiCw3L49j+o8VkMkqMCQJrv5Uba3+s/6SuuNAqoAsDQoOxu74zdvyUl5PQZCQTAxGrYP5y48D8=,compact,4,10,,
run-20260903T230838Z-4891f68f,1,404,380,15,1788476919.163423,5867937000000,i01-g000015-n000000380,i01-g000012-n000000306;i01-g000005-n000000123;i01-g000008-n000000202;i01-g000009-n000000245,de_trial,116.8667916566727,,,,,real_vector,c704eada75fb1b158294d4892758941a,FvHHJ40FCMApyj9weNb7v8ATis5S3f+/z3e8dfPA9D/xr/+fbertv6gWz1cJHwXAMuPoGfYKBsBIDyDCpLSqv1AE+1XmUf8/lFut1j0FC0A=,compact,4,10,,
run-20260903T230838Z-4891f68f,2,392,368,15,1788476919.160918,5867937000000,i02-g000015-n000000368,i02-g000003-n000000072;i02-g000010-n000000248;i02-g000003-n000000087;i02-g000013-n000000324,de_trial,117.77684978626246,,,,,real_vector,4b783843ed34185a4aadef99e32bb742,EJU4aLzS/T9I45IWvcr8vwROk17DJBDAYP+WEqqn6z/Il4E2vxXkv1pEL0NvYgTAJlcOQjFJ0j+QHNlVj/sBQNnnl3guWQDAES9KqOdwAEA=,compact,4,10,,
run-20260903T230838Z-4891f68f,2,393,369,15,1788476919.160918,5867937000000,i02-g000015-n000000369,i02-g000010-n000000269;i02-g000012-n000000306;i02-g000013-n000000342;i02-g000003-n000000087,de_trial,225.39685098567355,,,,,real_vector,fa86d01b3706cd29a82d9ffac5fe360c,dHDExuDEC8AsY1rjh1oQQE/0t6Kh4wRArGRNkwsZC8ArXwGj8QwOQMa8DGix7OG/TtqdqlTb9L+SfYJWy9ILwPvj78poYANA3O7HtUHj/b8=,compact,4,10,,
run-20260903T230838Z-4891f68f,2,394,370,15,1788476919.160918,5867937000000,i02-g000015-n000000370,i02-g000004-n000000100;i02-g000013-n000000342;i02-g000006-n000000171;i02-g000012-n000000306,de_trial,164.3028933960396,,,,,real_vector,321b188e531a36fd81f388abff788d7c,RjTXBqNmA8A+5smOL4jyv2TGKmTxm/a/gyBsdrJoBcBAJl27gxy1P17+gJyfuPw/tCJ7vtlD1D9EAyFekOzhP6K8Eu6HYA1AE6nawepRAsA=,compact,4,10,,
run-20260903T230838Z-4891f68f,2,395,371,15,1788476919.160918,5867937000000,i02-g000015-n000000371,i02-g000013-n000000342;i02-g000013-n000000343;i02-g000013-n000000324;i02-g000006-n000000170,de_trial,133.0729370151779,,,,,real_vector,a73cddcf994c7b076f6ef6f8ffc0724d,6ZPrqwop5T9q1zIhGoL4Pyq0vbMKzgBABuzLyhPT4z+cPCAX8xIOQLAuly6xlu+/ClGhrJ3Z8r9qceAnr5/Wv7qxRd4CLw/A9fp4tpbHAMA=,compact,4,10,,
run-20260903T230838Z-4891f68f,2,396,372,15,1788476919.160918,5867937000000,i02-g000015-n000000372,i02-g000010-n000000248;i02-g000014-n000000355;i02-g000013-n000000324;i02-g000011-n000000280,de_trial,159.79167860795928,,,,,real_vector,14d17883ce8923b811f27008dc1f5d53,q+z/s1yN679AyLVtwf0KQG2aAKj/5wBAb9odHOabAsDobCMbhlzOP1Y2QeEwLfU/iAc2Ofhb4T/qimXKwXIFQECKAaAQuNq/PlUXfTG79D8=,compact,4,10,,
run-20260903T230838Z-4891f68f,2,397,373,15,1788476919.160918,5867937000000,i02-g000015-n000000373,i02-g000013-n000000343;i02-g000003-n000000072;i02-g000008-n000000213;i02-g000014-n000000355,de_trial,148.68151968217262,,,,,real_vector,729f2d30573cbf660d9e0b65e8c4ede9,ILQXvimK+T9dS3gWgmjmv8ToYacMowXAU/w84yvOBEBzW6TUlrsAwHI+ii6NLwpATqLA9VxuAcD0cZMwWCvRP/6gIaSW6QfAoLo1YSL35z8=,compact,4,10,,
run-20260903T230838Z-4891f68f,2,398,374,15,1788476919.161918,5867937000000,i02-g000015-n000000374,i02-g000013-n000000324;i02-g000004-n000000114;i02-g000012-n000000306;i02-g000010-n000000268,de_trial,150.0448855626884,,,,,real_vector,930c2ce9f7aef033c95cba7e463b07ba,7HGqnvt22r9IEHjf0qsIQHAzu3LBuAtAsKbRyflW878w3rKzDzUEQMBdyHGhpZ0/3RRtagV54T/ixrhGP4T0P9Z+XeORZBBA5Plk6hvZ7j8=,compact,4,10,,
run-20260903T230838Z-4891f68f,2,399,375,15,1788476919.161918,5867937000000,i02-g000015-n000000375,i02-g000006-n000000170;i02-g000004-n000000114;i02-g000010-n000000268;i02-g000010-n000000269,de_trial,106.11178834566677,,,,,real_vector,f6c4eb15b40d7d60e04f778a346a158d,IIzRPuUfsr/KzPbD2uPtP/kO31XNqQFARqoWe3k857/441DhVSr4Pw4ZwcLS5uM/snEdHPU90z+m5x8pPcDyP4AhEcHJWKE/cRT4Z7cz+r8=,compact,4,10,,
run-20260903T230838Z-4891f68f,2,400,376,15,1788476919.161918,5867937000000,i02-g000015-n000000376,i02-g000006-n000000171;i02-g000010-n000000268;i02-g000013-n000000343;i02-g000009-n000000243,de_trial,152.19403561732915,,,,,real_vector,61d2d0b97d1ecb974002145de4ad558b,lAcapZ6a3r9Ibu9ecoLcP8V6SxFnHdM/hriBVP32+L8a/qOEj8EAQFx1WU/WCvW/vG6KfX27BsBIrDmIm7awv+dTyt0GzBPA6tjUdjwkD8A=,compact,4,10,,
run-20260903T230838Z-4891f68f,2,401,377,15,1788476919.161918,5867937000000,i02-g000015-n000000377,i02-g000010-n000000253;i02-g000010-n000000269;i02-g000004-n000000100;i02-g000012-n000000307,de_trial,134.23521623944947,,,,,real_vector,65e08adc943c0e4d8d5c59f9b1ac3a59,oEgWE7LyDMDYR/zqAesQQJjHCodFTgdAxGppZ1GbCcCaydkHKq7vv4hJHlhRvfA/L25tm9uQ7b+Ib29GZ4vqvwDrVMc/4RJA9xRPUJXI6j8=,compact,4,10,,
run-20260903T230838Z-4891f68f,2,402,378,15,1788476919.161918,5867937000000,i02-g000015-n000000378,i02-g000011-n000000280;i02-g000010-n000000248;i02-g000009-n000000241;i02-g000010-n000000268,de_trial,167.77248347034342,,,,,real_vector,442b6b0daa7857f3ab7af0facfb9c051,PEOsDectA0Ds2VmptSrjP3BKa8tEAMi/FT3mf6Qm5j+7bR6PX07lv+coYXm5OP+/fTODPgzy9j97x2IphJr5P6zAKvANqPk/aMQ+OnIhDkA=,compact,4,10,,
run-20260903T230838Z-4891f68f,2,403,379,15,1788476919.161918,5867937000000,i02-g000015-n000000379,i02-g000014-n000000355;i02-g000011-n000000280;i02-g000010-n000000248;i02-g000008-n000000213,de_trial,143.40700646450762,,,,,real_vector,ac14c128d5b6de81d1568bfad72be378,RLmjJe9C8j8KHUqmAn7rv8v4Awih6QLAyzv51KEr9b8Sw9oS/3wAQKne4VSmaw3AeUIqkzvG9L8oIbMNS1LMP2XIroZlgQPAXDjj4+9HCUA=,compact,4,10,,
run-20260903T230838Z-4891f68f,2,404,380,15,1788476919.161918,5867937000000,i02-g000015-n000000380,i02-g000012-n000000306;i02-g000013-n000000343;i02-g000009-n000000243;i02-g000003-n000000072,de_trial,121.8462799040244,,,,,real_vector,147a7a32c62ac2970e37730f34ee1806,Ie4tqwjg/798SJBnxeEKQJr1LoDCNfo/PyIZwZ1F/b/URd2evBzqP06KyyVR4PG/OiLWupsY4L9ElAFDQST+vwC8yvxEHpK/7GVYCsCgA8A=,compact,4,10,,
run-20260903T230838Z-4891f68f,2,405,381,15,1788476919.161918,5867937000000,i02-g000015-n000000381,i02-g000012-n000000307;i02-g000003-n000000087;i02-g000008-n000000213;i02-g000004-n000000114,de_trial,157.4691250764483,,,,,real_vector,a07e741e4f12ed355c9fddd2df4f8d97,gMI/ZdJ6ob9ONKieSt/7v63z/QYxHRLAFMkWtcP0AUDvG6jEAh4TwJ48aC5svQfAqo2vQIAk+7/oXeXCwlzqvwLJiI8YzRPAhE79byap7j8=,compact,4,10,,
run-20260903T230838Z-4891f68f,2,406,382,15,1788476919.161918,5867937000000,i02-g000015-n000000382,i02-g000010-n000000268;i02-g000003-n000000087;i02-g000011-n000000280;i02-g000010-n000000269,de_trial,219.22982872067024,,,,,real_vector,d7d1c3ccd916c398bb95bdf70138df94,2JyC4S7H5D+KkpABufYEwICRepQ2U8e/AHAyTKWnA0AkzgZ0E2PXP9FFUMDB9RHAtihxpr3C9b/H5ROEOwzivxR+tsYC/AzAJ3xBOE3+9z8=,compact,4,10,,
run-20260903T230838Z-4891f68f,2,407,383,15,1788476919.162918,5867937000000,i02-g000015-n000000383,i02-g000003-n000000087;i02-g000006-n000000170;i02-g000004-n000000100;i02-g000013-n000000342,de_trial,173.44592329223835,,,,,real_vector,7cafa34c2522f1a8680c1e07670e4622,Z/w6zGa9AMCMfYpU8okLQHqCNap36/g/jFYn3fAj9r/N3exLQbLzv26sRH9UiNq/3FAXSXU9zb+M30aKitvgvwzG0YagRBNAzNd4hAoYAUA=,compact,4,10,,
run-20260903T230838Z-4891f68f,2,408,384,15,1788476919.162918,5867937000000,i02-g000015-n000000384,i02-g000004-n000000114;i02-g000004-n000000100;i02-g000003-n000000087;i02-g000006-n000000170,de_trial,128.91362145975546,,,,,real_vector,4c34e79fe2e1a1ea949bc4f35e295cab,Cwqs5dJe/b8gbTUw+M2zP0knVY6jf/K/pKr9tdaxEEAxnsP8FerkPwKLMovxFQ7AhP2pAF+g3D9S3TfIlS0QwGYpFwhf/PI/uEBXQxeMyj8=,compact,4,10,,
run-20260903T230838Z-4891f68f,2,409,385,15,1788476919.162918,5867937000000,i02-g000015-n000000385,i02-g000008-n000000213;i02-g000003-n000000087;i02-g000012-n000000306;i02-g000014-n000000355,de_trial,132.3791475876788,,,,,real_vector,e4b6e3bdd503280819dc2325a915c29d,PE8ALyUhAMAQF6n/RjrYv9jUMeNXZRDAoNA2fMge9z9QESSXi5Lfv6lqXphPWw/AlHSla/3J8r+IB9mrZY7Sv46kFwB11fG/EGqIrOm50L8=,compact,4,10,,
run-20260903T230838Z-4891f68f,2,410,386,15,1788476919.162918,5867937000000,i02-g000015-n000000386,i02-g000006-n000000164;i02-g000012-n000000306;i02-g000010-n000000269;i02-g000013-n000000338,de_trial,123.12867744956488,,,,,real_vector,5e30db121fc6816b01b8837fbfaa7617,5NcVShsqB0B+ldSdrEkUQNb/OhtV0O0/Mh1FkMhwD8BAB37ROkTbP+Auugh0Y+m/0lh7TGBZ0L/eLymdJrH8vw6U1q5W1Q5AKJBS+B4G8L8=,compact,4,10,,
run-20260903T230838Z-4891f68f,2,411,387,15,1788476919.162918,5867937000000,i02-g000015-n000000387,i02-g000014-n000000363;i02-g000009-n000000241;i02-g000012-n000000306;i02-g000004-n000000100,de_trial,182.0796676808448,,,,,real_vector,8ba2dc3e51fed5e01a781a6461d7f0bb,uXDmG3GD9b+1tvYr6M0LQB6sECVaf/U/WrZFjYUHAsCOgYwke+H3P552GvbCYPe/jCDPlYje+b+RcIki6Wb9v1Kx17/UuvQ/DOniU/uM5j8=,compact,4,10,,
run-20260903T230838Z-4891f68f,2,412,388,15,1788476919.162918,5867937000000,i02-g000015-n000000388,i02-g000013-n000000338;i02-g000010-n000000248;i02-g000003-n000000072;i02-g000013-n000000342,de_trial,142.8177956494307,,,,,real_vector,485a287355db4d59b2023f7bd88879b3,4H4jrkkoxL9HvCuMLdfmv4NMV5vuHfa/XQHSq2/T9j84aJTmP9XzvzT3qGXT0tE/5Fucay6e5z/nT2RFk9cLQL6K+HEPMvC/vO3czatXEEA=,compact,4,10,,
run-20260903T230838Z-4891f68f,2,413,389,15,1788476919.163423,5867937000000,i02-g000015-n000000389,i02-g000009-n000000241;i02-g000014-n000000363;i02-g000013-n000000342;i02-g000004-n000000100,de_trial,107.68153017171703,,,,,real_vector,2321c76456d67dedad1d866d00851c26,tgfkGj1C7z/ck2Rr2IDbvwJb22sRqgFAZX6xx5xF/r9EgJ2qlWjCv5J1rAVQxuw/KW5sOtqODcCGvpt715QAQI4aIkHe2BDAoDB9L9ZNxb8=,compact,4,10,,
run-20260903T230838Z-4891f68f,2,414,390,15,1788476919.163423,5867937000000,i02-g000015-n000000390,i02-g000001-n000000046;i02-g000003-n000000072;i02-g000011-n000000280;i02-g000009-n000000241,de_trial,145.89821937944484,,,,,real_vector,6e3cef9fadb1bc631c796334918aa15e,nsdH7Ekh/b+NPAeBLln3v9fAkMRE3wXA5jT9r8646j/SNrz/b97Xv6n2WLFf+wJAIJeHuJXNB8AUPMNqomkAQJ0fgUPn1gTA49NMTjW9AUA=,compact,4,10,,
run-20260903T230838Z-4891f68f,2,415,391,15,1788476919.163423,5867937000000,i02-g000015-n000000391,i02-g000009-n000000243;i02-g000013-n000000342;i02-g000006-n000000164;i02-g000004-n000000114,de_trial,200.79286755162838,,,,,real_vector,30f8b5b7b990af49134b3ca24ff8d1b7,UO4hE6LU4b+KyjMkRwHiP7R/IK3uPfu/0rRpwqJK/L/QJc+lqszkv9xA9/d5G9q/yrdcmJuy+L+Eg02gWrjiv4pnldSgeQzAomIYCgymCsA=,compact,4,10,,
run-20260903T230838Z-4891f68f,1,405,381,15,1788476919.163423,5867937000000,i01-g000015-n000000381,i01-g000013-n000000333;i01-g000006-n000000170;i01-g000011-n000000277;i01-g000009-n000000230,de_trial,113.36989488517023,,,,,real_vector,1cdf559eec9fc406344aeb101028fd0f,pgM6IqGZD8BcLrb/wSXDv9WCulG0/vM/PjDrxD0s7L+G+miOohwJQNwoXihuZf8/bMlVqcMOBMAY+x38XvDRP5LEmzYOxf2/cXNx25oGAsA=,compact,4,10,,
run-20260903T230838Z-4891f68f,1,406,382,15,1788476919.163423,5867937000000,i01-g000015-n000000382,i01-g000006-n000000160;i01-g000007-n000000191;i01-g000010-n000000268;i01-g000005-n000000145,de_trial,130.57819742658964,,,,,real_vector,e8e496a42982522a1471811df4ba0f59,jjmWqjPMA0Cl/HCsX30AwMkPwVYYkQfARFx1vDCT/b/+RAuubMsAwCCkrgo6Ata/iPMdaihExT8rZ4d1onX0P6CkFYLpuQNA6BMWWsMhEEA=,compact,4,10,,
run-20260903T230838Z-4891f68f,1,407,383,15,1788476919.163423,5867937000000,i01-g000015-n000000383,i01-g000012-n000000318;i01-g000005-n000000145;i01-g000013-n000000333;i01-g000006-n000000160,de_trial,94.03573331525293,,,,,real_vector,3aecd26cc4ea18f1bd0332ccaa1185db,H6Q/xcJ78b/wzc7PKCrBvwjipin4nwBAdnVbfNJL7z9UHjvFaDH5P7WCp/ZNbfY/xUgInfi/AcDcI/2e7Eb9v6B0mYYxBLA/Hi6zxKlGEMA=,compact,4,10,,
run-20260903T230838Z-4891f68f,1,408,384,15,1788476919.163423,5867937000000,i01-g000015-n000000384,i01-g000003-n000000096;i01-g000004-n000000107;i01-g000013-n000000333;i01-g000006-n000000160,de_trial,111.86562398402648,,,,,real_vector,84643e149cd4f1997292d0e43283cf23,cFsMVBiIxb/Y6pJUmZYBwFlB1YZ5XPO/NMOPqTDU+r8Mgym4JnPoP6F0tZyg4vc/Ynxo5RdPAMAYWuwX+cmxv/yzv0cNoeW/3Fi1sxsvAsA=,compact,4,10,,
run-20260903T230838Z-4891f68f,1,409,385,15,1788476919.163423,5867937000000,i01-g000015-n000000385,i01-g000012-n000000311;i01-g000011-n000000275;i01-g000006-n000000160;i01-g000006-n000000170,de_trial,138.15655250467816,,,,,real_vector,ba87fe8ee12622656a997d8331bd5f97,AuXSU+9n879v1vXoyRj4v+DnAkdnMZ6/86grvCdU8z+yPHkaYuAHwEEc19g8dtM/FUdpprn15b+a5IetkevfvxAq7dEawghAB+hAcWcTEUA=,compact,4,10,,
run-20260903T230838Z-4891f68f,1,410,386,15,1788476919.164430,5867937000000,i01-g000015-n000000386,i01-g000014-n000000362;i01-g000008-n000000202;i01-g000011-n000000291;i01-g000009-n000000244,de_trial,155.9722724675165,,,,,real_vector,6cf0b9a26b3eda30c306c3683ad0e58e,bPpGtcmb4z8BIFNwLJn2v1N1diPuiRDA0YmhWrD//L+B3KHRtTD7vwYxh9OHIfK/+FbeYTlxub86O2j/GWbWv0kduVE2swtAbnFW4NwV5L8=,compact,4,10,,
run-20260903T230838Z-4891f68f,1,411,387,15,1788476919.164430,5867937000000,i01-g000015-n000000387,i01-g000007-n000000191;i01-g000006-n000000160;i01-g000012-n000000318;i01-g000012-n000000319,de_trial,180.43189410872907,,,,,real_vector,8fa98a20a4340d5639503be10db19b99,q3BelQdRBMBd6LVkMtkDQItpsFHAlAFAI+MUTo9jC8DK/0V4pdEEwEF/UImcTOC/tCqG2ZaF17+cc3FgR+3wPzA30hC5UsU/dxv709kX5D8=,compact,4,10,,
run-20260903T230838Z-4891f68f,1,412,388,15,1788476919.164430,5867937000000,i01-g000015-n000000388,i01-g000006-n000000170;i01-g000010-n000000246;i01-g000014-n000000362;i01-g000004-n000000107,de_trial,134.84555741866043,,,,,real_vector,71a8ccf11ac923d5c053d05f7660ecb3,Tk+vBHtxBsAOAEhycQ8GQM6tkC+rQwRAWq8GUw/R/r+CnC4uOZIEwC3v+qzWbvy/TwT1LQHV7L9w7RSjgy/jv8GHdb701P0/JKj8oe27/T8=,compact,4,10,,
run-20260903T230838Z-4891f68f,1,413,389,15,1788476919.164430,5867937000000,i01-g000015-n000000389,i01-g000011-n000000291;i01-g000012-n000000318;i01-g000009-n000000244;i01-g000008-n000000202,de_trial,147.691580010937,,,,,real_vector,ac2c97f3bca2c328dea988eed99ccd71,DdoJCWPnEcDMBkSnizj0P1nWpWoAtg1AIEBlxqZQob99oq+rZikQQMDpEQ+qXPE/eH7AD0ofBsCwTlKFOeC4vwLqmsIpnBDAtUJ30jiS878=,compact,4,10,,
run-20260903T230838Z-4891f68f,1,414,390,15,1788476919.164430,5867937000000,i01-g000015-n000000390,i01-g000010-n000000268;i01-g000009-n000000230;i01-g000009-n000000244;i01-g000010-n000000246,de_trial,150.55344988081362,,,,,real_vector,b80bfad8274d29d0078a5bc7d317b7fc,BkdtJQ36/7/wWzZNEKeovxDwAoSwI66/09s8rXk08b8Wi4wOSWAOQGgyZdVfnt8/rIjfVviF/b+x/dbHelT1v6a7mdWLkxHAyi7KK0lTEsA=,compact,4,10,,
run-20260903T230838Z-4891f68f,1,415,391,15,1788476919.164430,5867937000000,i01-g000015-n000000391,i01-g000005-n000000145;i01-g000010-n000000248;i01-g000012-n000000318;i01-g000006-n000000170,de_trial,87.07559323946921,,,,,real_vector,b32d514328b191c9a36cb80afa1fad4b,ALbdNVmLn7+SeZH2DCwAQBBmxWCaavA/xLqLOMVk5L9o0BVUDvMFQJdyogSCNOK/Ssw5/q6iAMDo1XkgmSrAv9JOVyWvXAfAU1widgY8AcA=,compact,4,10,,
run-20260903T230838Z-4891f68f,3,215,200,8,1788476919.163423,5867937000000,i03-g000008-n000000200,i03-g000001-n000000051;i03-g000002-n000000076;i03-g000001-n000000050;i03-g000001-n000000046,de_trial,131.9757071364692,,,,,real_vector,28d5641bf659a882b8d01560c4c5aa46,XurWzi/02L9bNAbUsDsSQJR60k/KROo/eQs/lf3s8L/N3exLQbLzv9bKFUSq2ATAwTDtJPsA8D+aEcj8yhgIwMtNAYiZy/4/+C3U3vn5D0A=,compact,4,10,,
run-20260903T230838Z-4891f68f,3,216,201,8,1788476919.163423,5867937000000,i03-g000008-n000000201,i03-g000005-n000000127;i03-g000003-n000000099;i03-g000002-n000000070;i03-g000003-n000000081,de_trial,165.56994616455853,,,,,real_vector,8911771e3fd71bee11a3bc3acfa4059f,zG4otcvP6784ZKIipkIUQDLtZV0fIBTA6D3pMqhp878fKzbQp3Dlv5d52Ypb1QZAkAIlsWRE3j8CnC3U9K4TQKST0kUOmwfAdhQZL7Lq2b8=,compact,4,10,,
run-20260903T230838Z-4891f68f,3,217,202,8,1788476919.163423,5867937000000,i03-g000008-n000000202,i03-g000007-n000000178;i03-g000002-n000000061;i03-g000003-n000000084;i03-g000003-n000000081,de_trial,153.8079305300546,,,,,real_vector,b3f6cfbb336b303982ab5b3a47b5b925,rNSrsQA8BEBq9mgqoE8QwA268al4ovS/Gq7AIRXvAMDChgEkR/sQwGaQCNQ6Bf0/YFtEy9wGBcD0YGtkS5AAwKS4NLB8+wfARBX+JEp+5j8=,compact,4,10,,
run-20260903T230838Z-4891f68f,3,218,203,8,1788476919.163423,5867937000000,i03-g000008-n000000203,i03-g000003-n000000081;i03-g000002-n000000059;i03-g000005-n000000146;i03-g000001-n000000049,de_trial,129.74357012222154,,,,,real_vector,47dc77aae37fc9f214a365b58fe48e83,dOPgbunR7D/sunNdKnUNwJ6TYCdcNw9A9qk+quaHAUBuRsMDCsz8P7Z7ZZpCsQFAF+UTYmIp5b9SdXiAwgP9v8C5wcwKhLO/vjbz1TvG978=,compact,4,10,,
run-20260903T230838Z-4891f68f,3,219,204,8,1788476919.164430,5867937000000,i03-g000008-n000000204,i03-g000001-n000000048;i03-g000003-n000000099;i03-g000002-n000000076;i03-g000002-n000000077,de_trial,128.98963287189585,,,,,real_vector,b76ba708649e74b8a9efede37463fc0a,6RObKbpO9b+uTP27cz8LQOFWrGbiB/C/AFKhItWAvz/T731iQbb5P0iL5Z9bfPO/4Ie1PwIA9D9SBQjja9Dlv4DIwvR+Abe/jW9p1cvH9j8=,compact,4,10,,
run-20260903T230838Z-4891f68f,3,220,205,8,1788476919.164430,5867937000000,i03-g000008-n000000205,i03-g000004-n000000107;i03-g000002-n000000064;i03-g000005-n000000127;i03-g000001-n000000049,de_trial,125.34983619762694,,,,,real_vector,d3b69e45c92bbefc84e79c3766ed300c,2sDdoNwCDMAvkS0F6QgTQM6JGgrCwQdAbvDkZIEo8D+Er3yQjKTyP1W26RBiHwdAYETwwMY9/7+c3AaJKpruP1n2ZnMk1gdAfrDPNftI3L8=,compact,4,10,,
run-20260903T230838Z-4891f68f,3,221,206,8,1788476919.164430,5867937000000,i03-g000008-n000000206,i03-g000003-n000000084;i03-g000007-n000000186;i03-g000002-n000000070;i03-g000002-n000000064,de_trial,163.68760795409577,,,,,real_vector,484e4d0cc96f32e4dbb980e6525ce85e,qRvH1KjP+D8tfM7XTMAPQL8XlSn8eQDAmKdeH5KUAkAIhh+F8v32P4KtLKzmDec/XyytpYCGAECCE2w/xt8LQCO4CcyF/P+/BYKnzqwuBEA=,compact,4,10,,
run-20260903T230838Z-4891f68f,3,222,207,8,1788476919.164430,5867937000000,i03-g000008-n000000207,i03-g000002-n000000059;i03-g000001-n000000035;i03-g000005-n000000127;i03-g000003-n000000101,de_trial,175.32622370409433,,,,,real_vector,eeb63cee370992b06325e936f736e1a7,+p4hT+A357/yDc/lNkEOQMjb/Y7Vcuy/20SGGIvKAUBXVCotoJQEQH23Ha0ZDPg/4qagFkHFC0DMG3BjL6H7v6egzHaRHwDADrQiwl2OE0A=,compact,4,10,,
run-20260903T230838Z-4891f68f,3,223,208,8,1788476919.164430,5867937000000,i03-g000008-n000000208,i03-g000001-n000000049;i03-g000005-n000000127;i03-g000004-n000000107;i03-g000005-n000000151,de_trial,144.35862151573878,,,,,real_vector,c0050ee4ba4aad00da716b320fe8e24f,eN6l0lqMw79zHkUnryoQQM5Np2nkWPc/AJKBr4/sdT9xkQvOn5wFwIL6tFBJDAlAy0h4bO746z9C0cex5TkSQMlskZeXivg/A2/DKwc58T8=,compact,4,10,,
run-20260903T230838Z-4891f68f,3,224,209,8,1788476919.164430,5867937000000,i03-g000008-n000000209,i03-g000002-n000000061;i03-g000002-n000000070;i03-g000007-n000000178;i03-g000005-n000000151,de_trial,143.09653584102236,,,,,real_vector,22a567b6b3b539f2fc35d1f4659ff8be,tuxGNayFAkCUBiUp1PbyP3EvmN+2JBDAncA9NOa1+D/yoAywk0/kv4MVsImymvA/4pqvzmiSD0CucFkbL7cJQNApvTc4xvW/U7VDeLDN8j8=,compact,4,10,,
run-20260903T230838Z-4891f68f,3,225,210,8,1788476919.164430,5867937000000,i03-g000008-n000000210,i03-g000007-n000000186;i03-g000002-n000000077;i03-g000002-n000000061;i03-g000005-n000000150,de_trial,146.43357866819213,,,,,real_vector,80a693df087b2bf78b9b4a2f11f4e673,8MCDB5+J4T/oDoWnyvfzP4AbsGeKbda/woa+x7DrD8D891ZlEcwQwPIYJeDA//A/zIkMyDw+CMDyVzJ2+uzzPwix/Kr8heG/kNyCTevN1r8=,compact,4,10,,
run-20260903T230838Z-4891f68f,3,226,211,8,1788476919.164430,5867937000000,i03-g000008-n000000211,i03-g000001-n000000035;i03-g000002-n000000070;i03-g000001-n000000046;i03-g000003-n000000084,de_trial,129.35293407288134,,,,,real_vector,1f93dace1fdd6148cfdde78492dea0e2,bjVspcQp5T8uzm7HQp76PzJadkyfKxDAJEUTo52gyb9wX78V+b3Mv6Q1ruDnzPw/tvucp+s5C0AqfUvLLXjsP4vNnqmsPPS/7hF2h5sc878=,compact,4,10,,
run-20260903T230838Z-4891f68f,3,227,212,8,1788476919.164430,5867937000000,i03-g000008-n000000212,i03-g000002-n000000064;i03-g000003-n000000081;i03-g000001-n000000050;i03-g000005-n000000151,de_trial,195.3745222006133,,,,,real_vector,e21c764571772ea3f605f55132139abb,0vbXJBtD9b9gli5g7azNP1RQH6Y6MwRAyLZiHSDh9r+w4uSE6j78P2mIRfHscgXAQP/FRLq5/L8PH66SaqLlv/K5G/UJjxJAdnLrwA6gCkA=,compact,4,10,,
run-20260903T230838Z-4891f68f,3,228,213,8,1788476919.164430,5867937000000,i03-g000008-n000000213,i03-g000005-n000000150;i03-g000001-n000000048;i03-g000003-n000000101;i03-g000003-n000000081,de_trial,122.10603855037584,,,,,real_vector,80a5eae9b4de1f69da0563a264c185cb,0mYNjed/+b9KSJZTJP33P/xulrzTB9Y/ayiJsony+b/4VStmVAHRPwZCpLzo5/C/ayaq9parAcA8WaawmYnsv8B+I8rSDPQ/iDtvMiKvwT8=,compact,4,10,,
run-20260903T230838Z-4891f68f,2,418,392,16,1788476919.164430,5867937000000,i02-g000016-n000000392,i02-g000003-n000000072;i02-g000006-n000000170;i02-g000013-n000000343;i02-g000010-n000000269,de_trial,130.74620791244905,,,,,real_vector,bb6f9a05077b0562ee8c480d52ac57a9,vLIGIjel7r/Cg9tKkrADQCaWNjfVSvA/rim4cB4ZAMCoLSqYhp7UP3CqwsvNmwdAsD1PWHMr+b9EJnjxoxjXP0QVixunCeC/tCy90HuU5L8=,compact,4,10,,
run-20260903T230838Z-4891f68f,2,419,393,16,1788476919.164430,5867937000000,i02-g000016-n000000393,i02-g000010-n000000269;i02-g000014-n000000363;i02-g000003-n000000087;i02-g000013-n000000324,de_trial,169.8129874088266,,,,,real_vector,30526a7d8f268330957ecedc17ce8a55,S8nAPjZS5T9cYl2/c8v0v1h2Sx3yy9i/rGRNkwsZC8DKq7Ml6Wf3v8bPc2sm6/W/NsNAImQbDsA5BPY4yzDmPzkyS71bkAbALtLzfKt48D8=,compact,4,10,,
run-20260903T230838Z-4891f68f,2,420,394,16,1788476919.164430,5867937000000,i02-g000016-n000000394,i02-g000004-n000000100;i02-g000010-n000000248;i02-g000010-n000000269;i02-g000001-n000000046,de_trial,121.96991863775634,,,,,real_vector,823325eabbc0bd9e785c6670bcc114b7,OL2PEhz0/j8nj0Fe0qf/PzbjLmSdr+i/tIy3GZ2v9b9lxU7+ILwAwICUmTq9Lte/mzXTftOnAUBYz9OV9SIIQEJT5gBQ9t0/hSRWqBp6+D8=,compact,4,10,,
run-20260903T230838Z-4891f68f,2,421,395,16,1788476919.164430,5867937000000,i02-g000016-n000000395,i02-g000013-n000000342;i02-g000013-n000000343;i02-g000006-n000000170;i02-g000003-n000000087,de_trial,125.47504012409397,,,,,real_vector,b7499fd755889662cb9f6bb40b2e24bd,sqqzGUHZ47+8lTBkhmEPQNJZ0ypTwAhATKN0JEdwB8BcZQtQ6HkCQDABuxOgYPI/qZ7KOBiXAMDAQnaqR/K6Pxg3gdq10tu/RruaYyODAsA=,compact,4,10,,
run-20260903T230838Z-4891f68f,2,422,396,16,1788476919.164430,5867937000000,i02-g000016-n000000396,i02-g000010-n000000248;i02-g000010-n000000269;i02-g000014-n000000363;i02-g000013-n000000342,de_trial,195.36676302178486,,,,,real_vector,6e43c3081a475551e5ba94f655aa5a9f,QIQk4vS1379SSPaQXRIEQDrUiFhE1QNAELFgDVHzxb9WarvOYxkLwPyRVNZ6S+I/QsDaFRcK/b8eW5XGTKj7Py/3gJDRmAJAAMNviQycBEA=,compact,4,10,,
run-20260903T230838Z-4891f68f,3,229,214,8,1788476919.164430,5867937000000,i03-g000008-n000000214,i03-g000002-n000000066;i03-g000007-n000000178;i03-g000005-n000000151;i03-g000003-n000000084,de_trial,152.11622546895433,,,,,real_vector,66cc06eafecc5ffe42acf99807b062e4,fIuAA/7i8r/EvDE3/fYMQDkl5hXXcfQ/3+xKmPG9BUB3lJxAJAL1P8Kw/UH/tQjAmx+TOw91FEA7JQTg6IQAwMQuC1+MBuC/sva3Ckpz8L8=,compact,4,10,,
run-20260903T230838Z-4891f68f,3,230,215,8,1788476919.164430,5867937000000,i03-g000008-n000000215,i03-g000001-n000000050;i03-g000005-n000000127;i03-g000003-n000000084;i03-g000002-n000000059,de_trial,165.2934435227164,,,,,real_vector,848681868c8a07bf93594f29c9dc3b0f,VEEhdICi3r+wNhkB15z4P/quaU5ra/A/yiTAkQkBDsAu7ehxNffzv9UMdoOL0AdAqA5/1cL9+L8S5GRwSJQGQDoCO5TyiuQ/kHnRDDiZA0A=,compact,4,10,,
run-20260903T230838Z-4891f68f,3,231,216,8,1788476919.164430,5867937000000,i03-g000008-n000000216,i03-g000002-n000000076;i03-g000001-n000000051;i03-g000005-n000000146;i03-g000007-n000000186,de_trial,99.36993236836024,,,,,real_vector,f896db5e8fb44180a5a311c72a46d091,Na++5oms5r84qbMEnzgGwCCS9FVu/vG/tgDrbwA077+YIAs03nnpv2ADmdKnlPy/ogSlOzjBAcC0cVJTbtXnP4yo9CQP7wLAQHvSyMhcnb8=,compact,4,10,,
run-20260903T230838Z-4891f68f,3,232,217,8,1788476919.164430,5867937000000,i03-g000008-n000000217,i03-g000002-n000000077;i03-g000005-n000000150;i03-g000001-n000000049;i03-g000005-n000000151,de_trial,181.6172384195871,,,,,real_vector,0972cd0108fd3b046f7883ffc0f3cddd,Gl4JvlVp4z+EdGmLB6/dP2yre+IqFN8/wjka9OMZ6T+E3UEd8ePivwsGzprfxOE/mf3eqHL/BkD+wd9wVyvXv4aMbxeBROk/TNn10VEjEkA=,compact,4,10,,
run-20260903T230838Z-4891f68f,3,233,218,8,1788476919.164430,5867937000000,i03-g000008-n000000218,i03-g000002-n000000070;i03-g000002-n000000064;i03-g000001-n000000049;i03-g000003-n000000101,de_trial,180.76039193786488,,,,,real_vector,1f789c0caa3718aaa118cc9348876793,oW9QFjiKDcDArKm2hzPWv6BG43Nchf0/hAwAUvahEUDeqOwwIsP3P3oJvVdN//o/vG5kDTfEDMAM1T2xcDvwP1rhSfZXMvO/OuyNeXxJ9D8=,compact,4,10,,
run-20260903T230838Z-4891f68f,3,234,219,8,1788476919.165939,5867937000000,i03-g000008-n000000219,i03-g000005-n000000151;i03-g000002-n000000059;i03-g000007-n000000178;i03-g000003-n000000084,de_trial,125.44148488302413,,,,,real_vector,f408cb7b537ae9a1324e059226d88972,SoT8eBV/7T/03mPrO9zrv4rzG/Q8y/Q/11aS2zP09z8grtVs8yKgPzCmds737AXAtIvazzzxDUDXKFlkWbAKwCy9AE7vPvC/z3h7ioks/L8=,compact,4,10,,
run-20260903T230838Z-4891f68f,3,235,220,8,1788476919.165939,5867937000000,i03-g000008-n000000220,i03-g000005-n000000146;i03-g000003-n000000084;i03-g000001-n000000049;i03-g000002-n000000059,de_trial,175.45987224689716,,,,,real_vector,607914972307bc2baa4adac4e0474d42,AQL41ZkJ5b+C8ulFQWILwCz48L170u+/TTdwSEe1B8B/HA2kT53mv2AQgpw7HOw/HrWNyX8jEcDSkcgLPjDhP/jBfVMMKAvAiRjQaqtPBUA=,compact,4,10,,
run-20260903T230838Z-4891f68f,3,236,221,8,1788476919.165939,5867937000000,i03-g000008-n000000221,i03-g000003-n000000099;i03-g000002-n000000077;i03-g000001-n000000035;i03-g000001-n000000048,de_trial,139.62601557239782,,,,,real_vector,aabacfe93ce9a8fa2d2e65859997e6a1,jBOZ5+4H+b/Xy16phbMQQDzD98KpUM8/28nKmLUSAsAGe5pSujj/v5Imw7ys6PA/1DWCHmTaAkC0bKRQrs/ev/JmvckDvfE/wqhLJGPF9T8=,compact,4,10,,
run-20260903T230838Z-4891f68f,3,237,222,8,1788476919.165939,5867937000000,i03-g000008-n000000222,i03-g000001-n000000046;i03-g000007-n000000178;i03-g000002-n000000059;i03-g000002-n000000066,de_trial,194.49316025410755,,,,,real_vector,9f8cab919d6c3eccbc84ad3a12c0a950,tjjYn/ZZ+D8eOPtxEMAEwMzFbnskngJAofBQ9L3JEkCg4xtD4Zv0v6TGbPNJbhDA9hRmhV5IA0DPe8HVxFwJQAgxU1IqN8K/afZthWJV5T8=,compact,4,10,,
run-20260903T230838Z-4891f68f,3,238,223,8,1788476919.165939,5867937000000,i03-g000008-n000000223,i03-g000003-n000000101;i03-g000002-n000000076;i03-g000005-n000000127;i03-g000003-n000000099,de_trial,105.60627041208764,,,,,real_vector,313ad543e2cb9f1a73b956da16a6ecba,5vBHFJDP8D9s4FHwUhnVPxm3Nn1LZAlA0r50AQJh7b8w3j9AhuTGP8FztnuLA+q/vni8UV2cCUCoD1l9zZf0v/YwQOU8zf0/OHtEhZgGCkA=,compact,4,10,,
run-20260903T230838Z-4891f68f,1,418,392,16,1788476919.165939,5867937000000,i01-g000016-n000000392,i01-g000010-n000000246;i01-g000006-n000000170;i01-g000009-n000000245;i01-g000012-n000000318,de_trial,125.08765323413125,,,,,real_vector,526ffd1287ae85beb6f8690cdff14b00,WK/1PrBT4L8pKVNij1f2vwqWl6Tbyes/FLkTYrgA0r9P2YTVLS4AQPo58X//FQNA2Dj0aboX8b9eAoUM0IXkv5pGMSudree/rAOCz7mTAcA=,compact,4,10,,
run-20260903T230838Z-4891f68f,1,419,393,16,1788476919.165939,5867937000000,i01-g000016-n000000393,i01-g000005-n000000123;i01-g000012-n000000319;i01-g000010-n000000268;i01-g000009-n000000244,de_trial,138.2534353153105,,,,,real_vector,f371b6b03732aca52cd453239ee7e8cc,EPtunMrtwL/gxc2Vxerlv2RMiqgyMfe/gq+ujdSx7z9NSzQJrsUHQGbzX3HyUANAUFrFjnyD2b8gdv5JhWIFQNJAk1UqIwFAIBoSs+ciAkA=,compact,4,10,,
run-20260903T230838Z-4891f68f,1,420,394,16,1788476919.165939,5867937000000,i01-g000016-n000000394,i01-g000010-n000000248;i01-g000011-n000000291;i01-g000003-n000000096;i01-g000015-n000000391,de_trial,105.90011055699522,,,,,real_vector,81ef776273b0ca388627fcbff81d7c33,KR9KLb7JCsBztby6fyv9P2Yz2hSD4fA/cfk0PtHYCMCDQf4KUsL/vx7JT3VhtfQ/5ZJZm/G98L9zo653EPbmP9RVvg/tvQFAc2dKpMLl8z8=,compact,4,10,,
run-20260903T230838Z-4891f68f,1,421,395,16,1788476919.165939,5867937000000,i01-g000016-n000000395,i01-g000009-n000000245;i01-g000015-n000000391;i01-g000012-n000000318;i01-g000010-n000000248,de_trial,100.4628528817142,,,,,real_vector,fa7e759ed2efa86b70c6f1b0eb909fd4,Rnk8AqDq979mGSnT1DLuPzrT92cNIfE/sBtUyLfH1r96M7cLjCnxP2xmvCyFxcU/ViTRceN4AMCK2wwUwG/Qvy69Kq2d9gTAJd2BY9t1/L8=,compact,4,10,,
run-20260903T230838Z-4891f68f,3,239,224,8,1788476919.165939,5867937000000,i03-g000008-n000000224,i02-g000014-n000000355,migration_arrival,71.60367570484057,,,,,real_vector,4e21d414080aa0485da11b824cac0cf5,oE4LtzFdyb/27TWO4ycBQBCSARFRsghAq1gXKleXAsAXTXzMmi3qP2x4X52e1MA/LLi68WgL77+A9EuZSFn/PybWTporsv6/BlTmcIpv/j8=,compact,4,10,2,i02-g000014-n000000355
run-20260903T230838Z-4891f68f,3,240,225,8,1788476919.165939,5867937000000,i03-g000008-n000000225,i02-g000014-n000000363,migration_arrival,80.25871420222124,,,,,real_vector,6528d5c699a71cfb090cb232dfcc4dfe,4o1WZLWa6D/Yowv/9Je8PyE5IjpFCgZAcEYfHJiIvD/0UmdP1zTsv4A1H6bOFbK/0HHoNO3ZBsDQfpEqiVTmP2PaZBiuAPW/kn16J8mi8T8=,compact,4,10,2,i02-g000014-n000000363
run-20260903T230838Z-4891f68f,2,423,397,16,1788476919.164430,5867937000000,i02-g000016-n000000397,i02-g000013-n000000343;i02-g000013-n000000342;i02-g000010-n000000253;i02-g000012-n000000306,de_trial,73.68711834207608,,,,,real_vector,fbeef5545520c97ccd56e12ebcdb76b0,eKeEYtSN7z8YXvlrNnPpv8Q/1Jtlo/y/hL1DYlQ/5L+won1TMP3JP9Khpjf/WPA/hFPB680q6D9I36DOzo3uPxOJ1ivgkADAQjoiMsYW9L8=,compact,4,10,,
run-20260903T230838Z-4891f68f,2,424,398,16,1788476919.164430,5867937000000,i02-g000016-n000000398,i02-g000013-n000000324;i02-g000011-n000000280;i02-g000004-n000000114;i02-g000012-n000000306,de_trial,148.92376908836326,,,,,real_vector,2143ec44ef2c51fb1a7fb485c6945c87,xom6A4rYAUC2e6x/55/yv2LliQ0DRwlAb/xHkiBA5L/T9VOyPQkEQPK0/uGncvO/bko1gWnA97/WCGmUI0H2PwBowJL2MqO/Q3gmHzOLAkA=,compact,4,10,,
run-20260903T230838Z-4891f68f,2,425,399,16,1788476919.165939,5867937000000,i02-g000016-n000000399,i02-g000006-n000000170;i02-g000010-n000000269;i02-g000010-n000000268;i02-g000003-n000000072,de_trial,155.7229859196573,,,,,real_vector,05efc4f6a5310da3a20597ed6164e848,JQFoZ8tuCsCtGY7+/c8JQIcqSSp4/fc/NjgGPfzwE8Cw1oUl9/3svx3OnyK0Gu+/UrCJfcuW478MbvUlD1LYv73mDom5JwNAeiHRIDFv8b8=,compact,4,10,,
run-20260903T230838Z-4891f68f,2,426,400,16,1788476919.165939,5867937000000,i02-g000016-n000000400,i02-g000006-n000000171;i02-g000013-n000000343;i02-g000010-n000000269;i02-g000014-n000000355,de_trial,87.67007870598896,,,,,real_vector,33f8a7d749424c68e3e7d03626b4adf9,wL/8T773678M6OpDO17tvwBxJLRUF4m/Y+l7BRe08r+MSAFHSY/0Pz69zhVM2da/+C0NDaQFAcAbHJ/ESdLlv2Ju9eVsCPC/WA56ywRfBcA=,compact,4,10,,
run-20260903T230838Z-4891f68f,2,427,401,16,1788476919.165939,5867937000000,i02-g000016-n000000401,i02-g000010-n000000253;i02-g000010-n000000248;i02-g000004-n000000100;i02-g000006-n000000170,de_trial,110.74295689245916,,,,,real_vector,d2be2c217697121f768634683b3ee119,B+HD0t0j+z8ZGpPu8C3rv2Fwh6S0K+6/nHelg5yzA0Dq9/ALas/xP8hNFvZmYgTAUw4ZvXkm/j9Au6GvSgy0v0LLCh5j2dU/7Ksm94Tj/D8=,compact,4,10,,
run-20260903T230838Z-4891f68f,2,428,402,16,1788476919.165939,5867937000000,i02-g000016-n000000402,i02-g000011-n000000280;i02-g000015-n000000389;i02-g000012-n000000307;i02-g000010-n000000268,de_trial,110.25249491253844,,,,,real_vector,98075505f7e84ae013f9b85d51dd120d,J06UjdoFBEBzCSmvjzLhv5xSreceRus/cPZfYK0us7+oTt3/L9r/v7ZzMup8+OG/q4ciqHr+B8ACuAQmAszwv4E/pYF9dRDACH/amg8i8j8=,compact,4,10,,
run-20260903T230838Z-4891f68f,2,429,403,16,1788476919.165939,5867937000000,i02-g000016-n000000403,i02-g000014-n000000355;i02-g000010-n000000253;i02-g000006-n000000164;i02-g000009-n000000243,de_trial,128.060613630737,,,,,real_vector,18cd16769670fff46eb845975d2fcac8,Brr1ufevA0DfWQ0wKEfwvz9HAhz6zgHAvb4tmju9AEDiUQWg37/8Px5kmKCxCd2/PS0FioBUBUCA9EuZSFn/P2AU5T1sQtM/JKy8ByoQ0j8=,compact,4,10,,
run-20260903T230838Z-4891f68f,2,430,404,16,1788476919.165939,5867937000000,i02-g000016-n000000404,i02-g000012-n000000306;i02-g000001-n000000046;i02-g000015-n000000389;i02-g000006-n000000164,de_trial,114.92625717617194,,,,,real_vector,052cfdcc0c1f806016ef9ec3a0bde4cf,yk7S92o9BsAi0QWVQTD5P3SM6qwO0v8/4GrcYC4jAMCEX8mt1U/7P5iH0udfEO6/tVlpoFruE8CHe2Jvhv/yvyvJXDaLpfy/nc0ws8crCEA=,compact,4,10,,
run-20260903T230838Z-4891f68f,2,431,405,16,1788476919.165939,5867937000000,i02-g000016-n000000405,i02-g000012-n000000307;i02-g000013-n000000324;i02-g000010-n000000253;i02-g000006-n000000171,de_trial,91.96646772027731,,,,,real_vector,70ea37faad872c7cb1352de0efaffcba,JlVCCiimAEDQDZz/YUYCQLIotfFIQwZAtj9zmHy38j+4GKHZ79KqP6AVaMFf3/C/SMtgybkHB0BqLIsIuEzdv9CMqQ5gOLU/sE576TdF0j8=,compact,4,10,,
run-20260903T230838Z-4891f68f,2,432,406,16,1788476919.165939,5867937000000,i02-g000016-n000000406,i02-g000010-n000000268;i02-g000015-n000000389;i02-g000011-n000000280;i02-g000010-n000000253,de_trial,134.5536514009114,,,,,real_vector,ffef2333c96e8d4944acb9ca204adb13,+NWxes8ayb8Eyescv0fjv3H/qx8QSwJAQKCVJSE9B8A/ztP5mO7nP448v1yStOK/qF5KsZDrCcAWW0u+CgPxvxR+tsYC/AzAwBBUbOdjkz8=,compact,4,10,,
run-20260903T230838Z-4891f68f,2,433,407,16,1788476919.165939,5867937000000,i02-g000016-n000000407,i02-g000003-n000000087;i02-g000013-n000000324;i02-g000003-n000000072;i02-g000010-n000000253,de_trial,115.09453341845726,,,,,real_vector,97381d3e8e19398f2250db051fceef63,N9mg3aS8+r8VHA+SyB0BQKpLDf+38AxAFiPovi5V7b/0cPtFX7qxvx482/kZsfA/4jtKm7rs/r8memOGAbzcP8Tb5/K95ATARHU/iinC6j8=,compact,4,10,,
run-20260903T230838Z-4891f68f,2,434,408,16,1788476919.165939,5867937000000,i02-g000016-n000000408,i02-g000004-n000000114;i02-g000015-n000000389;i02-g000013-n000000343;i02-g000010-n000000268,de_trial,139.26507425929972,,,,,real_vector,ba3aec158418ff0856a6dd0973e39c25,AKwfegNSgb/gYQu7GA3BPxKJsLhRfwZA95oKYj9d8r+2qe7EDF3YP4+7QykHVOU/EIX2J8E3EMCcxipiRVQEQHa580p5bxLAEHJ0h90ptr8=,compact,4,10,,
run-20260903T230838Z-4891f68f,2,435,409,16,1788476919.165939,5867937000000,i02-g000016-n000000409,i02-g000008-n000000213;i02-g000015-n000000389;i02-g000010-n000000269;i02-g000012-n000000307,de_trial,189.1241766219473,,,,,real_vector,b6a025c25ae095c5592502fc6f4954c7,uOwuzXYo37/lpNHC0ML1P7yT7Gr8oxBA/CM45vJbEcDAYt4y1NDIv0q4NjrhgwVAlmESSHb5EMDERFdDDM4FQIWfbLZuSwLA8GBLqmz2vz8=,compact,4,10,,
run-20260903T230838Z-4891f68f,2,436,410,16,1788476919.165939,5867937000000,i02-g000016-n000000410,i02-g000006-n000000164;i02-g000013-n000000342;i02-g000013-n000000338;i02-g000009-n000000243,de_trial,184.40300228025276,,,,,real_vector,bdd23e601aeba4766da6805c827db780,zvx5IytU4b8w2BBU9eXvv2zYQjdz7d8/vCx2dMi16r/+virZls4SQESvdqtC69U/fl8VAFDwCcBkN3r5J6wIQFBVHrD/sxHApVUO4R7E+r8=,compact,4,10,,
run-20260903T230838Z-4891f68f,2,437,411,16,1788476919.166949,5867937000000,i02-g000016-n000000411,i02-g000014-n000000363;i02-g000010-n000000269;i02-g000012-n000000307;i02-g000010-n000000253,de_trial,105.44614795489314,,,,,real_vector,a99ccb2679fe9dbbba06547024b577b4,YsSSawCXB8Bmsfk7nUIFQMTU31KdP+M/ayhPH8ywCcDus99APAgGwIBm1jLnu/G/0HHoNO3ZBsAA6G+yNoKWv8CphxLiLrW/kn16J8mi8T8=,compact,4,10,,
run-20260903T230838Z-4891f68f,2,438,412,16,1788476919.166949,5867937000000,i02-g000016-n000000412,i02-g000013-n000000338;i02-g000006-n000000170;i02-g000004-n000000114;i02-g000012-n000000306,de_trial,82.71361947758527,,,,,real_vector,41bd8e7d0ea86f0fc5e3b0774b043072,RByK0Yap3r9eOMssKZ7rv7CHP7tBfP0/CNZKihI1CcAObmraIQfmv9xKkLFgCgBAPGek1yPC0L+J3UJleivxv9gQP/UJd/8/99oSsOq37z8=,compact,4,10,,
run-20260903T230838Z-4891f68f,2,439,413,16,1788476919.166949,5867937000000,i02-g000016-n000000413,i02-g000015-n000000389;i02-g000013-n000000342;i02-g000008-n000000213;i02-g000006-n000000164,de_trial,126.19298096119083,,,,,real_vector,8997c698cf20ab0d329c51f3d909c290,vTJYZW9RBsC+citjXdLYPzDnsX2zqbC/W8n1JZDy/L8AYzcJtW3fP6Cl3ECD9rw/+o1NK3y3/L+2WaC2fwAGwC9FIQpBuATANTtbB/fM8r8=,compact,4,10,,
run-20260903T230838Z-4891f68f,2,440,414,16,1788476919.166949,5867937000000,i02-g000016-n000000414,i02-g000001-n000000046;i02-g000013-n000000343;i02-g000004-n000000100;i02-g000011-n000000280,de_trial,156.12000651417648,,,,,real_vector,e5b8ce3e6e0a02bbb407882494221cf1,etoCawZ/+r+K/gaEUzwKQCYFrUprhwNAGKLwTWyc5z9w+KJi5t7/P/oMhhoVgdC/EFXRSVzY6L/sSSHSQSD4v9BQ9r9z4Ns/4mutsdYeCcA=,compact,4,10,,
run-20260903T230838Z-4891f68f,2,441,415,16,1788476919.166949,5867937000000,i02-g000016-n000000415,i02-g000009-n000000243;i02-g000012-n000000306;i02-g000006-n000000170;i02-g000012-n000000307,de_trial,156.93038181829527,,,,,real_vector,a67a82ff18cc3d0cd7685c5290d150d4,AtpSFswhEcDzMKnaResTQBbgUsrguwhA8gySJPMbEcCX3r4wgfIBQGAPnfZaO8S/orzJZwxi+7+wXc+XSvoAwFSdkXdtEQ9A6r2jYFcM8D8=,compact,4,10,,
run-20260903T230838Z-4891f68f,1,422,396,16,1788476919.165939,5867937000000,i01-g000016-n000000396,i01-g000012-n000000319;i01-g000011-n000000275;i01-g000009-n000000245;i01-g000011-n000000291,de_trial,92.04616423804517,,,,,real_vector,e7a76237d40e3f2a59c8942b9fe3f5f2,sPkLTxKqxD9W5bxTTagBwAh9Atr86ey/AmGQMoRBEUA4wy3ScDLyP/+bWDSPEwFA3dwmsAr78L81yG+Occ//v9iheHy/9ts/bgpW78KI7b8=,compact,4,10,,
run-20260903T230838Z-4891f68f,1,423,397,16,1788476919.165939,5867937000000,i01-g000016-n000000397,i01-g000011-n000000275;i01-g000012-n000000306;i01-g000006-n000000170;i01-g000012-n000000311,de_trial,130.4170868552193,,,,,real_vector,599a378ceb9749e15230d6be6bb8ec81,4kEVknTT7j9AX58ta/HfP5zqI4PPkwNAHDflyogp8r8ObuSGB7fcv1zsYei9FcM/4f1TR13HBsCzyr7+eLYAQMLPH0CNzu2/pgI6p19qEcA=,compact,4,10,,
run-20260903T230838Z-4891f68f,1,424,398,16,1788476919.166949,5867937000000,i01-g000016-n000000398,i01-g000008-n000000202;i01-g000012-n000000319;i01-g000012-n000000318;i01-g000011-n000000277,de_trial,159.43142527362895,,,,,real_vector,e5c73c7a8b7aa5830e9ba78804d60783,tuvzQ4Id8r8km24jZWfKP+6k9vtB1+e/ahv41exU8z8mPx52tM0RQKq1OuiP7gNAzMdDK5UG7r9KG8kNWYAEQNpK4tYEfvU/7GnQauN52D8=,compact,4,10,,
run-20260903T230838Z-4891f68f,1,425,399,16,1788476919.166949,5867937000000,i01-g000016-n000000399,i01-g000011-n000000277;i01-g000004-n000000109;i01-g000014-n000000362;i01-g000011-n000000275,de_trial,179.94595195545645,,,,,real_vector,73cc0b4b4fc284c9695ff99718624c26,v3Owicn19D/MptGDzIERQLjWlkqRR/U/qLonY2HDDcC4uwsqi3fWP9g5m4JWKPm/iHzb3oUyAsAz/Pu1d6j/P6xa7cjxxcc/3YcLAn5bDsA=,compact,4,10,,
run-20260903T230838Z-4891f68f,1,426,400,16,1788476919.166949,5867937000000,i01-g000016-n000000400,i01-g000009-n000000244;i01-g000012-n000000311;i01-g000012-n000000306;i01-g000005-n000000123,de_trial,88.41978531240233,,,,,real_vector,5552b6a41e729ab0f8e83531f376adf4,YicMTMSw5r/IvoaCl/rvv5rQLeEv/gXAIM8uMNfR8L8E6cfzs0gJQCHsFfJj3+m/HJJNPnxe7r9Y2bbtCHfQP+FUYjcEkfC/pAG/2qlz9r8=,compact,4,10,,
run-20260903T230838Z-4891f68f,1,427,401,16,1788476919.166949,5867937000000,i01-g000016-n000000401,i01-g000004-n000000107;i01-g000008-n000000202;i01-g000005-n000000123;i01-g000010-n000000268,de_trial,157.01152912341558,,,,,real_vector,423943cc8a820a7a42ad297348407847,MJdpwyLo7796VT04BTICwOXbVB2LihLAi6YWH8B04b8gFAIGSSyqv4CTNaUgxc0/XaoKy0TX+r/K22WUDgLivxXq42oaLANA+7+HMWv1BsA=,compact,4,10,,
run-20260903T230838Z-4891f68f,1,428,402,16,1788476919.166949,5867937000000,i01-g000016-n000000402,i01-g000009-n000000230;i01-g000008-n000000202;i01-g000003-n000000096;i01-g000004-n000000107,de_trial,116.93273824269122,,,,,real_vector,d720f56532882890c9317b7ed2a29136,sqelGYwZ2r98oVsRz6jsP7iLHnoX6QbATdiYVvhY9D+A42zWQk4GQKDNk27xTLY/YZdtO2jc77+1onqyXYb2vzzBk/GdZue/zLwvEoS9AsA=,compact,4,10,,
run-20260903T230838Z-4891f68f,1,429,403,16,1788476919.166949,5867937000000,i01-g000016-n000000403,i01-g000004-n000000109;i01-g000005-n000000123;i01-g000008-n000000202;i01-g000009-n000000245,de_trial,103.15806661192028,,,,,real_vector,514cfed4d0d1cea13f06db506e31f260,FvHHJ40FCMApyj9weNb7v8ATis5S3f+/z3e8dfPA9D/xr/+fbertv6rTbLv8fOi/MuPoGfYKBsBIDyDCpLSqv1AE+1XmUf8/lFut1j0FC0A=,compact,4,10,,
run-20260903T230838Z-4891f68f,3,243,226,9,1788476919.166949,5867937000000,i03-g000009-n000000226,i03-g000001-n000000051;i03-g000002-n000000059;i03-g000001-n000000049;i03-g000001-n000000048,de_trial,141.91217135286567,,,,,real_vector,f2b2fd7d96ec3a9ee333f86a047609b0,A3v4p3v9+T+sabrlzhUIwNvNpFW3SfG/w86hyNGHEEDN3exLQbLzv4Dbsol3C/m/TMor1ZH07D8uBuXxHXACwFzbNxn2+QvAfrMTl653AMA=,compact,4,10,,
run-20260903T230838Z-4891f68f,3,244,227,9,1788476919.166949,5867937000000,i03-g000009-n000000227,i03-g000005-n000000127;i03-g000001-n000000051;i03-g000003-n000000081;i03-g000001-n000000049,de_trial,115.0955445902689,,,,,real_vector,825c96aee729cbae7859852bf81d517a,oIS3Y7wH8b+rWPasZfHmv9xJWTOWMeG/bCN9Biwh2b/WRKMHu0L0vzB/D6G+AwTAckSv2uUL8L/ErnJBp9fOv/gmFqqMMNI/TjnTAnSa7z8=,compact,4,10,,
run-20260903T230838Z-4891f68f,3,245,228,9,1788476919.166949,5867937000000,i03-g000009-n000000228,i03-g000007-n000000178;i03-g000001-n000000046;i03-g000002-n000000064;i03-g000008-n000000225,de_trial,203.24146650699288,,,,,real_vector,944c3a3899c59e4800907ff23e2cc88d,3mTs9TtsC8CW1yg24EQSwDjN4h6fVQ1AtFsuYxkv2T/UczGhEtrSPwz3QXBDVAVAPKIZ5J3n3j9C3Sdx/0gHQJhgqWqkXdS/Uq8xWnYZ6r8=,compact,4,10,,
run-20260903T230838Z-4891f68f,3,246,229,9,1788476919.166949,5867937000000,i03-g000009-n000000229,i03-g000003-n000000081;i03-g000001-n000000051;i03-g000002-n000000064;i03-g000001-n000000048,de_trial,154.15489765788666,,,,,real_vector,f55f8a6bbd59ba82c7429374eb0839e4,LV0A2dFR+78Q6FFfikIFwMEkyj3hDPi/kuDizKmFBkCBaBLGTyv6vyZJ9uJZhfK/9neV+qAe6798d3VfP73rv+r9k57cZQTA6AF793fB3L8=,compact,4,10,,
run-20260903T230838Z-4891f68f,2,442,416,16,1788476919.166949,5867937000000,i02-g000016-n000000416,i01-g000009-n000000230,migration_arrival,85.54949468721891,,,,,real_vector,bb4ed121a1c00a6be69fa2d955238f95,XHeQK98SAMB8oVsRz6jsP4CRepQ2U8e/H9LJs44BAcDk6wzbcB37P4j0h16Cf7q/tihxpr3C9b8WW0u+CgPxvzLTEP5CAgHARruaYyODAsA=,compact,4,10,1,i01-g000009-n000000230
run-20260903T230838Z-4891f68f,2,443,417,16,1788476919.166949,5867937000000,i02-g000016-n000000417,i01-g000010-n000000248,migration_arrival,87.07559323946921,,,,,real_vector,b32d514328b191c9a36cb80afa1fad4b,ALbdNVmLn7+SeZH2DCwAQBBmxWCaavA/xLqLOMVk5L9o0BVUDvMFQJdyogSCNOK/Ssw5/q6iAMDo1XkgmSrAv9JOVyWvXAfAU1widgY8AcA=,compact,4,10,1,i01-g000010-n000000248
run-20260903T230838Z-4891f68f,1,430,404,16,1788476919.166949,5867937000000,i01-g000016-n000000404,i01-g000012-n000000306;i01-g000005-n000000123;i01-g000011-n000000291;i01-g000006-n000000170,de_trial,153.07713870850571,,,,,real_vector,24bead45e0e711060cc0db5e4da95888,vAq24lSM+L+Q44uzfDO2v0pGRirPHtu/+BcdcTjO4L8hpFuCAOf+P1odt3tHofK/eHG94cExA8De/00RREHjP2yrP6uEmg5AmFtANuAxD0A=,compact,4,10,,
run-20260903T230838Z-4891f68f,1,431,405,16,1788476919.166949,5867937000000,i01-g000016-n000000405,i01-g000013-n000000333;i01-g000006-n000000170;i01-g000004-n000000107;i01-g000010-n000000248,de_trial,110.23155996643284,,,,,real_vector,d1113dfc699661064d35a863e10e93ab,dFuZ5qCDD8BTDYbh4Kj5vyBn2k++K66/rW+SX16J878VrGN026b0P6yAbtSr8QBAls25tcu5+b+ku71aueazv8D1HsHKi6s/NLCsY/Cz3L8=,compact,4,10,,
run-20260903T230838Z-4891f68f,1,432,406,16,1788476919.166949,5867937000000,i01-g000016-n000000406,i01-g000006-n000000160;i01-g000008-n000000202;i01-g000011-n000000277;i01-g000012-n000000306,de_trial,145.96521412120876,,,,,real_vector,4014837392855d693e0712685038779f,r6Hb1vxiBMD/dqPK/ugCwKZHD2DO1BDAlXCnD8i/678T0csAPU/sP27wIcGhDv8/ylc2IqjH4L8t4mJby7b8vx6FNgJ17OU/sHyGybU6+78=,compact,4,10,,
run-20260903T230838Z-4891f68f,1,433,407,16,1788476919.166949,5867937000000,i01-g000016-n000000407,i01-g000012-n000000318;i01-g000012-n000000306;i01-g000013-n000000333;i01-g000006-n000000160,de_trial,167.1499968558261,,,,,real_vector,77b2337843e9c1c82c30ce0b2979671c,oM56oY+jCECuwtnYZcb4vwj9RlJwyNw/mM9lbs0mxz+UX0x17QINQMoYaXUH8fG/l7X+Rkn1BsDd9PoxB9H1P1Qlh2F5JwPA5NRdvssXCsA=,compact,4,10,,
run-20260903T230838Z-4891f68f,1,434,408,16,1788476919.166949,5867937000000,i01-g000016-n000000408,i01-g000003-n000000096;i01-g000013-n000000333;i01-g000009-n000000245;i01-g000008-n000000202,de_trial,160.56794198592982,,,,,real_vector,b7e0aeba995349e81d1798cf2adc690a,oh+xVGSNBUC8pjujLmbeP5BC6Hwc1gZAeU9lod+98L8ihXM5e4r2PwJd9RHC7vc/cAq/nrnIAMBeKVOPVsrOv0Tkr6fcvArAqoEIz+lqDsA=,compact,4,10,,
run-20260903T230838Z-4891f68f,1,435,409,16,1788476919.167948,5867937000000,i01-g000016-n000000409,i01-g000012-n000000311;i01-g000004-n000000107;i01-g000009-n000000245;i01-g000013-n000000333,de_trial,137.87590335523186,,,,,real_vector,f16b56ecc12defb989f624fd1096245b,8MqEZt52/r9MbqCHhlUDwHpYdR8e4gLA5TJ9Z0ffBcDQlX7A7qPwv8TNRF9U3g5AldZx2eAA5b8g9ghHU4DHP+LONYvDWg5AqK29SZW0wr8=,compact,4,10,,
run-20260903T230838Z-4891f68f,1,436,410,16,1788476919.167948,5867937000000,i01-g000016-n000000410,i01-g000014-n000000362;i01-g000011-n000000291;i01-g000006-n000000170;i01-g000003-n000000096,de_trial,88.39684770742207,,,,,real_vector,bc87a18df809eb89a2d0d4da28cc7d06,5DsvvQkn/r/yjSWfFzUHQDzGpw0QK/A/rGRNkwsZC8D+RAuubMsAwAsGzprfxOE/zeIqtIgR8b++m5Y5SiPrP16IIy+3r/4/5BcPNyLH6z8=,compact,4,10,,
run-20260903T230838Z-4891f68f,3,247,230,9,1788476919.166949,5867937000000,i03-g000009-n000000230,i03-g000001-n000000048;i03-g000003-n000000084;i03-g000008-n000000224;i03-g000007-n000000186,de_trial,128.79045692900542,,,,,real_vector,de854bf806792654846ebcd61cf0b308,+YBui5Oq5D/maTrqQZD1vxIKu8BzkQhAiAtPlc2OCMAoBMpW3Rrqv4iMoi7lqvk/fNQkqBBPEcCuntHocnbuv4DIwvR+Abe/puxdLki78z8=,compact,4,10,,
run-20260903T230838Z-4891f68f,3,248,231,9,1788476919.167948,5867937000000,i03-g000009-n000000231,i03-g000004-n000000107;i03-g000007-n000000186;i03-g000008-n000000211;i03-g000003-n000000084,de_trial,170.43810678173483,,,,,real_vector,e3bb3b4743c735bd3ac5daf05e4fa160,mj1/MuYb6r/V0m0m5cETQBLmn2KGmQzAilkeLb42E0DdZyZzUhEAQNbI1YbV/ec/DaEh5HeEDUDCAYrec5IFQKo0YBlXgNA/Z/zkeKX78T8=,compact,4,10,,
run-20260903T230838Z-4891f68f,3,249,232,9,1788476919.167948,5867937000000,i03-g000009-n000000232,i03-g000003-n000000084;i03-g000004-n000000107;i03-g000007-n000000186;i03-g000008-n000000211,de_trial,148.00424925095575,,,,,real_vector,17a1e2b51be3b0538c1b7650e63a8940,GE5x/sdJzT+Qu7+sFGvEP0b9RtXfggJARFQqsXrOAkCgXPYxnJ+tv/SEkeo+OQNADir5VOdq/b+xgkHiFlMSQHTMpXBqAQfAwEMOvNNC0L8=,compact,4,10,,
run-20260903T230838Z-4891f68f,1,437,411,16,1788476919.167948,5867937000000,i01-g000016-n000000411,i01-g000007-n000000191;i01-g000011-n000000275;i01-g000010-n000000268;i01-g000009-n000000245,de_trial,148.62486617555237,,,,,real_vector,35d7487eec08c18d38f7e77803235960,wisd6u90BcCtULUz9jYJwEjVhJ69owLAZFDxB+BAEEBsRYpGSS/gv3Sj/spt6fm/zEugsJ+Z8b+O0+GMr07xv7AZ3PfDuNY/s1cog6mTBkA=,compact,4,10,,
run-20260903T230838Z-4891f68f,1,438,412,16,1788476919.167948,5867937000000,i01-g000016-n000000412,i01-g000006-n000000170;i01-g000010-n000000248;i01-g000009-n000000230;i01-g000005-n000000123,de_trial,145.06771286765607,,,,,real_vector,7ea3e9b9602f87db9bfeaa20488d77d5,AOBx+pgBMj8EvJNW4ysKQDfnZcQk7vE/3ge7VUUgAsAcC5VN0P4PQMylAJtEF+0/Ynxo5RdPAMAMkK8NOszkvxrJbYN8WBPACIsjctDFEsA=,compact,4,10,,
run-20260903T230838Z-4891f68f,1,439,413,16,1788476919.167948,5867937000000,i01-g000016-n000000413,i01-g000011-n000000291;i01-g000009-n000000230;i01-g000012-n000000319;i01-g000004-n000000107,de_trial,150.18520148017743,,,,,real_vector,65a681949c4d6db62271c1e2c0f5dd4d,gBBnWfxm/b8M6YpBHlH7PxjyZvsvTMO/RiNLYHgr5b/HKbHmBpkQQAsGzprfxOE/ktL0QueO9L9IqSJtS3jBPzJIYt88mAPANjleZ485BcA=,compact,4,10,,
run-20260903T230838Z-4891f68f,1,440,414,16,1788476919.167948,5867937000000,i01-g000016-n000000414,i01-g000010-n000000268;i01-g000007-n000000191;i01-g000011-n000000277;i01-g000009-n000000245,de_trial,99.15530941146221,,,,,real_vector,73ffdc6b8c240bc68977485a3c4a9c39,kHLyJKT4sj+iR6q07czmP1yE7smR2P2/xGoYSDqOD8AAzdM2Q9P3v3DjwyTF3My/XhnAZX1/8b+KX5E5CET6P1IHayZ0aAdAAHB55y8Iij8=,compact,4,10,,
run-20260903T230838Z-4891f68f,1,441,415,16,1788476919.167948,5867937000000,i01-g000016-n000000415,i01-g000015-n000000391;i01-g000008-n000000202;i01-g000011-n000000277;i01-g000009-n000000230,de_trial,112.40452634061954,,,,,real_vector,3b956ba90d888b6d12753fa3bbb92be5,lFzQdp5M7b+SeZH2DCwAQOQqRD0mlQ/AAFazOJrL1b+oRA1UZgzwPyj7OqVew/k/Ssw5/q6iAMDQdfJw6zPTv1rdQgoP2vw/YDK54wvoBMA=,compact,4,10,,
run-20260903T230838Z-4891f68f,3,250,233,9,1788476919.167948,5867937000000,i03-g000009-n000000233,i03-g000002-n000000059;i03-g000008-n000000223;i03-g000001-n000000051;i03-g000001-n000000049,de_trial,105.60627041208764,,,,,real_vector,313ad543e2cb9f1a73b956da16a6ecba,5vBHFJDP8D9s4FHwUhnVPxm3Nn1LZAlA0r50AQJh7b8w3j9AhuTGP8FztnuLA+q/vni8UV2cCUCoD1l9zZf0v/YwQOU8zf0/OHtEhZgGCkA=,compact,4,10,,
run-20260903T230838Z-4891f68f,3,251,234,9,1788476919.167948,5867937000000,i03-g000009-n000000234,i03-g000001-n000000049;i03-g000002-n000000076;i03-g000001-n000000046;i03-g000005-n000000150,de_trial,120.9254713816009,,,,,real_vector,23b2bf2d34371143b6d41a12e23b892c,Ce2/xpnS4r+HKghWidf0v8eYMff5+wNAnvI9heyS6L9QZhQRVUaxP4AnXJy348E/ePjAQwjY+D/HKDvAaazwP/BeIgeVBre/7YFjZQ2W9z8=,compact,4,10,,
run-20260903T230838Z-4891f68f,3,252,235,9,1788476919.167948,5867937000000,i03-g000009-n000000235,i03-g000008-n000000224;i03-g000002-n000000070;i03-g000007-n000000186;i03-g000008-n000000225,de_trial,167.67856826373287,,,,,real_vector,07c79885c5c69d3c50f820f495c1dcbc,SMpJwqQ23D8hyJfnDrwEQOaWWn5xQ/C/MtdwKbaX7z/MTaO7sLH3P6Qi/cbQtwNAg9ZPFwpVBkAsrZ640ucQQMBzTYNsqPm/pG4py9XY0D8=,compact,4,10,,
run-20260903T230838Z-4891f68f,3,253,236,9,1788476919.167948,5867937000000,i03-g000009-n000000236,i03-g000007-n000000186;i03-g000005-n000000150;i03-g000002-n000000077;i03-g000002-n000000076,de_trial,113.86020735159609,,,,,real_vector,f78ae4c14bce6983e758422d75cfc264,wsQlUyzg7r8/LtDhiGkGQDs5hqW1vfc/yGBr/vQOAcDmkzrX+KDjv8AIGRZg2dW/tFBOr++r6j+QwQpyiHi+v4+Do/xEXvk/RSyaTpWe/j8=,compact,4,10,,
run-20260903T230838Z-4891f68f,3,254,237,9,1788476919.167948,5867937000000,i03-g000009-n000000237,i03-g000008-n000000211;i03-g000008-n000000223;i03-g000001-n000000050;i03-g000005-n000000146,de_trial,121.39021311961152,,,,,real_vector,de4f02e0490f53428815ff1cd3c98f1b,5mJlC+EZ5T9KA04I6iMAQISTRtNnqgBAlF3gm/ga879s8/NNKADRvxKTxt5lbAfAOI34F5sABkC0XMZYmcIGwK6ASekje/Y/wjAjVxhFD0A=,compact,4,10,,
run-20260903T230838Z-4891f68f,3,255,238,9,1788476919.167948,5867937000000,i03-g000009-n000000238,i03-g000002-n000000064;i03-g000007-n000000178;i03-g000008-n000000225;i03-g000001-n000000049,de_trial,108.9800603012535,,,,,real_vector,cae5144039f07d665017c707ca4d3c76,WMdDb3mg5T8lZ1mUAXb0P1cOQ2z7ChBABp0laamyAUBbg9DGk/zgPxR4S4VGBuW/lbbXHC4NCECQKRIXeNnGP4AmctBx73W/mKmMlwZh8D8=,compact,4,10,,
run-20260903T230838Z-4891f68f,3,256,239,9,1788476919.167948,5867937000000,i03-g000009-n000000239,i03-g000005-n000000150;i03-g000003-n000000081;i03-g000002-n000000070;i03-g000005-n000000146,de_trial,112.39445795580211,,,,,real_vector,735f7ff9949f7ea373d53fa0751cd1f3,wBvRvlIkp78sVpmK8x/iP/hNAIhiRP+/W2IigGqUAcBgg4TVCcjIP9czXc0O+QTAEFNmoNCA6j84zoBpvsrMv8B+I8rSDPQ/idNJ4/6P4T8=,compact,4,10,,
run-20260903T230838Z-4891f68f,2,446,418,17,1788476919.167948,5867937000000,i02-g000017-n000000418,i02-g000016-n000000416;i02-g000010-n000000269;i02-g000008-n000000213;i02-g000003-n000000087,de_trial,208.8701946357163,,,,,real_vector,ee9b9c2b4e010ba736fcc64b4cc6e568,XHeQK98SAMBe9ih5b9ULQACG4mSBkwRAVFx7a2bxDMCotld6mssDwMRtEtZwEANAmZXTy06E7b/PSULv+lbgP83LJYwjmgRAUKMT4T6O4T8=,compact,4,10,,
run-20260903T230838Z-4891f68f,2,447,419,17,1788476919.167948,5867937000000,i02-g000017-n000000419,i02-g000010-n000000269;i02-g000016-n000000400;i02-g000016-n000000412;i02-g000008-n000000213,de_trial,93.62074125422951,,,,,real_vector,0ee0b1de5092e386182e5fce902981d0,igS22Ap+/L+SaBZlfKH3v1I/T8wGIe0/U2pg/MnmCMBE//UO/eb+Pwbw3fITfdA/MDRc/vvS/b/h23VfFS3xv/os/c+6Nus/fcRA0RMyAsA=,compact,4,10,,
run-20260903T230838Z-4891f68f,2,448,420,17,1788476919.167948,5867937000000,i02-g000017-n000000420,i02-g000016-n000000417;i02-g000010-n000000268;i02-g000010-n000000269;i02-g000014-n000000355,de_trial,129.76889477263418,,,,,real_vector,9c26f46e5ee775843b955878167b3782,4OsjDbjRBsC6cJ2Zm2H0PyIBvdwvh/O/INhk6GhCBcAAnRTP6zTOPzirUG9dv7s/EuwXxKeI9r9mrot83Ob5vxC5Q7uknMq/S23yuCGmBsA=,compact,4,10,,
run-20260903T230838Z-4891f68f,2,449,421,17,1788476919.167948,5867937000000,i02-g000017-n000000421,i02-g000013-n000000342;i02-g000016-n000000412;i02-g000003-n000000087;i02-g000004-n000000114,de_trial,98.43101698135125,,,,,real_vector,7b8b6270426047881189f1355bace0f1,rE37zkJ86r9HpnE4rEECwNy3ukBt8/G/H9LJs44BAcDQ8qeNf+QOwJBeO2SY7LY/KCbyuoZk8L+Sc+kAahz/vxgWJnJ70OK/RruaYyODAsA=,compact,4,10,,
run-20260903T230838Z-4891f68f,2,450,422,17,1788476919.167948,5867937000000,i02-g000017-n000000422,i02-g000010-n000000248;i02-g000014-n000000363;i02-g000006-n000000164;i02-g000016-n000000416,de_trial,135.05321296832517,,,,,real_vector,6cd12480fc7d0af7e936bca835c27f78,GMvokyrFCUCGsavNwCfTP3Xhc4iw0gVA3QDoXPWd8z+EXgq7nED4v6YRCfA7gMM/VE831CYXAcAsUvT2+CsGQFQ/D6to9eS/w4SNffYFAUA=,compact,4,10,,
run-20260903T230838Z-4891f68f,3,257,240,9,1788476919.167948,5867937000000,i03-g000009-n000000240,i03-g000002-n000000066;i03-g000005-n000000150;i03-g000003-n000000081;i03-g000002-n000000077,de_trial,134.81668887171392,,,,,real_vector,dccdb61154e0020d34253279ac6c0927,JH/227y9xz8EgPhYebDWv1LHeAVG0QNAGBTV1eJwxr+kFLqJMtgFQCmn9ugVnwTAjpbpYyRtBkDgqk+R2Bj/vwDoycz31gBA+mJhSUDCCEA=,compact,4,10,,
run-20260903T230838Z-4891f68f,3,258,241,9,1788476919.168946,5867937000000,i03-g000009-n000000241,i03-g000001-n000000050;i03-g000005-n000000151;i03-g000004-n000000107;i03-g000001-n000000049,de_trial,148.76026031762706,,,,,real_vector,0f7db3fd3b17d4b439d1e5b1ffc600c6,RzTbXmcIBsC/zpBnCs4NQO0CV6Deo/w/t10NuRuNBMCw8hVaxY77PwL4LI2JQAZAaom5JHMt7b84pL2uUoTqPwguG2quNvO/huHVCnI6DsA=,compact,4,10,,
run-20260903T230838Z-4891f68f,3,259,242,9,1788476919.168946,5867937000000,i03-g000009-n000000242,i03-g000002-n000000076;i03-g000001-n000000046;i03-g000001-n000000051;i03-g000002-n000000070,de_trial,123.38634265393509,,,,,real_vector,a74c5971ed4c083d0d8236f994bf49fe,OspvDtM8AcC5s4dFmioUwHMcAFVRBxBAPJaDxkDd2D8s7LcJwevrP+7ivlT8x+2/sLYqh/pz6r9CtTV9Ug/4P8B+I8rSDPQ/TGbWwMysB0A=,compact,4,10,,
run-20260903T230838Z-4891f68f,3,260,243,9,1788476919.168946,5867937000000,i03-g000009-n000000243,i03-g000002-n000000077;i03-g000007-n000000186;i03-g000005-n000000146;i03-g000002-n000000070,de_trial,138.60687117558575,,,,,real_vector,320378f32c8f95eeb33e6796c6621d3e,PZbhL3XGAcCDrY7JaD37P2BdUCDonAdAOlfZZ+9eEEBXzSMeU3kLQP5Me7zQKvU/LtPkUpCq+r9FXcL/SSnxP7A3ZcJhdes/6Y4VC9OVCEA=,compact,4,10,,
run-20260903T230838Z-4891f68f,3,261,244,9,1788476919.168946,5867937000000,i03-g000009-n000000244,i03-g000002-n000000070;i03-g000002-n000000059;i03-g000001-n000000048;i03-g000008-n000000211,de_trial,167.6490967201395,,,,,real_vector,b7641dc8cf95c7620298adcb54368b19,KNSouG1Jxr9s/BcD6TYKwAAV4NLVKApAT0dv1j/qBEC6qUcnXETrP8VJkbpiIgBA+kiRmAnTCsAq++cbbP0MwMzwb5DY2Pa/8NSooN+sxz8=,compact,4,10,,
run-20260903T230838Z-4891f68f,3,262,245,9,1788476919.168946,5867937000000,i03-g000009-n000000245,i03-g000005-n000000151;i03-g000001-n000000051;i03-g000002-n000000076;i03-g000002-n000000077,de_trial,145.7563940230468,,,,,real_vector,545f87b6850fece59fcebb5013708f51,CNWOM4Fmyz/G6rGl5br6v/gwHiIxNwXAbgg4rjafA0DwiDGSblDQP5NbzxgNNg7AquPUgzlP6j/W0xuJ76DivzLTEP5CAgHA9Voy+Bgc/j8=,compact,4,10,,
run-20260903T230838Z-4891f68f,3,263,246,9,1788476919.168946,5867937000000,i03-g000009-n000000246,i03-g000005-n000000146;i03-g000005-n000000151;i03-g000001-n000000049;i03-g000003-n000000081,de_trial,159.12271186416797,,,,,real_vector,3aadf61f2c787f78ceaea1b9a143e09b,+uiTYCVo+r+bUO/Nx8LmPxjBfspRKQbAnKSQZiQh4b8gOyZS4VTRP17L6wk1z96/lH2plbv29r/C1Pvaf/3bv3nHhcXaLQHAmP8s82wa6D8=,compact,4,10,,
run-20260903T230838Z-4891f68f,3,264,247,9,1788476919.168946,5867937000000,i03-g000009-n000000247,i03-g000008-n000000225;i03-g000005-n000000127;i03-g000002-n000000076;i03-g000002-n000000064,de_trial,134.84231492954484,,,,,real_vector,1024b87883a7e0372b52d0ba6093783e,4o1WZLWa6D8E+gI1cq4KQBDI0OSbfbG/YTIltOATBsBPO2F8L772v+B8YqdhIrm/0HHoNO3ZBsCk7KjLj+70PwNn3WTW1/M/rKytq02XBUA=,compact,4,10,,
run-20260903T230838Z-4891f68f,3,265,248,9,1788476919.168946,5867937000000,i03-g000009-n000000248,i03-g000001-n000000046;i03-g000003-n000000081;i03-g000003-n000000084;i03-g000002-n000000077,de_trial,179.05472961165555,,,,,real_vector,c487f5208efaa714025979e53155f788,LF4X789017/XsGuzyYgRwLXQD+/ZXQBAmZ08XA4J9b80Va3WR3QEQMxlBpj70Pa/Uj+h5DNYAsCqhxSmvD/9vziazMWqmPM/Pzxsvel39z8=,compact,4,10,,
run-20260903T230838Z-4891f68f,3,266,249,9,1788476919.168946,5867937000000,i03-g000009-n000000249,i03-g000008-n000000223;i03-g000002-n000000077;i03-g000008-n000000211;i03-g000002-n000000066,de_trial,102.48330331432409,,,,,real_vector,4c2604da5560e3bf00c224c1a9ab3773,zMNPoCcg4L/CbcjY8I8BQNBdLHIRiu+/3hGgSD92CMAw3j9AhuTGP3RqCPA/ocy/wqzNuXiN6b9Qo6sG+IQCQGF2eFQ9NghAcgV3GN2b6D8=,compact,4,10,,
run-20260903T230838Z-4891f68f,1,443,416,17,1788476919.168946,5867937000000,i01-g000017-n000000416,i01-g000010-n000000246;i01-g000009-n000000230;i01-g000012-n000000318;i01-g000003-n000000096,de_trial,93.53914260910564,,,,,real_vector,6301d25a6ffb2c7e263154786d8df8ed,XHeQK98SAMB8oVsRz6jsP4CRepQ2U8e/puBIXmBnAcDk6wzbcB37P4j0h16Cf7q/tihxpr3C9b8WW0u+CgPxv6wcRyUduQFARruaYyODAsA=,compact,4,10,,
run-20260903T230838Z-4891f68f,1,444,417,17,1788476919.168946,5867937000000,i01-g000017-n000000417,i01-g000005-n000000123;i01-g000016-n000000410;i01-g000012-n000000319;i01-g000010-n000000246,de_trial,112.5325778673479,,,,,real_vector,d88e64c514bddbb81c0223fba67aed30,wO7tHVOA87+4cQnULAQDQMB9QTTnQqu/AIJa+zVnAsDIK9b0cjHgP8cIXP1evQFAWhHXBCAQ8b8gIZAuvl2Qv6CB5+Fta/Y/dLrhmqiL8r8=,compact,4,10,,
run-20260903T230838Z-4891f68f,1,445,418,17,1788476919.168946,5867937000000,i01-g000017-n000000418,i01-g000010-n000000248;i01-g000016-n000000414;i01-g000012-n000000311;i01-g000013-n000000333,de_trial,149.90546367347702,,,,,real_vector,98908df7c6249860da0caf386b74234a,E8Dvnybm/7+suLieZ5/SvziXlJBLIxDAoGQktt3UC8DJopDgItzzv9KZN89Ya+O/dBIjBFNr5r/o1XkgmSrAv/bb7wNAaRFAQBRUvWz08T8=,compact,4,10,,
run-20260903T230838Z-4891f68f,1,446,419,17,1788476919.168946,5867937000000,i01-g000017-n000000419,i01-g000009-n000000245;i01-g000012-n000000318;i01-g000016-n000000403;i01-g000012-n000000319,de_trial,126.92132447030973,,,,,real_vector,cb1a5aa885fbc9c9d312ab7b4a795864,MSqT8g0WDcAdHfw5qbX1v2ozSuej8+q/fU26Qmtl4j+cbnFREYHgPzycVDRYxO+/fsiJr1gPB8BzHTNj68D9v9jqCRf57P6/GLmHb4nn5z8=,compact,4,10,,
run-20260903T230838Z-4891f68f,1,447,420,17,1788476919.168946,5867937000000,i01-g000017-n000000420,i01-g000012-n000000319;i01-g000011-n000000275;i01-g000015-n000000391;i01-g000016-n000000414,de_trial,157.0755920034487,,,,,real_vector,02373ce58464d2db39ecb9cb396ae401,6lOfmM/W/L/LtNhF2fMCwKom/6gIf/c/Xhxf6V8SEkBkm8YN7q76P0dCmB1Ry9M/IW7hqSCk+r9fw8mN1QAAwLvxd3RVKf+/xkHr0fhlAEA=,compact,4,10,,
run-20260903T230838Z-4891f68f,1,448,421,17,1788476919.168946,5867937000000,i01-g000017-n000000421,i01-g000011-n000000275;i01-g000012-n000000306;i01-g000008-n000000202;i01-g000006-n000000170,de_trial,125.58409052295943,,,,,real_vector,2e7a92a949f121e0044ff0c16750ef0f,6gQMxfP/+7+OQeeSIab6v26Wo5aGFgLAHuX2hRbQ8b/el/I7IqHrP14BkD4MH+6/vOEhgi4U+79AIF/yDCz6P9LIlK6bN+8/Z0HV8p5EEcA=,compact,4,10,,
run-20260903T230838Z-4891f68f,1,449,422,17,1788476919.168946,5867937000000,i01-g000017-n000000422,i01-g000008-n000000202;i01-g000010-n000000246;i01-g000012-n000000306;i01-g000016-n000000400,de_trial,105.5369733605279,,,,,real_vector,f41536b8248ebfc3bb771b3b2b995df3,iCNHqXj1/79WFgE6PPQAQKxd86drSwNAiKROLzN9AcDEOVbsSoz9vwX7Y22Q69C/RcfJxWTa/L9jnNNeepPvP9pK4tYEfvU/EmUAgWE7/D8=,compact,4,10,,
run-20260903T230838Z-4891f68f,1,450,423,17,1788476919.168946,5867937000000,i01-g000017-n000000423,i01-g000011-n000000277;i01-g000010-n000000248;i01-g000011-n000000275;i01-g000009-n000000230,de_trial,103.85499681061573,,,,,real_vector,3f4f0eb2976bb235188bfef123d8a067,9AJj0A7vD8CgRPzHg7SvP+Kn3xOHDvI/bm9HbWe5/T8cnchJg8D6P5wI79DCtNG/fNt+WJfE/7/4T1naY5LDvz6Y+GA06fW/kF6MOC044j8=,compact,4,10,,
run-20260903T230838Z-4891f68f,1,451,424,17,1788476919.169946,5867937000000,i01-g000017-n000000424,i01-g000016-n000000400;i01-g000009-n000000230;i01-g000009-n000000245;i01-g000006-n000000160,de_trial,131.7158959050807,,,,,real_vector,5277dfb0c4cac2a3bc9a9b892d800204,gKk2g4QIub/IvoaCl/rvvyjCNdPXvPG/OCuykQaj5b9Q5XnH0T4KQLRJhsz9zPg/DVcQ+Jf887+x6ffffvX+vyzxJvpRUQXAwnCngWv5EMA=,compact,4,10,,
run-20260903T230838Z-4891f68f,1,452,425,17,1788476919.169946,5867937000000,i01-g000017-n000000425,i01-g000004-n000000107;i01-g000006-n000000170;i01-g000003-n000000096;i01-g000008-n000000202,de_trial,137.77002630685473,,,,,real_vector,58c1533f69014182e8937bbdf57953ea,DdoJCWPnEcDMBkSnizj0PyrBjGIiJ/W/IEBlxqZQob99oq+rZikQQMDpEQ+qXPE/eH7AD0ofBsCwTlKFOeC4vwLqmsIpnBDAtUJ30jiS878=,compact,4,10,,
run-20260903T230838Z-4891f68f,2,451,423,17,1788476919.167948,5867937000000,i02-g000017-n000000423,i02-g000016-n000000397;i02-g000009-n000000243;i02-g000003-n000000087;i02-g000014-n000000355,de_trial,130.87340826673682,,,,,real_vector,3423ab645e107755d6cde65599da2828,gm3YrczFCsAjRbgE8WH2Px38BubdVQjAAJxX/H4rfr9mJxLF96oDwGwJiN0gUtY/hFPB680q6D9I36DOzo3uPxfKBZ4GRQFAQjoiMsYW9L8=,compact,4,10,,
run-20260903T230838Z-4891f68f,2,452,424,17,1788476919.168946,5867937000000,i02-g000017-n000000424,i02-g000013-n000000324;i02-g000014-n000000363;i02-g000010-n000000253;i02-g000004-n000000114,de_trial,149.92904200956778,,,,,real_vector,b82722aec96459d88ee7e45d64eaf29e,SurgmK3eAkAhnUONx3vuv2LliQ0DRwlAnJwupgrk9T//GZlzv0UOwMKTMYrcStm/JtrAi7W8+L8mJdsBRJzRP57OCzo75fS/KewFwPJMAEA=,compact,4,10,,
run-20260903T230838Z-4891f68f,2,453,425,17,1788476919.168946,5867937000000,i02-g000017-n000000425,i02-g000006-n000000170;i02-g000008-n000000213;i02-g000016-n000000412;i02-g000010-n000000269,de_trial,155.54353257206333,,,,,real_vector,c85722615571db10def6c82dc0472534,V4652CRMAEAhD3z6+Ab6v1BdrsvZfdo/rGRNkwsZC8D+RAuubMsAwG8Ipym6Avg/RBMSOYXC2L+WV/0rKQL0v6k0m0PhbPu/S9uUNY6R0D8=,compact,4,10,,
run-20260903T230838Z-4891f68f,2,454,426,17,1788476919.168946,5867937000000,i02-g000017-n000000426,i02-g000016-n000000400;i02-g000010-n000000253;i02-g000010-n000000248;i02-g000016-n000000405,de_trial,156.9063236392763,,,,,real_vector,b661c8ffc73f30e9b3f7e2ed0eb3a129,OiG8dVnpCEDLdpnzO3P4v1vod4GLTw/AOPfqOlUZ3z+W/XZ5EKfnv0z5CEZyQMo/rPFBZKLMAUBTWCzgIRkFQL7IaNjdKPw/np5zXV72BUA=,compact,4,10,,
run-20260903T230838Z-4891f68f,2,455,427,17,1788476919.168946,5867937000000,i02-g000017-n000000427,i02-g000010-n000000253;i02-g000009-n000000243;i02-g000010-n000000248;i02-g000003-n000000087,de_trial,148.15301391360336,,,,,real_vector,24c9cc2f594e97e7648fb07caa428c68,9m0cfK5eCUBEkr4DU20JQKh6s+HZ4fI/N+JK9nufA8CKId/oq6MPwNeKof7MWwVA8tyw09UmAEAwyA1NcQTzv9QOLxC84A9AXGWhe8Nh+j8=,compact,4,10,,
run-20260903T230838Z-4891f68f,2,456,428,17,1788476919.168946,5867937000000,i02-g000017-n000000428,i02-g000011-n000000280;i02-g000016-n000000416;i02-g000016-n000000397;i02-g000016-n000000412,de_trial,102.0119032206154,,,,,real_vector,0b244b82d796fcce921335ddbd015c2c,UoFOZBht9L+fjsRxSL7tP+o1GX46+v+/Lnuz67+767+xmMb1Mn/xP3fySneyC+O/240YYYs/678AkDYAOzupv/ntpcg6lBDANqUlRtJ/C8A=,compact,4,10,,
run-20260903T230838Z-4891f68f,2,457,429,17,1788476919.168946,5867937000000,i02-g000017-n000000429,i02-g000014-n000000355;i02-g000016-n000000412;i02-g000013-n000000342;i02-g000010-n000000269,de_trial,126.09835986652055,,,,,real_vector,b8054c968d0b332db8847cfe2069d0cd,9sC2AnhT4b/CQTRx+Nn9v3r7I0uG8fM/q1gXKleXAsDpg1wulFbzP5HUeGmNz/o/DvMwvI0k2r8CGWcp6ToAwADRcAyUYqy/hyeqMu0x478=,compact,4,10,,
run-20260903T230838Z-4891f68f,2,458,430,17,1788476919.168946,5867937000000,i02-g000017-n000000430,i02-g000012-n000000306;i02-g000013-n000000342;i02-g000010-n000000269;i02-g000016-n000000417,de_trial,132.20187634363856,,,,,real_vector,3af247932966d87aa3adcf92d0e7b805,n2imQRZ9B8Ae5UExcl31P9AQ8eBfUci/HA1f1nsBDMAEUyhOFELnv4B7zgeBWd0/pZuZBKZR67+QLbw7HW/iv3kPdFc/Vv8/gKiehu+w6b8=,compact,4,10,,
run-20260903T230838Z-4891f68f,2,459,431,17,1788476919.168946,5867937000000,i02-g000017-n000000431,i02-g000016-n000000405;i02-g000016-n000000412;i02-g000016-n000000397;i02-g000016-n000000400,de_trial,124.96333233458998,,,,,real_vector,55b6f420c27e0eae243d506b0f1e355f,9Er34Avc3D9kc9LApqjpv34YE4RMh+4/YFM0VfcPB8AiAX6LYqvzvyTf1kA1jgVACmkUks7f8j/AessB0U3Qv/Y+Yzxg6vY/sl5yCpcv+z8=,compact,4,10,,
run-20260903T230838Z-4891f68f,2,460,432,17,1788476919.168946,5867937000000,i02-g000017-n000000432,i02-g000010-n000000268;i02-g000003-n000000087;i02-g000016-n000000412;i02-g000013-n000000324,de_trial,120.34762338596688,,,,,real_vector,a97bd5a32afb181a737b989699869e89,isoiRwQ95r+KykxLLFkCwDx7Agb1RA7AgIpYQJdJrj/k6wzbcB37P4j0h16Cf7q/XPyYOiQ7+b8mkADvBE3Wv6lGB9KsaADAVNEbyM7o6j8=,compact,4,10,,
run-20260903T230838Z-4891f68f,2,461,433,17,1788476919.168946,5867937000000,i02-g000017-n000000433,i02-g000003-n000000087;i02-g000004-n000000114;i02-g000011-n000000280;i02-g000014-n000000355,de_trial,142.80913782951768,,,,,real_vector,4236bd94d50749f64d0e4d96be63e744,3EmhJ8oa4D9Kt5OFkxDjPwgcJib0S9M/iTkYQcck5L8QumXpoRz/P6w2pyqlnNy/UOISGRUuy7++ywVu3+/jP0kWOWQH7fc/kKSMHQWHuT8=,compact,4,10,,
run-20260903T230838Z-4891f68f,2,462,434,17,1788476919.168946,5867937000000,i02-g000017-n000000434,i02-g000004-n000000114;i02-g000014-n000000363;i02-g000016-n000000417;i02-g000006-n000000164,de_trial,156.18405949917644,,,,,real_vector,e15fb4ae9a8d6c8845bdb20510fa708b,vpislK435r8yZcR6nivfP92+pTgaFwtAsOcOnbm19b8YmMlIbcDRP8zL8oHL1+C/QzAaq1t9D8C0KnLsGQntv15IRAGK8ALAjzmgufkL8T8=,compact,4,10,,
run-20260903T230838Z-4891f68f,2,463,435,17,1788476919.168946,5867937000000,i02-g000017-n000000435,i02-g000008-n000000213;i02-g000013-n000000342;i02-g000014-n000000363;i02-g000016-n000000417,de_trial,113.47494126370029,,,,,real_vector,83a3ab32bee0c50a64d90cc008510f4c,1I+fS/q/+b+gdmm9uFyuv9JnYG4i1eU/61Too6mR5z8QlCvONC2+v4odeTDPo8I/PM4f3fv5+78HvD7Dfdbkv8TE/OItKPW/4Larerfx5b8=,compact,4,10,,
run-20260903T230838Z-4891f68f,2,464,436,17,1788476919.168946,5867937000000,i02-g000017-n000000436,i02-g000006-n000000164;i02-g000016-n000000397;i02-g000013-n000000324;i02-g000015-n000000389,de_trial,100.84191012784173,,,,,real_vector,419950834f85953a7f379632aac4fcf0,SKX3NUaszz+cVpWqXlbYP2S1JfpzBvW/aA2r7q2fv78i/hjpYdTOP5Cf0h8unts/B/cEk57DB0AAZxdDnYS9P4BVCBMUzJA/Bb0nhIHO5b8=,compact,4,10,,
run-20260903T230838Z-4891f68f,2,465,437,17,1788476919.169946,5867937000000,i02-g000017-n000000437,i02-g000014-n000000363;i02-g000013-n000000342;i02-g000016-n000000416;i02-g000010-n000000268,de_trial,93.61057069408605,,,,,real_vector,f7aab543f663448bac41bbb3be39b464,XHeQK98SAMB8oVsRz6jsP4CRepQ2U8e/H9LJs44BAcDk6wzbcB37P4j0h16Cf7q/tihxpr3C9b8WW0u+CgPxv2PaZBiuAPW/RruaYyODAsA=,compact,4,10,,
run-20260903T230838Z-4891f68f,2,466,438,17,1788476919.169946,5867937000000,i02-g000017-n000000438,i02-g000016-n000000412;i02-g000012-n000000306;i02-g000013-n000000324;i02-g000010-n000000248,de_trial,182.95179111656466,,,,,real_vector,adecd080a04beebbf410e5d6701319de,RByK0Yap3r/gc/RYA2ERQF6Ax4ZcVAlAOlTy4MNxAcDZ6JcMjEICQB1eC/xabve/wlg23IhB9r+7vfmj/XYNwFUYVKJOqQFApaQowMS1678=,compact,4,10,,
run-20260903T230838Z-4891f68f,2,467,439,17,1788476919.169946,5867937000000,i02-g000017-n000000439,i02-g000015-n000000389;i02-g000010-n000000248;i02-g000014-n000000355;i02-g000011-n000000280,de_trial,65.08873571431988,,,,1,real_vector,0f831f8f02451c3b6537bb37dd219796,"[1.4548214683101766,0.9528173906061081,2.208041041022967,-0.8988648585346398,-0.18397988758821665,0.14958346037650871,1.8523145262308989,2.072676625910222,0.02478975226065938,1.98161430157302]",full,4,10,,
run-20260903T230838Z-4891f68f,2,468,440,17,1788476919.169946,5867937000000,i02-g000017-n000000440,i02-g000001-n000000046;i02-g000016-n000000405;i02-g000004-n000000114;i02-g000014-n000000355,de_trial,141.55513820901288,,,,,real_vector,c2cecdad3fff80a55cefaf5d816e6406,xZ89lmhoAUDTmbOHpHEBQDTKKvC1IQVANdyDNrFP8L+aGukpv5sBQKDMc/u1oOS/JsKi1yyzDEAqncwNH+rXvwvK8x+HjwBA4D/C8rkL5r8=,compact,4,10,,
run-20260903T230838Z-4891f68f,2,469,441,17,1788476919.169946,5867937000000,i02-g000017-n000000441,i02-g000009-n000000243;i02-g000016-n000000412;i02-g000014-n000000363;i02-g000016-n000000416,de_trial,80.54890256234384,,,,,real_vector,3121a3ab3213157ba663dfaf6e19de28,hieHoFUe7T++boPn118HQPS0VC/dfQpA32/1zyhCAMC2gZUuf5//v9jtcYAHLABARPeYVxcp8L9QgsbblabIv2y7jvN6/AJA6r2jYFcM8D8=,compact,4,10,,
run-20260903T230838Z-4891f68f,1,453,426,17,1788476919.169946,5867937000000,i01-g000017-n000000426,i01-g000009-n000000230;i01-g000016-n000000414;i01-g000013-n000000333;i01-g000012-n000000319,de_trial,141.85834709595514,,,,,real_vector,719d61ab927ed7232069dbc97cf9333f,cANz+xF6/D+d488Uo/DgP4ppfhJhy+O/kyHCtPOIEcC3wiJb7qkGwPkVZw55K/2/EcVa8cyz+L9gWaz3+TetPzLTEP5CAgHAzGhlVXzr8b8=,compact,4,10,,
run-20260903T230838Z-4891f68f,1,454,427,17,1788476919.169946,5867937000000,i01-g000017-n000000427,i01-g000016-n000000403;i01-g000012-n000000319;i01-g000016-n000000400;i01-g000004-n000000107,de_trial,92.03279572136678,,,,,real_vector,94e7fab135ff33b1b85b929cf47335c6,CUSM9/Id8L8pyj9weNb7v1VJL2z/j/+/fB/n4YAB7j99Hq6Tk70AQF9L5ZqwWvs/ubJ6Y3rc7b/M+uyZQDIGQAj0RzIQ/c+/Tf+7sN0I+L8=,compact,4,10,,
run-20260903T230838Z-4891f68f,1,455,428,17,1788476919.169946,5867937000000,i01-g000017-n000000428,i01-g000012-n000000306;i01-g000012-n000000319;i01-g000008-n000000202;i01-g000011-n000000275,de_trial,198.43233994913203,,,,,real_vector,061fff5dd4a651bb8d5a27d4b9018a8c,aP+VWjuM57+YLywYPRToPxNfUxptfgrA/M8saFYx+L/Y2jtpBXwSQKUZ1s1pnAhA9PJoa0laA8DEZBVl47sHQBYf4i/D2vU/0DghyVP4CsA=,compact,4,10,,
run-20260903T230838Z-4891f68f,3,269,250,10,1788476919.169946,5867937000000,i03-g000010-n000000250,i03-g000001-n000000051;i03-g000003-n000000084;i03-g000001-n000000046;i03-g000001-n000000050,de_trial,151.5934259340618,,,,,real_vector,a5421f7a880f727aaff74780353c2785,+bYau0Ra4j+sabrlzhUIwPCw70bFGAFAQn0SsUbr/b/gHkOmF1j5v6ytFcz+jApAFv+amAWDAMBWZjb9lUDrP/qzlM/NYAzA/N71ey8Z3z8=,compact,4,10,,
run-20260903T230838Z-4891f68f,3,270,251,10,1788476919.169946,5867937000000,i03-g000010-n000000251,i03-g000005-n000000127;i03-g000003-n000000084;i03-g000009-n000000238;i03-g000002-n000000077,de_trial,174.6967854203348,,,,,real_vector,0cd6446725a39523f51f0ceeae82c83c,i7k2Otwk+D8QCdRjMxT4v0AWC6UBAgRAgGVoElv65z/TdyoceIjxP4rtbGD/hPU/8NjU+JUs/L9Qztzcz4v2vxXL4hjUsg7A65X72GCf+T8=,compact,4,10,,
run-20260903T230838Z-4891f68f,3,271,252,10,1788476919.169946,5867937000000,i03-g000010-n000000252,i03-g000007-n000000178;i03-g000008-n000000224;i03-g000005-n000000151;i03-g000005-n000000127,de_trial,172.16049839850197,,,,,real_vector,48125fd68e51a477e4f915209f595249,PqQULmHE8r9lpDq1a5j4PwAPfH07IgRAQPJBd7Q9BsAQni5FfMnWPzmgHPwEmOe/ymwHZpau/L9IV1gjCEbdP+Z/Ld0LJAzAKB0Qza7J0D8=,compact,4,10,,
run-20260903T230838Z-4891f68f,3,272,253,10,1788476919.170947,5867937000000,i03-g000010-n000000253,i03-g000003-n000000081;i03-g000002-n000000070;i03-g000009-n000000233;i03-g000002-n000000066,de_trial,138.01693507544184,,,,,real_vector,694fd8a35110d07365498234f4bc7a8e,YhNpnENVB0AwYn3ofxfAvzRq+fqDmAvA8xJ7S7ue7b/hbASMpkX2v8BIo1iSkrG/syG4BoXG9z+aScE+32IQQOhd+Ljn9OU/89Asm7op+z8=,compact,4,10,,
run-20260903T230838Z-4891f68f,3,273,254,10,1788476919.170947,5867937000000,i03-g000010-n000000254,i03-g000001-n000000048;i03-g000003-n000000081;i03-g000004-n000000107;i03-g000008-n000000224,de_trial,115.37254091502867,,,,,real_vector,7823462dbb3c46e7ba86420ef7464816,Xkf/LdJfA8AGYcCOfsjoP0zHMTnEVe0/jKkI+vFK5b8UwhrO+dXjPwiY8fwf0+e/YVTP//YR4b/Q+cNHWHLOP4DIwvR+Abe/CjVMzfF4678=,compact,4,10,,
run-20260903T230838Z-4891f68f,3,274,255,10,1788476919.170947,5867937000000,i03-g000010-n000000255,i03-g000004-n000000107;i03-g000008-n000000224;i03-g000009-n000000238;i03-g000009-n000000233,de_trial,135.94762294396148,,,,,real_vector,1f0261beb5b162ebf586562f9b15f9e4,xMHRlD+t2L+4KUfEzvMEQNpEqb4mCwxAOMlX1YhH6L/+ktznU8/vP8ZvNYooz8o/Px7CreMU8b92z7RsY4kFQNqT6+Lg0QbANFvQbuoy6T8=,compact,4,10,,
run-20260903T230838Z-4891f68f,3,275,256,10,1788476919.170947,5867937000000,i03-g000010-n000000256,i03-g000003-n000000084;i03-g000002-n000000077;i03-g000005-n000000127;i03-g000009-n000000237,de_trial,176.46357536702675,,,,,real_vector,42c4bfba9a9112b3674b8a27dd8f16d6,GE5x/sdJzT/CGOL8LzQTwPDyY3iUA/A/wZwPebcsC8D91hTrGMwEwM/KefW3sAZA1vkYWVBlAsDa7XDTP+0JQHweelzOBfw/tCYowxdP478=,compact,4,10,,
run-20260903T230838Z-4891f68f,3,276,257,10,1788476919.170947,5867937000000,i03-g000010-n000000257,i03-g000009-n000000233;i03-g000007-n000000186;i03-g000001-n000000046;i03-g000008-n000000224,de_trial,180.63672648241152,,,,,real_vector,04247dbada32d4deece0738925a799a4,cpSnP7D697/AzwpJDknQvxm3Nn1LZAlA0DuDiR/YEkDEhmIRhrvzPz7BPD0YS/g/Y6VwbsxT6D9mQLQ1WY8CQABLa/fsgtO/iHo2tsFr+D8=,compact,4,10,,
run-20260903T230838Z-4891f68f,3,277,258,10,1788476919.170947,5867937000000,i03-g000010-n000000258,i03-g000001-n000000049;i03-g000002-n000000066;i03-g000002-n000000077;i03-g000002-n000000070,de_trial,180.35600299162184,,,,,real_vector,597b4a89f5a78db66bda4d5b2a47db38,BpS4zdWzDcCmfq6aJTcPQP9EkYK84gdAV3/3U3jWAMDN3exLQbLzvwVH0FF2BAVADiHyw9bI+j8xa4RFH9ULwM13R9O1evi/BpJbLyVT1r8=,compact,4,10,,
run-20260903T230838Z-4891f68f,1,456,429,17,1788476919.169946,5867937000000,i01-g000017-n000000429,i01-g000013-n000000333;i01-g000016-n000000400;i01-g000011-n000000275;i01-g000016-n000000414,de_trial,113.61253339437302,,,,,real_vector,92a5f4ba1eb7c78459ad0e23f0496cc2,uqmzKSHw+b/2DH2cZPAGwEzGkZNd4fy/PjDrxD0s7L9jlQ5JFHINQGUBdq5FI92/RCcVNy+g77+GlAT947XRv/8UFLnIFQDAoIxN0nAaxD8=,compact,4,10,,
run-20260903T230838Z-4891f68f,1,457,430,17,1788476919.169946,5867937000000,i01-g000017-n000000430,i01-g000006-n000000160;i01-g000004-n000000107;i01-g000009-n000000245;i01-g000010-n000000246,de_trial,106.4917406881347,,,,,real_vector,50c9a9000f6394d729e7845c8d0cb840,7HmBx3/p3T+HI7P6g/0IwMSZwiJBawHAmij28B6xAMAYjYq0VFjMP0MIBkGLYg9AisX/SFez8b/gON9T67afv2xreq8vQvI/5KtqiqxyCsA=,compact,4,10,,
run-20260903T230838Z-4891f68f,1,458,431,17,1788476919.169946,5867937000000,i01-g000017-n000000431,i01-g000012-n000000318;i01-g000005-n000000123;i01-g000012-n000000311;i01-g000012-n000000319,de_trial,112.19897044034181,,,,,real_vector,7bc412322714a803598265042e21cf6d,zBqFPsF3A8CE3qUEtFMGwGzdhNE2s/S/+hvdl5GE8j8hjR40EJv+v7gvPjRRuwfAvgRdeymKB8BAq2UTpRr9v3Y5R2ZW4+8/DBvXTHnsBUA=,compact,4,10,,
run-20260903T230838Z-4891f68f,1,459,432,17,1788476919.169946,5867937000000,i01-g000017-n000000432,i01-g000003-n000000096;i01-g000010-n000000246;i01-g000016-n000000410;i01-g000004-n000000107,de_trial,136.70007249054078,,,,,real_vector,4ec1037b57dc861fc6b02ae0c4c16cf1,NbnRAFppB8C5uiq2UE0NQFwHM4UDRwBACPwG9Vo7A8ANO7Nh4A/9v06qB7m12e2/RBLOtWfE77+5/Af1tx7VP8z+uCOnFAJAJuqcm5mADUA=,compact,4,10,,
run-20260903T230838Z-4891f68f,1,460,433,17,1788476919.170947,5867937000000,i01-g000017-n000000433,i01-g000012-n000000311;i01-g000003-n000000096;i01-g000016-n000000414;i01-g000008-n000000202,de_trial,120.90251193177183,,,,,real_vector,2649482a5c15a5b4c55eb156b8c72154,Y4uX2R6tB8CUhWuhaf76P5Z12JVr1AjAinxZ2gKA/7+SiiZuY/T8PywECywZkuA/n0Z8dp1XAsC8SN7ujVrtP1hHC+wnYs6/5pBgard84L8=,compact,4,10,,
run-20260903T230838Z-4891f68f,1,461,434,17,1788476919.170947,5867937000000,i01-g000017-n000000434,i01-g000016-n000000410;i01-g000015-n000000391;i01-g000006-n000000170;i01-g000010-n000000246,de_trial,152.991085024705,,,,,real_vector,d74dfe140267105a01abb70e18a0ceb2,gMnzyAyflL+GbwvieT7xPzzGpw0QK/A/JKxDeARx2j/G8o16T2ITQMClJDzGU50/RfxwVkyEBMBgdWu2DFvZv8dkyvfmnfm/UP8NtbqvEcA=,compact,4,10,,
run-20260903T230838Z-4891f68f,1,462,435,17,1788476919.170947,5867937000000,i01-g000017-n000000435,i01-g000007-n000000191;i01-g000012-n000000306;i01-g000012-n000000319;i01-g000015-n000000391,de_trial,151.0288627107613,,,,,real_vector,3b9ffd0393502b8f1e3bdadd0775c149,yHmXdqWg3D+Y+LDAa57tv37AWKsUwem/ihYMqUwn6L8YsfSz/GMEQOqeQVwxnfA/l2Q+Xlic/r/0Gh7eZXsLQMnrdVtvmA9AejZghJorDMA=,compact,4,10,,
run-20260903T230838Z-4891f68f,1,463,436,17,1788476919.170947,5867937000000,i01-g000017-n000000436,i01-g000006-n000000170;i01-g000009-n000000245;i01-g000012-n000000319;i01-g000005-n000000123,de_trial,155.4653401377228,,,,,real_vector,61e4d367afbee03494024bc7ebe7a6af,oyQwlIUyAUDEfRzHOA/4vx7c4ITEk/S/nCfvcjHf8L+0YGllL8MLQDQpDtvJHQhAIMh2pZxTsD8zdgWACOLhP67lvKP8g+I/9lHz5V9WE8A=,compact,4,10,,
run-20260903T230838Z-4891f68f,1,464,437,17,1788476919.170947,5867937000000,i01-g000017-n000000437,i01-g000011-n000000291;i01-g000012-n000000311;i01-g000007-n000000191;i01-g000011-n000000275,de_trial,116.06085618119714,,,,,real_vector,9d94232e661fcc7524e8d2aa7e969be7,/NXh+GEh8L/yjSWfFzUHQEwWAoXTHhHAdk25gyjRBsAGWExZVXDwP/YurNn22um/R3YjDvbz6L8AVqkWeOfXP6lQT3JD/vM/BJCC6hgxAsA=,compact,4,10,,
run-20260903T230838Z-4891f68f,1,465,438,17,1788476919.170947,5867937000000,i01-g000017-n000000438,i01-g000016-n000000414;i01-g000016-n000000400;i01-g000011-n000000277;i01-g000006-n000000170,de_trial,160.61754391432981,,,,,real_vector,6729899f63e868bd0e7f5ba0576b9392,y1iYpueb87/O2LFXov/fvwYUVMAPGwrAkpB2MRcXAsAx+S5BUoEFQMYkhl/NvtC/GnvRlNxA8b86qIToT8jiPyaoUTTDmt6/qxCPFkKrBcA=,compact,4,10,,
run-20260903T230838Z-4891f68f,1,466,439,17,1788476919.170947,5867937000000,i01-g000017-n000000439,i01-g000015-n000000391;i01-g000005-n000000123;i01-g000012-n000000311;i01-g000011-n000000277,de_trial,153.84865059770584,,,,,real_vector,0e53d9607cf54028fc85d1887269e7a2,DUvqjvcw9L+SeZH2DCwAQG5j8ajnd/+/djUVIPg6A0DJb+50tv/tv9VEy3vxlgPAA5OmkAifAsCqihbecEjgv6557+pbhgFAANVlR9wkEUA=,compact,4,10,,
run-20260903T230838Z-4891f68f,3,278,259,10,1788476919.170947,5867937000000,i03-g000010-n000000259,i03-g000008-n000000224;i03-g000009-n000000238;i03-g000001-n000000048;i03-g000001-n000000051,de_trial,123.76879999829998,,,,,real_vector,a8b3049b3ba2b3658fda3f3cb1109ef6,4PQzgZdKvj9M6Mm6rogHQMJuF+gEahBAq1gXKleXAsBmFljdbiMBQGx4X52e1MA/zJUb8hz3/z+kEDuWG7XWv0QDBtPZnvc/QXeFFRc0+j8=,compact,4,10,,
run-20260903T230838Z-4891f68f,3,279,260,10,1788476919.170947,5867937000000,i03-g000010-n000000260,i03-g000007-n000000186;i03-g000002-n000000066;i03-g000005-n000000151;i03-g000009-n000000233,de_trial,200.73390261127236,,,,,real_vector,8087700395a61f6cb922e3cba524eb85,ioSGXtgJDcCf/Zej89wKQLHe24rKp/u/RlaEEpNo97+C+KMB5lEOQMzZuyF/sw1A+KJ59wTB4j+nWOubHer+v5yqDd2gqwbA/ZreKIk9DsA=,compact,4,10,,
run-20260903T230838Z-4891f68f,3,280,261,10,1788476919.170947,5867937000000,i03-g000010-n000000261,i03-g000009-n000000237;i03-g000004-n000000107;i03-g000001-n000000049;i03-g000005-n000000127,de_trial,179.6174640348575,,,,,real_vector,c2cfb2ba3c905533338ea3fb42296d93,hrpG3pglBMA6vYrWHAYKQDTyHqL4j/O/M35oUABG+D+wnP9vW4fyv1hoaWcBReQ/OI34F5sABkCqoIjkmyALQGUEstk8HwrAQEmiZ8tCAcA=,compact,4,10,,
run-20260903T230838Z-4891f68f,3,281,262,10,1788476919.170947,5867937000000,i03-g000010-n000000262,i03-g000009-n000000238;i03-g000009-n000000237;i03-g000001-n000000049;i03-g000002-n000000066,de_trial,162.0936672922129,,,,,real_vector,caa7224317aab862f617184f1a7ad9f7,pL7JkmO09T/ALm0EeSKeP6L3XBXjduE/Bp0laamyAUAeFCtbbC0DwH6DVxiqGwfA/LxI9Unk6D/qlyREmBb6vynAaXto6fk/pU9RkdlME0A=,compact,4,10,,
run-20260903T230838Z-4891f68f,3,282,263,10,1788476919.170947,5867937000000,i03-g000010-n000000263,i03-g000005-n000000150;i03-g000001-n000000050;i03-g000009-n000000249;i03-g000002-n000000066,de_trial,125.45136355880663,,,,,real_vector,1fe335e0bea507a18aa5d2a360ebb9fd,72uvEM9c8L9sRJoyg8H/PzgDOqgHIdM/EgrMByfzAMCwc4iTARfiP4qeUq29EQjAouj29Te2E8AfuuCSAff3P4KK5JmfUAlATGbWwMysB0A=,compact,4,10,,
run-20260903T230838Z-4891f68f,3,283,264,10,1788476919.170947,5867937000000,i03-g000010-n000000264,i03-g000002-n000000066;i03-g000003-n000000084;i03-g000005-n000000151;i03-g000009-n000000237,de_trial,140.8989688550029,,,,,real_vector,d8bd2f9ef2eb0152ae56ad87b5d74a88,U6abbh6w8b+AgeqeU1zwv2BNUiE24MC/JDmM7EwhBMC7DGDnR1noP0DQIloZ6ApArDkDP6MG8r+A1jyyBnzHvxxLAHWqkBLA8OTEn5Vn+b8=,compact,4,10,,
run-20260903T230838Z-4891f68f,3,284,265,10,1788476919.170947,5867937000000,i03-g000010-n000000265,i03-g000001-n000000050;i03-g000001-n000000046;i03-g000005-n000000150;i03-g000009-n000000238,de_trial,120.98836346362391,,,,,real_vector,12128d06af04bb053651ca57e7e95cc8,cJqV1ybe978QvyGlgGUDQCj4xrLhGABAYBltwlugAcBw+KJi5t7/P5ero3QPovM/2ARtxzEhzj/+wEWKy00EQFakG5qIuOm/hJFUfJWd7j8=,compact,4,10,,
run-20260903T230838Z-4891f68f,3,285,266,10,1788476919.170947,5867937000000,i03-g000010-n000000266,i03-g000002-n000000076;i03-g000009-n000000237;i03-g000007-n000000178;i03-g000009-n000000238,de_trial,133.35544280602693,,,,,real_vector,e5ecb923b7111b2db00095d98ad60131,+f9090Oc0j/j70nj0Mv1Pz7utitDM/A/0LBL3xWF7b+/Jy3y/ZfWv+WCUI2kCg3Agrb16xmPCUB6nrTLisEPwN7iSKLJCe8/ZNjXyuG8DkA=,compact,4,10,,
run-20260903T230838Z-4891f68f,3,286,267,10,1788476919.172454,5867937000000,i03-g000010-n000000267,i03-g000002-n000000077;i03-g000005-n000000127;i03-g000004-n000000107;i03-g000005-n000000151,de_trial,144.35862151573878,,,,,real_vector,c0050ee4ba4aad00da716b320fe8e24f,eN6l0lqMw79zHkUnryoQQM5Np2nkWPc/AJKBr4/sdT9xkQvOn5wFwIL6tFBJDAlAy0h4bO746z9C0cex5TkSQMlskZeXivg/A2/DKwc58T8=,compact,4,10,,
run-20260903T230838Z-4891f68f,3,287,268,10,1788476919.172454,5867937000000,i03-g000010-n000000268,i03-g000002-n000000070;i03-g000008-n000000224;i03-g000001-n000000049;i03-g000005-n000000146,de_trial,102.44634222298868,,,,,real_vector,edd7bd1c247e7e4b9d25510351a8f29c,IJ0AvVBWoL8iv1eVVPPzPwDAALzU0Kk/3Ly8Oi3c9780vY5MYc7zv0X4tcX2gwbACm9Fk+Zn2r84qBKbsujtP+z9je2G3A7AcfGqlnkZ/z8=,compact,4,10,,
run-20260903T230838Z-4891f68f,3,288,269,10,1788476919.172454,5867937000000,i03-g000010-n000000269,i03-g000005-n000000151;i03-g000004-n000000107;i03-g000001-n000000050;i03-g000009-n000000238,de_trial,183.57947256132175,,,,,real_vector,e7c7449bdfb9ac8aa3c40048072ea150,GiQlxoOMC8CqiNkp+w8IQMK1PSlHsem/a7DJ5nXe9L9M0/U4KH3cv4bCmfkT4QRA9hWPdR3cCcBBoz/ItegNQNcDqpMP6/O/LogKQw4p+b8=,compact,4,10,,
run-20260903T230838Z-4891f68f,3,289,270,10,1788476919.172454,5867937000000,i03-g000010-n000000270,i03-g000005-n000000146;i03-g000004-n000000107;i03-g000005-n000000151;i03-g000008-n000000224,de_trial,164.52898451285287,,,,,real_vector,3d84e599607ade04b1be95350d1685ae,gJo6JajOCMDJz7USfYkQQLjLLuECGOq/BIWtT1JH2j8Q2+YmjZjnv8CahBK/LgZAfN4i4oAZ2L9SYXMvekIFQMWO1YUo5/S/6bD2nMPNEMA=,compact,4,10,,
run-20260903T230838Z-4891f68f,3,290,271,10,1788476919.172454,5867937000000,i03-g000010-n000000271,i03-g000008-n000000225;i03-g000001-n000000048;i03-g000005-n000000146;i03-g000009-n000000249,de_trial,128.37974443850425,,,,,real_vector,bf5fcfbc9aa7125227ef55d248c0e256,hD3htaKzAMDogSqEIz7rPxDShS/e3QVAcEYfHJiIvD+zt7oFVr4KQACIaDtCmtk/7dTNcVhXDsAc+3t5x+fjv+YIdD9IDPO/P2rf22xzAEA=,compact,4,10,,
run-20260903T230838Z-4891f68f,2,471,442,18,1788476919.170947,5867937000000,i02-g000018-n000000442,i02-g000016-n000000416;i02-g000010-n000000269;i02-g000006-n000000170;i02-g000010-n000000253,de_trial,169.54570185408332,,,,,real_vector,c5da840b47d391f199d2ba6d517db6d6,XHeQK98SAMAqi2dVEMoRQKfBtb7ObQRAiv2Soaj7DMAWwmMpwG4GwJSegX1m0eU/sM4y5r4SCcAWW0u+CgPxv5Kwhnatef0/EAMbMIz22D8=,compact,4,10,,
run-20260903T230838Z-4891f68f,2,472,443,18,1788476919.170947,5867937000000,i02-g000018-n000000443,i02-g000010-n000000269;i02-g000017-n000000439;i02-g000016-n000000416;i02-g000004-n000000114,de_trial,122.56112599750706,,,,,real_vector,bd32b6fd23a8fd00ad7fa76baf328fe4,lO2g4JYV3T8gMLViIqrbP7BvBMGI3+Y/VD9xA3KI9L9ozKL/KU/+vwsGzprfxOE/a4BmtlNb7j/ExfAyfIveP3RPub+VhwDAvHS1FOch6z8=,compact,4,10,,
run-20260903T230838Z-4891f68f,2,473,444,18,1788476919.170947,5867937000000,i02-g000018-n000000444,i02-g000016-n000000417;i02-g000008-n000000213;i02-g000014-n000000363;i02-g000010-n000000253,de_trial,156.94732221752312,,,,,real_vector,9935b80c60979dfcc50efbcad80fc6c3,ML4vUKQPwT9nswhAjA3aP9fkmB8UTgNAYIJ/56ljyz8yF89MtJ0AwFcgf+jc2+I/JpI5kB8DDsA/FKstHKHivwkBhYFjbwvAgGIY0wTxxL8=,compact,4,10,,
run-20260903T230838Z-4891f68f,2,474,445,18,1788476919.170947,5867937000000,i02-g000018-n000000445,i02-g000013-n000000342;i02-g000006-n000000164;i02-g000010-n000000269;i02-g000010-n000000268,de_trial,154.03397976711483,,,,,real_vector,4c751ad6f629651792dd0b795b027469,mUSScMipB0BMbTiVFjACQFhtS1sHCNc/vDuWIYXf4L8gOTJnFon3v/DZCkkJgOU/ZCG0q7IHzT/R8B/4qSgQQG5mOx+MYfM/hL3GfAhW378=,compact,4,10,,
run-20260903T230838Z-4891f68f,2,475,446,18,1788476919.170947,5867937000000,i02-g000018-n000000446,i02-g000010-n000000248;i02-g000016-n000000397;i02-g000011-n000000280;i02-g000013-n000000324,de_trial,148.28914257896582,,,,,real_vector,89fec26f0ef0ccdff60e0696a272db18,PuBgVPJh+j+4GhMdKNfYv48tqyrcUBHAdbYpmhgt5L9wMhmoQ6ynv7Arda/uzMW/MGwvP5M86L+IcopeY9XNP0WL/B2nJOG/83amfNrE5L8=,compact,4,10,,
run-20260903T230838Z-4891f68f,2,476,447,18,1788476919.170947,5867937000000,i02-g000018-n000000447,i02-g000016-n000000397;i02-g000014-n000000355;i02-g000001-n000000046;i02-g000006-n000000170,de_trial,89.93963226859749,,,,,real_vector,9958da5015520899859406fb0d192dee,iH1tczJGxb8YXvlrNnPpv8JWsip1uAdAxDojXHs98r/hc82i1ugGQDOw9MWjKei/to5PSyHA/79I36DOzo3uP0xYw5QJYQfAhJzVYa4ABEA=,compact,4,10,,
run-20260903T230838Z-4891f68f,2,477,448,18,1788476919.170947,5867937000000,i02-g000018-n000000448,i02-g000013-n000000324;i02-g000014-n000000363;i02-g000016-n000000397;i02-g000008-n000000213,de_trial,134.88832906069246,,,,,real_vector,262ce4a1518429635348abd68906cb96,Wh+M6KkH4z/0Du8Li3javxN3Sthox/0/aiCS/2tX4r9gF5zgHPfKP8DAh0FAy6o/DO0WLEusAMCQKuZDzzHZPwPn5vBIqfe/qPVcWzUN2D8=,compact,4,10,,
run-20260903T230838Z-4891f68f,2,478,449,18,1788476919.170947,5867937000000,i02-g000018-n000000449,i02-g000006-n000000170;i02-g000003-n000000087;i02-g000017-n000000441;i02-g000008-n000000213,de_trial,118.24537968092949,,,,,real_vector,214f40ce6529edd4e66325c246d9b390,RSwetxFf7b8Qzo/dM6XbP0f71XqZfve/KOAbMpjix79sTKikhKjzvwsGzprfxOE/S2AB394D879kI3PcZMDbP/y+K2TU6e+/kHbfvSfT8z8=,compact,4,10,,
run-20260903T230838Z-4891f68f,2,479,450,18,1788476919.170947,5867937000000,i02-g000018-n000000450,i02-g000016-n000000400;i02-g000010-n000000248;i02-g000013-n000000324;i02-g000017-n000000439,de_trial,96.8721744735142,,,,,real_vector,b03398a37450194edfbf717cf4a2360f,VqEzzmCl7z9way8p8Z64P2B3HXRTutq/ErexIUlVxL/QlKWlluKHP1pAxoNNbfe/+C0NDaQFAcA4/WARYJr2P2Ju9eVsCPC/NjzdbjwM+j8=,compact,4,10,,
run-20260903T230838Z-4891f68f,2,480,451,18,1788476919.170947,5867937000000,i02-g000018-n000000451,i02-g000010-n000000253;i02-g000017-n000000441;i02-g000012-n000000306;i02-g000008-n000000213,de_trial,164.44487666592468,,,,,real_vector,49f810b850c55682a9f5222adec5fcf0,3aGJEsqr8r8AbWXneI4RQB1Rd3giDw9ADMO4dMWFCsAg6uVJEZjEP5SgktKGGuU/6ssSn3ol87/jTwftLYT0P8L+irkW4xBAgd+FYulA6D8=,compact,4,10,,
run-20260903T230838Z-4891f68f,2,481,452,18,1788476919.170947,5867937000000,i02-g000018-n000000452,i02-g000011-n000000280;i02-g000003-n000000087;i02-g000017-n000000441;i02-g000006-n000000170,de_trial,79.78831586422024,,,,,real_vector,1c079dbb38b265b3977fb989a21bf70b,5NEds+0h5j/056Zf7IHsvxgDmrOymP+/4v0D9iIB/j+qWSw1lLbyv86CeWJBLAHAtom7n7RQAsA8+B9mMFTBvxAQfo6FmgbAPKdbz+/q7D8=,compact,4,10,,
run-20260903T230838Z-4891f68f,2,482,453,18,1788476919.170947,5867937000000,i02-g000018-n000000453,i02-g000014-n000000355;i02-g000017-n000000441;i02-g000016-n000000405;i02-g000010-n000000268,de_trial,172.40419990156414,,,,,real_vector,0144db4ae95bf9a9ee6b7e92eba6066b,IjALAxmkB0B2ASYF7+0MQOyOaa4NLRNAELedfxKc2L8XTXzMmi3qP4QQJDNbvPg/YGgARQHA8T88e7cpujG8PzjL0fJ90gtAg/G24BBsAkA=,compact,4,10,,
run-20260903T230838Z-4891f68f,2,483,454,18,1788476919.172454,5867937000000,i02-g000018-n000000454,i02-g000012-n000000306;i02-g000014-n000000355;i02-g000016-n000000417;i02-g000010-n000000253,de_trial,210.55157424864086,,,,,real_vector,06851098ffe6e82be52acd6e0abab02f,NpNpZWvJ/L8obJVFZwIKQEds1S49jRJAMmob/EHECcDhINe4UEcEQFuLWYsEdtO/xTieGspZDMAwr8AQiBT0Pzww9QMwpxHAQJcJKCpDtr8=,compact,4,10,,
run-20260903T230838Z-4891f68f,2,484,455,18,1788476919.172454,5867937000000,i02-g000018-n000000455,i02-g000016-n000000405;i02-g000013-n000000324;i02-g000008-n000000213;i02-g000006-n000000170,de_trial,90.70867926785395,,,,,real_vector,adb7d241664eb0ab776eb9d33e879a2e,yUSJbdu+8T/i+Wb+2CfjP3rhJ3H2OQVAWFcE2TcD8z+4GKHZ79KqP1rY4J504cW/DdK4XVf86z/k6TmXW3HGv+JDfJ+42f2/8tz2h0Cv5D8=,compact,4,10,,
run-20260903T230838Z-4891f68f,2,485,456,18,1788476919.172454,5867937000000,i02-g000018-n000000456,i02-g000010-n000000268;i02-g000008-n000000213;i02-g000017-n000000441;i02-g000003-n000000087,de_trial,105.91900014697342,,,,,real_vector,4d9a764ca2204b66fec20b8f186c45b0,y+XhZU4jAUAFM7wJrlUBQAPrwFyfuglA6ZOuLugc7L82ezm3y9QCwIj0h16Cf7q/kzB86HUr6L8bZMNwu4Tiv2ycxBKLMe8/yB6Z80r30T8=,compact,4,10,,
run-20260903T230838Z-4891f68f,2,486,457,18,1788476919.172454,5867937000000,i02-g000018-n000000457,i02-g000003-n000000087;i02-g000016-n000000412;i02-g000010-n000000248;i02-g000004-n000000114,de_trial,98.92461883475832,,,,,real_vector,50ccef6ebdcaebc2e786da669b488bd0,kagymdxE4D/BgjYcMTQAwACAQQiSrHi/pCFyqz53BMDC7fzBRycKwHwx7GXQ9ew/uCy8+YNgvD9jgFgeRizwv6K71HfbduU/7N1xyKigAEA=,compact,4,10,,
run-20260903T230838Z-4891f68f,2,487,458,18,1788476919.172454,5867937000000,i02-g000018-n000000458,i02-g000004-n000000114;i02-g000016-n000000412;i02-g000016-n000000405;i02-g000010-n000000248,de_trial,177.8546914314919,,,,,real_vector,3ee5ab9c757b163063cdaed3542be89f,YraHnt7+2r/gU2OzyUjePz/SJ/amcg1AkgDD25jXA8C1m1w+KHPkv4ZwiQJO0QBAXCq7eyeZ4j8mH0ocyGwDwAjAmV77NAJA6Ci1el3qsT8=,compact,4,10,,
run-20260903T230838Z-4891f68f,2,488,459,18,1788476919.172454,5867937000000,i02-g000018-n000000459,i02-g000008-n000000213;i02-g000003-n000000087;i02-g000016-n000000397;i02-g000010-n000000268,de_trial,110.35553092960541,,,,,real_vector,8fcb593d71fbe7db651a9c3f4da4087d,sEQOrmFY6T+kM3G/o1bQP9ylXqDDbg/A0+vkzfkb/z+UeTu0JqH/v7Lw9FdriQLAQAWs7170lL9q9Svyrk32P6BmX9MjNAjAx1ipD9XY9T8=,compact,4,10,,
run-20260903T230838Z-4891f68f,3,291,272,10,1788476919.172454,5867937000000,i03-g000010-n000000272,i03-g000001-n000000046;i03-g000007-n000000178;i03-g000003-n000000081;i03-g000007-n000000186,de_trial,173.1104426140945,,,,,real_vector,081afbd7bd81545193de25bc28541a37,JuNFjyRx0L94Iq3Hcb0PwDqO6MPHXgtAEBTV1eJwxr8Ic0u32FXEP2g8ndkPSgzAyPvCz8EYC0CyT+3Il+MKwAyxpu8JWPM/CBhWAcf9yz8=,compact,4,10,,
run-20260903T230838Z-4891f68f,3,292,273,10,1788476919.172454,5867937000000,i03-g000010-n000000273,i03-g000009-n000000249;i03-g000005-n000000150;i03-g000001-n000000049;i03-g000001-n000000048,de_trial,132.89354785891425,,,,,real_vector,56017a803d404f5da1741a2d5d63df4d,ADcwU+Fk4D9A5sH3Kz7TvwCh6pCKA4c/4MYpDN+ZzT8Q6tekZqXnv1297JtNjQDAb4WG1VvwDUBsOTeFgLDhv1i1l9WzP82/eP/ZgUTDAkA=,compact,4,10,,
run-20260903T230838Z-4891f68f,2,489,460,18,1788476919.172454,5867937000000,i02-g000018-n000000460,i02-g000006-n000000164;i02-g000010-n000000268;i02-g000010-n000000248;i02-g000006-n000000170,de_trial,143.43424956314544,,,,,real_vector,145e747f3698dbc3a0a485ae2f2fc843,gFF5sLdrtb8GNaJPSVX0P2opvhiyJfK/RpU4yo2S4L8M5js9FsUFQESvdqtC69U/INgMtuF6zb8+G8TpeR3Xv7JGma3F0grAwrdr1xjy+r8=,compact,4,10,,
run-20260903T230838Z-4891f68f,2,490,461,18,1788476919.172454,5867937000000,i02-g000018-n000000461,i02-g000014-n000000363;i02-g000013-n000000342;i02-g000016-n000000397;i02-g000008-n000000213,de_trial,125.54343839403867,,,,,real_vector,16d79c1daadea3bc6925ead9f441ea0b,/hKDCqJ3AcAOSwXXFbPXP19NiW6IN/G/bVSPdK57BsAlDGoPYEsGQGCFbKGx75M/Wj6cKfPO4r9MCaBUKTfcv4LZUWqQVgLAWlvsS+FSCMA=,compact,4,10,,
run-20260903T230838Z-4891f68f,2,491,462,18,1788476919.172454,5867937000000,i02-g000018-n000000462,i02-g000016-n000000412;i02-g000010-n000000253;i02-g000014-n000000355;i02-g000013-n000000342,de_trial,138.6188217998423,,,,,real_vector,af674fa382b59117af4158d12ff99e3b,mCcWQppOEEDM/w9m667bPwDjWV4ZOty/LuJ8NYDr8D9L+Bsp3Qzyv6CG9p273No/UzyKCXMaCkDXe2nMK1kGQNgQP/UJd/8/y4NL6yp1D0A=,compact,4,10,,
run-20260903T230838Z-4891f68f,2,492,463,18,1788476919.172454,5867937000000,i02-g000018-n000000463,i02-g000017-n000000439;i02-g000014-n000000355;i02-g000006-n000000164;i02-g000014-n000000363,de_trial,167.59041295023974,,,,,real_vector,1cf64d5d4f6b2577943b024acf7c1bac,MJU9dI+v6z+oTCIO1soFQI+SPBsAdvk/mbjZ9oqfAsAwvEeUioz3P4j6LnmqotU/WBnTqJrh3z8Y5hAkJzgJQG4BUMkdrvq/tPODU7vj0z8=,compact,4,10,,
run-20260903T230838Z-4891f68f,2,493,464,18,1788476919.172454,5867937000000,i02-g000018-n000000464,i02-g000001-n000000046;i02-g000003-n000000087;i02-g000012-n000000306;i02-g000010-n000000248,de_trial,95.56537410438364,,,,,real_vector,cb3798a858853d1319cf98ad967d2ac3,h4d5u83JCMASF9yjbWjsP5lmNZ6l3gDAGgzWi5ma1z+AiDGBZFGvv9RDIGLl1QnAdB/XXroLAsD6Bv0Q0vEAwNDsvwVh5fy/+qqI4JqDAEA=,compact,4,10,,
run-20260903T230838Z-4891f68f,2,494,465,18,1788476919.172454,5867937000000,i02-g000018-n000000465,i02-g000017-n000000441;i02-g000016-n000000416;i02-g000016-n000000400;i02-g000008-n000000213,de_trial,136.95020481292158,,,,,real_vector,4e4f40107970d8e32456ebb4795f1510,5T/TYFToCMAawRP/EMjTP3CPmqpn98e/FdelqcmgCMAzcY7eSJ8KQPfsDrDUb+W/A9Fljug7AMAsAfh50CX0vyLhxxt3IPy/9tMgJbL8DcA=,compact,4,10,,
run-20260903T230838Z-4891f68f,1,468,440,18,1788476919.172454,5867937000000,i01-g000018-n000000440,i01-g000010-n000000246;i01-g000012-n000000311;i01-g000009-n000000245;i01-g000005-n000000123,de_trial,150.43094544587598,,,,,real_vector,3a1ad62091b43d41648dd0eca36c991e,6Cy78fCN17+WdeIWCI8BwOSmTSyBtgrAq2s91W5J6L/bzB7WVtkFQFmJ8g67Ffg/wK6T+5q8xL+EyNl3KnTyv30oJ0awceW/RFyuKDnGDsA=,compact,4,10,,
run-20260903T230838Z-4891f68f,1,469,441,18,1788476919.172454,5867937000000,i01-g000018-n000000441,i01-g000005-n000000123;i01-g000016-n000000410;i01-g000017-n000000422;i01-g000017-n000000427,de_trial,199.0252242936927,,,,,real_vector,ce4beab4cf56540390a703d0e1334d3a,0lUGS2YJA8DUBRvsaVITQElk2bU9nwlAcM2Yo+rLE8BX8XuZpEYQwCqI4DZqodu/wRkxfpwH+L+AupitnHenv4aW3E5FtwVAEd8yWtgCBEA=,compact,4,10,,
run-20260903T230838Z-4891f68f,1,470,442,18,1788476919.172454,5867937000000,i01-g000018-n000000442,i01-g000010-n000000248;i01-g000009-n000000245;i01-g000012-n000000311;i01-g000016-n000000414,de_trial,179.54932894935268,,,,,real_vector,3fb781a44ac9e7546725b89897ce4b7e,1CpMaODf5j8YmPKgMcoOwB1NhqT0Yfe/6P6fEQEn+D8eDcvb3a4FQKUqR4hhHwxAqDI3pN107L/UP+e5dJUAwKBWwcw2tue/saFaU1PbC8A=,compact,4,10,,
run-20260903T230838Z-4891f68f,1,471,443,18,1788476919.172454,5867937000000,i01-g000018-n000000443,i01-g000009-n000000245;i01-g000016-n000000400;i01-g000017-n000000422;i01-g000005-n000000123,de_trial,143.51001693987735,,,,,real_vector,fe231063cde8c552b636a306ea86a378,RiBkoeOB5b/uptbo0pjrP0kZgE02uPW/8elx3dGtBcBOWm77BioFQPDqiKMzm9y/6taSahMe2r9ie/+euEboPwTj6JBSePO/TYftkgpy/r8=,compact,4,10,,
run-20260903T230838Z-4891f68f,1,472,444,18,1788476919.172454,5867937000000,i01-g000018-n000000444,i01-g000012-n000000319;i01-g000007-n000000191;i01-g000009-n000000245;i01-g000003-n000000096,de_trial,153.45435829264687,,,,,real_vector,63055df18685ba8eb491bc561abc4047,TMBne5tsC0AbMtpwwH0CwM6rODcSeArAkv9Zf8MuCcDRdSOID1UHwGYsgQ+RcgFAvI+SGpxYzT8uajPqiyMHQHKfszNLNQlAUONvWaNC0b8=,compact,4,10,,
run-20260903T230838Z-4891f68f,1,473,445,18,1788476919.172454,5867937000000,i01-g000018-n000000445,i01-g000011-n000000275;i01-g000017-n000000422;i01-g000005-n000000123;i01-g000003-n000000096,de_trial,180.46518572843314,,,,,real_vector,6dcca5b297b638707615f5717ba29517,APttAxzc+L8GfVEFoiX2P+dwaUtZsvo/mtBEXxBV+b8NKX4LVu4NwOli7l8MZ/O/7CDkQxzQAcBzRwgmSMLyP/kUbOhw2gpAC0+H86PIDkA=,compact,4,10,,
run-20260903T230838Z-4891f68f,1,474,446,18,1788476919.172454,5867937000000,i01-g000018-n000000446,i01-g000017-n000000422;i01-g000009-n000000230;i01-g000010-n000000246;i01-g000011-n000000291,de_trial,143.36188845717416,,,,,real_vector,e66f151ce8205e16eb8f37e2ce5c0042,KdsG/bl0BMBWFgE6PPQAQC4/9cDfNdC/OCCPMnJR+L+9Dx32qAYBQHZGOwLexeC/vNNVgdbF9b/u+CC2s5P2v+dNbG5Eo/+/unhlWgbr8r8=,compact,4,10,,
run-20260903T230838Z-4891f68f,1,475,447,18,1788476919.172454,5867937000000,i01-g000018-n000000447,i01-g000017-n000000423;i01-g000017-n000000427;i01-g000004-n000000107;i01-g000010-n000000246,de_trial,137.69989073121292,,,,,real_vector,125fb68046ef4e369813c983660b033f,OaoJrPxr4L92japfgpoIwLbHTcMDiwjA+ITW0hTu4T/QEBOfB/IBQMx/zTSCNwZADd7l5aog8L8408at544HQPxsiEPeX9y/6iTPr5+FCcA=,compact,4,10,,
run-20260903T230838Z-4891f68f,1,476,448,18,1788476919.173460,5867937000000,i01-g000018-n000000448,i01-g000016-n000000400;i01-g000017-n000000422;i01-g000012-n000000319;i01-g000012-n000000318,de_trial,127.5969244714795,,,,,real_vector,f4c7d31d0b1f9a3a168be3acfb95e9ad,Fn65O3N69b/ru3B0IVAEQH6uLbpmmPM/ESaHdK8yAcAtxOBX2X/1v8qHbO2zm+k/HJJNPnxe7r/yaEzGRwMFQCnG9XGywQhApDFF2YIJAEA=,compact,4,10,,
run-20260903T230838Z-4891f68f,1,477,449,18,1788476919.173460,5867937000000,i01-g000018-n000000449,i01-g000004-n000000107;i01-g000016-n000000414;i01-g000012-n000000318;i01-g000012-n000000319,de_trial,108.62675393551699,,,,,real_vector,c10ad70c01229fd2c25bf8bacba799c5,kvx8VvaW4r8M6OpDO17tvwTvamhCtOW/O+nfAr7YD8CXQknLtN//vxS/p7ZWpPS/x0qCxSBE+b8AYG+JcddcP9z/WzWPQf0/tFrYjZ4czb8=,compact,4,10,,
run-20260903T230838Z-4891f68f,1,478,450,18,1788476919.173460,5867937000000,i01-g000018-n000000450,i01-g000009-n000000230;i01-g000016-n000000410;i01-g000017-n000000422;i01-g000015-n000000391,de_trial,161.11889043140243,,,,,real_vector,cdddcd38c847097a27264e3153dce5b9,Homzr1fxBsBUXN1AL5kHQOBwOIUuQfs/zJ/xQYalEMDS3ZVJA5QRwJVAxoE8pOY/S/SrMRi47b9W0odGLXn2Pyj/+i/aMhBAZw0VKaSeBkA=,compact,4,10,,
run-20260903T230838Z-4891f68f,1,479,451,18,1788476919.173460,5867937000000,i01-g000018-n000000451,i01-g000017-n000000427;i01-g000009-n000000230;i01-g000006-n000000170;i01-g000016-n000000400,de_trial,158.52695160256238,,,,,real_vector,4e9b8d1646d66b8cf2608a6091af7cf3,XVH3SYsSCcCRk1LcakD1P5yeM0aJ//s/6VRuc+4y+r/BG3OMUpz5P19L5ZqwWvs/kUBGfDZ6/r/Fz/1OMiv2v75TtwpIJgbARruaYyODAsA=,compact,4,10,,
run-20260903T230838Z-4891f68f,1,480,452,18,1788476919.173460,5867937000000,i01-g000018-n000000452,i01-g000012-n000000306;i01-g000006-n000000170;i01-g000011-n000000291;i01-g000005-n000000123,de_trial,107.50806400670207,,,,,real_vector,bca4cb04295954480df9be063ff469a6,KsIgajXsBsBdqGzApfIAQMFN5kLG5fw/rvpLG4+rAsAdduQQRaYCQKrTbLv8fOi/NHN/fQgS8r84hXKZJOCmPzDz2GIxMrw/7vnUYvnOAsA=,compact,4,10,,
run-20260903T230838Z-4891f68f,1,481,453,18,1788476919.173460,5867937000000,i01-g000018-n000000453,i01-g000013-n000000333;i01-g000009-n000000245;i01-g000010-n000000246;i01-g000017-n000000423,de_trial,140.33032251482035,,,,,real_vector,7fc87ebe0a8abcdc898be72268a17488,4jTFV5uNA0Do0rE7rgH9v0cQ3ig9He+/OCIJf3sJBMDwsSzYBEnYvyTX8g8TFcS/pLiPgDu72L+AYrCk5sPnv6sVqkE6ugjASN4Jcb2BCcA=,compact,4,10,,
run-20260903T230838Z-4891f68f,1,482,454,18,1788476919.173460,5867937000000,i01-g000018-n000000454,i01-g000006-n000000160;i01-g000004-n000000107;i01-g000016-n000000414;i01-g000009-n000000230,de_trial,113.14064716209347,,,,,real_vector,fb912adacb6233b5b52def91ea69a0ab,nsSD5s5n7r98yiH5FSbwvyAtHu8bTwHAOnr4L2y3DsD6WoyK0C4EwAMlEHVZm/w/jbrssfVa8b++m5Y5SiPrP5j2dZYRaxFAfE7KVfRk7T8=,compact,4,10,,
run-20260903T230838Z-4891f68f,1,483,455,18,1788476919.173460,5867937000000,i01-g000018-n000000455,i01-g000012-n000000318;i01-g000016-n000000400;i01-g000012-n000000319;i01-g000011-n000000291,de_trial,139.1463537775836,,,,,real_vector,1fbaf7432ee01bbd22456035781bd7af,ThxjU8Lq4r+GR0O8ncYAwGRAKm+A1/E/fvR2af6G5D92kCINVi8QQBbSQ2SVtts/QUVvldxh7r8gzNyXM8rYvyID6fYLdPa/HCUsktFjAsA=,compact,4,10,,
run-20260903T230838Z-4891f68f,1,484,456,18,1788476919.174460,5867953000000,i01-g000018-n000000456,i01-g000003-n000000096;i01-g000005-n000000123;i01-g000006-n000000160;i01-g000012-n000000318,de_trial,175.68614726201793,,,,,real_vector,20baaaf8dbe2fd653ad6309dd051c472,vAq24lSM+L+Q44uzfDO2v0pGRirPHtu/+BcdcTjO4L9mrhSvTNIKwFodt3tHofK/eHG94cExA8De/00RREHjP2yrP6uEmg5AmFtANuAxD0A=,compact,4,10,,
run-20260903T230838Z-4891f68f,1,485,457,18,1788476919.174460,5867953000000,i01-g000018-n000000457,i01-g000012-n000000311;i01-g000013-n000000333;i01-g000006-n000000160;i01-g000011-n000000291,de_trial,103.8187297369122,,,,,real_vector,2b7c3e80dff2de2102904ebdcd9cb4b0,vofBrQc0/D9AYqm/FLjVP97FFsVhwPM/PjDrxD0s7L8VrGN026b0PyTX8g8TFcS/WO2BIoh9/7+GlAT947XRv6sVqkE6ugjASN4Jcb2BCcA=,compact,4,10,,
run-20260903T230838Z-4891f68f,1,486,458,18,1788476919.174460,5867953000000,i01-g000018-n000000458,i01-g000016-n000000410;i01-g000012-n000000311;i01-g000012-n000000319;i01-g000006-n000000170,de_trial,130.15125138461457,,,,,real_vector,434d4e4f6989363bf580983ee45f974d,SKEuqVR8+78+AD3f0fbzvwJ+WvDRKRHA0NWXrq1Ftj8Nu6/axlACQFg2UlChj8I/TjfF9nlK5r8uBX74G6PtP43Yhw8bOfg/Mff+6jtW578=,compact,4,10,,
run-20260903T230838Z-4891f68f,1,487,459,18,1788476919.174460,5867953000000,i01-g000018-n000000459,i01-g000007-n000000191;i01-g000017-n000000422;i01-g000006-n000000170;i01-g000012-n000000319,de_trial,195.57312881100654,,,,,real_vector,99785b0271f49abb70ea275a48d03bac,fWRqCz84BcCC4SL/rTD7Pxnkz/KjygxA/yIW6rbHAcCu12VAXswCwGdBaC2iQ/W/V/zFEoRPAsABa4pbKubkv3jam9hsHdq/3GZ2T71j+D8=,compact,4,10,,
run-20260903T230838Z-4891f68f,1,488,460,18,1788476919.174460,5867953000000,i01-g000018-n000000460,i01-g000006-n000000170;i01-g000016-n000000400;i01-g000010-n000000248;i01-g000017-n000000427,de_trial,111.53134526909038,,,,,real_vector,9775e6e41d08da25dbbdb29a120ac0d8,xGhd5fpDzL+E/tva+jPsP4JJ4dsS//O/sIXLtmhr/b/hGC6llccHQGY4pscqKv+/quiBhM5a+L/U4YbwJxfzvzqSyizx9gLAUF6DeEGr+78=,compact,4,10,,
run-20260903T230838Z-4891f68f,1,489,461,18,1788476919.174460,5867953000000,i01-g000018-n000000461,i01-g000011-n000000291;i01-g000017-n000000423;i01-g000006-n000000160;i01-g000016-n000000410,de_trial,103.85499681061573,,,,,real_vector,3f4f0eb2976bb235188bfef123d8a067,9AJj0A7vD8CgRPzHg7SvP+Kn3xOHDvI/bm9HbWe5/T8cnchJg8D6P5wI79DCtNG/fNt+WJfE/7/4T1naY5LDvz6Y+GA06fW/kF6MOC044j8=,compact,4,10,,
run-20260903T230838Z-4891f68f,1,490,462,18,1788476919.174460,5867953000000,i01-g000018-n000000462,i01-g000016-n000000414;i01-g000011-n000000291;i01-g000003-n000000096;i01-g000015-n000000391,de_trial,99.99511129635593,,,,,real_vector,9ad4ef13982332df5c3f449de3b56f3b,KR9KLb7JCsBztby6fyv9P2Yz2hSD4fA/cfk0PtHYCMCDQf4KUsL/v3DjwyTF3My/5ZJZm/G98L9zo653EPbmP9RVvg/tvQFAc2dKpMLl8z8=,compact,4,10,,
run-20260903T230838Z-4891f68f,1,491,463,18,1788476919.174460,5867953000000,i01-g000018-n000000463,i01-g000015-n000000391;i01-g000005-n000000123;i01-g000013-n000000333;i01-g000017-n000000427,de_trial,150.45718839010135,,,,,real_vector,e676d1626c6a5e16aa5c0988614d5cad,gImQArj25b9cT4xOZhHivxyz0v60tvM/NGTBaBhuzD9eR2zkvHvzv5dyogSCNOK/9RuYY744C8DizUcSdKr4v9RCpy3hSNI/wpGxWNS6/j8=,compact,4,10,,
run-20260903T230838Z-4891f68f,2,497,466,19,1788476919.174460,5867953000000,i02-g000019-n000000466,i02-g000016-n000000416;i02-g000017-n000000439;i02-g000017-n000000441;i02-g000018-n000000455,de_trial,121.15240253181437,,,,,real_vector,8fb2ec1c681ef39d1c8fba22681c8496,krqbkRqv9T/2jFKNT+oAQL/E8coETARATD5TbcISBMDkR7Y7oCzzv3BqxWrQ7vM/OMiMFuYe7T/DWXepLYMAQDLTEP5CAgHA4ml+YIZHAUA=,compact,4,10,,
run-20260903T230838Z-4891f68f,2,498,467,19,1788476919.174460,5867953000000,i02-g000019-n000000467,i02-g000010-n000000269;i02-g000016-n000000412;i02-g000001-n000000046;i02-g000008-n000000213,de_trial,112.21516687368775,,,,,real_vector,b24a3f7e7d1dba34a84b5e0a09a008cd,AWaGwAB0AMBo42+2vFzMP3KMspNR0QFA2Ws0BpodEMBtl6uCXsX0P4mwyOPKIfA/Lgm+iymj9r/svYmoyE30v4S7dqihUwZAbvX/gHfL/j8=,compact,4,10,,
run-20260903T230838Z-4891f68f,2,499,468,19,1788476919.174460,5867953000000,i02-g000019-n000000468,i02-g000016-n000000417;i02-g000014-n000000355;i02-g000012-n000000306;i02-g000004-n000000114,de_trial,159.8837386454177,,,,,real_vector,7f5834ad7d7209c64ad492ce83083bdf,px6uP06o+b906UFiMysGQFaxNTq4CQJAT+cZM1B7BMDTWEYR9vjiv6SjDcK9F/W/FCUfN7Rm/L9gMYeEdM/ev6BeamB+ef+/fHJkNCZ3/D8=,compact,4,10,,
run-20260903T230838Z-4891f68f,2,500,469,19,1788476919.174460,5867953000000,i02-g000019-n000000469,i02-g000013-n000000342;i02-g000008-n000000213;i02-g000014-n000000355;i02-g000010-n000000269,de_trial,130.8064456947026,,,,,real_vector,c400a97e857a17e732c1fbead901b48b,ptUZuNNrAUB8oVsRz6jsP4xlTaamk/A/djYqO4lK9D9mmOg3SrjgvzRq2cNGC+I/6Ut9H26257+6RShN4QDRPxQUsQW+QA3AMFSnM1zc5j8=,compact,4,10,,
run-20260903T230838Z-4891f68f,2,501,470,19,1788476919.174460,5867953000000,i02-g000019-n000000470,i02-g000010-n000000248;i02-g000010-n000000269;i02-g000016-n000000412;i02-g000018-n000000455,de_trial,132.86647783057256,,,,,real_vector,5cb231704c9937798fd7305296412796,6JASJ9RtBcCqR79ZV1wBQDRRP/R0XuM/ELFgDVHzxb9wMhmoQ6ynv2hb5cjnSvo/OKSNBuMo+r/j9nWO9ovZP16ZwDwMrA5Ac4uOpbul8D8=,compact,4,10,,
run-20260903T230838Z-4891f68f,2,502,471,19,1788476919.174460,5867953000000,i02-g000019-n000000471,i02-g000016-n000000397;i02-g000016-n000000417;i02-g000004-n000000114;i02-g000014-n000000363,de_trial,139.2270086774307,,,,,real_vector,697927c70bbea4dd5b97d9506c927116,8uecBbPY2r8Azsdx4XgHQAMCkDSAz/A/bkuuK4Tx9b+QAUrKykoFQBAZg/N7qK2/UJzXnZNd278+B0Q5qtXiPzygpsyUxvO/hGCnnWvUBcA=,compact,4,10,,
run-20260903T230838Z-4891f68f,3,294,274,11,1788476919.173460,5867937000000,i03-g000011-n000000274,i03-g000001-n000000051;i03-g000003-n000000084;i03-g000008-n000000224;i03-g000009-n000000238,de_trial,140.69618013011907,,,,,real_vector,dece3a3d42f2e227416efde1ce0250c5,6Oebu8Olyr8pyt9L93gRwKTQvmHdP+E/KPGeASJGEcAwuZ8ifF2zv08RzjlSwwJAUZnnyeM/8b+QkpslQIzHv6+LfDzVbAjAT9ylB+hn/z8=,compact,4,10,,
run-20260903T230838Z-4891f68f,3,295,275,11,1788476919.173460,5867937000000,i03-g000011-n000000275,i03-g000005-n000000127;i03-g000007-n000000186;i03-g000004-n000000107;i03-g000001-n000000050,de_trial,151.88020109614956,,,,,real_vector,b7b63ff8bd0d7f1a326d31092b78213d,v2y66USD87/m32yUsb8PQCOgfaUSbvC/nQPHX+csEkB4qX124VjbPw32FJT1CAdAyOKLzxg80j9yDRr4Do8QQJNVTgjwqfG/CLu19mHi2T8=,compact,4,10,,
run-20260903T230838Z-4891f68f,3,296,276,11,1788476919.173460,5867937000000,i03-g000011-n000000276,i03-g000007-n000000178;i03-g000001-n000000048;i03-g000008-n000000225;i03-g000002-n000000077,de_trial,151.7170772724836,,,,,real_vector,8684d2e4336929230c96b8584c30d3b9,0Bhq0l6c379NTRZTqXrwPwUvuaddOPo/VgVVOz5b5z9YNGqejs4EQHcGyvtBfvi/PCTxmcXrD8DJk4pqzDfov+hdEJNKSPu/YmeF42hzAUA=,compact,4,10,,
run-20260903T230838Z-4891f68f,3,297,277,11,1788476919.173460,5867937000000,i03-g000011-n000000277,i03-g000003-n000000081;i03-g000002-n000000076;i03-g000007-n000000186;i03-g000001-n000000046,de_trial,165.6009787133755,,,,,real_vector,641b2f5e5fcc464a2db63d5558b09f06,AJRdFCG1cT8n0DHjsvwSQKDly6XQxra/IXyIcLpB9j8K6ZOok/kBQPgXkhT5WPm/4LvrIoa9BEBCoqcPMgb9v8036FQmIvs/W32LAF/TEEA=,compact,4,10,,
run-20260903T230838Z-4891f68f,3,298,278,11,1788476919.173460,5867937000000,i03-g000011-n000000278,i03-g000001-n000000048;i03-g000009-n000000238;i03-g000005-n000000150;i03-g000004-n000000107,de_trial,239.76259260813646,,,,,real_vector,057626ca8a263d1d7cb65119dba14049,hFjRic0D/D8cDXMRoNfavzVpuXKWURJAze/yWW7i+T/SpMNMBuH4Pwmb5J8KxQXA5NsSj0HbEUCHof6LXZcDwIxgt513j/M/ib8kIvNlDEA=,compact,4,10,,
run-20260903T230838Z-4891f68f,3,299,279,11,1788476919.174460,5867953000000,i03-g000011-n000000279,i03-g000004-n000000107;i03-g000005-n000000127;i03-g000002-n000000077;i03-g000001-n000000051,de_trial,170.00952777538157,,,,,real_vector,8863d219a11ff09c01d068fc11ceb7a2,yrB5IXfF5L8InpNMhAsQQJiqYxMGN+o/j1PG7+kLDMDuGrgPBzX7v8MczMkK0ApA0E8F+86Y0j+XgKsAfWABQGR+AowBdgxAJheGvmlq7z8=,compact,4,10,,
run-20260903T230838Z-4891f68f,3,300,280,11,1788476919.174460,5867953000000,i03-g000011-n000000280,i03-g000003-n000000084;i03-g000001-n000000046;i03-g000009-n000000237;i03-g000007-n000000178,de_trial,122.50261569623116,,,,,real_vector,57de4a16e03f4d436051165daa36d0a6,phfXg3uq6L+8OJhvVsIKwPDyY3iUA/A/6MS9iuEQBcB8ux11Ssbwv967Kt+2WfE/CPSFRsS3yb/v/ZPbnUMGQNQHV5Vyu9K/9MMNbYP39z8=,compact,4,10,,
run-20260903T230838Z-4891f68f,3,301,281,11,1788476919.174460,5867953000000,i03-g000011-n000000281,i03-g000009-n000000233;i03-g000009-n000000237;i03-g000008-n000000225;i03-g000010-n000000268,de_trial,184.83392231394163,,,,,real_vector,245c4f9fb0c33ab71fd8f42da4d50b32,YFe8Iff08D8ihOht6TL3P5Su38boewtAyhOE9nQi2b8w3j9AhuTGP4snCG2D5fi/gVZxzUV0+D/hgdaGHrUHwLSIUuWpawVAyhNXO2znC0A=,compact,4,10,,
run-20260903T230838Z-4891f68f,3,302,282,11,1788476919.174460,5867953000000,i03-g000011-n000000282,i03-g000001-n000000049;i03-g000009-n000000233;i03-g000008-n000000225;i03-g000001-n000000046,de_trial,151.4842551879408,,,,,real_vector,cc863508456fb8becbaa797a685b3593,OiPhgnwBAEDY+9wVQ/QCQPFlb/KKQQhAlpGHzUgP4b/wuq1YXl67Py980RJ7tvm/9CCMXIFl+T/iFTsEuC8EwBSpkY64w/4/zIzcfKp6DkA=,compact,4,10,,
run-20260903T230838Z-4891f68f,3,303,283,11,1788476919.174460,5867953000000,i03-g000011-n000000283,i03-g000008-n000000224;i03-g000002-n000000077;i03-g000005-n000000150;i03-g000005-n000000146,de_trial,137.52090436140182,,,,,real_vector,59541f4f49750bf4685f188a4f1757b2,99uboJU19r/27TWO4ycBQBCSARFRsghAJhsESMq8DMDlgT+T+9MIwE7nkU74Hfm/74ORNuBY9j8qW1loADDtv91W8scJDgFAWLKSn8KJ/z8=,compact,4,10,,
run-20260903T230838Z-4891f68f,3,304,284,11,1788476919.174460,5867953000000,i03-g000011-n000000284,i03-g000007-n000000186;i03-g000009-n000000233;i03-g000002-n000000076;i03-g000001-n000000048,de_trial,163.07176439516797,,,,,real_vector,a71b5dd1feab7cbef52738f68385bcc1,RpBwv6MD/z8ceEK7G8rJv+crdS96Jw5AZpwDng0b67+cFW6byF/Yv99vRLRPVuq/92XfQVHWBEBcYR2aDdT3v00D/CDZRQRA4VhrdTGbDUA=,compact,4,10,,
run-20260903T230838Z-4891f68f,3,305,285,11,1788476919.174460,5867953000000,i03-g000011-n000000285,i03-g000009-n000000237;i03-g000002-n000000076;i03-g000007-n000000178;i03-g000002-n000000066,de_trial,116.39775786629497,,,,,real_vector,ca88649cad46bf93965b70c82f98dfb0,SohiA0Ir7z/4weNXqgDLP6+nobb1VQdAroSyY/nB7T+MyoO9d8rdvxKTxt5lbAfAsCb5a0L8CUCN7b4Rwpbxv8yA2eNacwRAM7ildC05D0A=,compact,4,10,,
run-20260903T230838Z-4891f68f,3,306,286,11,1788476919.174460,5867953000000,i03-g000011-n000000286,i03-g000009-n000000238;i03-g000005-n000000150;i03-g000009-n000000233;i03-g000010-n000000268,de_trial,206.2044347326733,,,,,real_vector,37474dea4528c7b012f3394e5b678746,JsiF3Pq/3z+/mFDtoersPyqw1bOxJgxAHxYjbM3n4r+TUiePWUv5P4hgWY1fYM6/iJbnobQpEkD66z7IZJMBwEpllAr+cxBAjOfNnbrpDEA=,compact,4,10,,
run-20260903T230838Z-4891f68f,3,307,287,11,1788476919.174460,5867953000000,i03-g000011-n000000287,i03-g000005-n000000150;i03-g000010-n000000268;i03-g000009-n000000233;i03-g000005-n000000127,de_trial,151.7341962672833,,,,,real_vector,71f60550410a6d7d0b9da5b8ffb3739f,+GAycXO+4D/j70nj0Mv1PxFgU2Xah/I/nE2loZl/9b/MOXLJdn3gv2aHc9gfz/O/oqD5kuC68D+0yeZEnbvlv+mcO0UMswvAmu3zYAuzCEA=,compact,4,10,,
run-20260903T230838Z-4891f68f,3,308,288,11,1788476919.174460,5867953000000,i03-g000011-n000000288,i03-g000002-n000000066;i03-g000010-n000000268;i03-g000009-n000000237;i03-g000007-n000000186,de_trial,147.26080318059854,,,,,real_vector,e275140206bd0389e0ac9101f5c32e56,6D6WPFML6j9aKKt3a1vrP6goN3Hw5fk/uGcvvol+6799MZ4YkQIDwOtOdkOgwxLA/RyJ/YJf7T82iGP8iIX1v6AH3F3+DAfA3+5fZLdABUA=,compact,4,10,,
run-20260903T230838Z-4891f68f,3,309,289,11,1788476919.174460,5867953000000,i03-g000011-n000000289,i03-g000001-n000000050;i03-g000001-n000000051;i03-g000003-n000000081;i03-g000003-n000000084,de_trial,167.07995244533808,,,,,real_vector,6c08998eaa3fb1b4536c859b352f858f,89gzmmqB+L/MWjDn0bnzP28E9qGMzQTAKCNW0Ri08z9c4lWmcgjUv3hXbLlCqxPAbL334LHV1j+qXNO9wUbfPyBUdvXCBck/2Oz5rOKa5D8=,compact,4,10,,
run-20260903T230838Z-4891f68f,3,310,290,11,1788476919.174460,5867953000000,i03-g000011-n000000290,i03-g000002-n000000076;i03-g000009-n000000238;i03-g000008-n000000225;i03-g000007-n000000178,de_trial,116.56473943457391,,,,,real_vector,e80b44d27e4345954d8fe4f44cfab52b,wwa8PKt08T/kKFvIG1ruP6ajXyNy0BFAHCSY+wB97D8YbXaRt4G2v9QfQBr1qNU/wJm8MbzeBUDaBfKxnAD5PzC4rGd9qMy/UUQa+FQS8j8=,compact,4,10,,
run-20260903T230838Z-4891f68f,3,311,291,11,1788476919.174460,5867953000000,i03-g000011-n000000291,i03-g000002-n000000077;i03-g000009-n000000233;i03-g000005-n000000151;i03-g000003-n000000084,de_trial,138.9894163507493,,,,,real_vector,d49a72ca9ea64fab02a1e2a05095313d,gLX5crl+sb8AyRc9dGwJQNHlearMqARAHpTJ9ZeV7r+56Fj3VSzyPw4gCUWmcf2/ZlcIAiiuEUA2mIp0CIH0vxyV6isy5gFAnrdxmbpZ9T8=,compact,4,10,,
run-20260903T230838Z-4891f68f,3,312,292,11,1788476919.174460,5867953000000,i03-g000011-n000000292,i03-g000010-n000000268;i03-g000001-n000000048;i03-g000003-n000000084;i03-g000001-n000000046,de_trial,118.13675738180297,,,,,real_vector,b3c79f76e1e69fd5cf2422cbb3f55654,pwD80/E/8r8iv1eVVPPzP9wjUHxuKdC/3Ly8Oi3c978KmxpJMgICQGItcQt+BPC/Cm9Fk+Zn2r+60ZyXom4GwFon3FRf9em/8F4AFSSnBkA=,compact,4,10,,
run-20260903T230838Z-4891f68f,3,313,293,11,1788476919.174460,5867953000000,i03-g000011-n000000293,i03-g000005-n000000151;i03-g000010-n000000268;i03-g000007-n000000186;i03-g000002-n000000077,de_trial,118.13871431287485,,,,,real_vector,d41e4c5156a35f5dd96636e6286498aa,XHeQK98SAMBvXwLYxSfzP4TYCLIGaO+/qCCL4d4hAUBEXtd4jifqP/5cPOd7bwXA3MQ1TVUtxT/KLEqwz+L1PxI7WyeaXBTA9rf6FmoCBkA=,compact,4,10,,
run-20260903T230838Z-4891f68f,3,314,294,11,1788476919.174460,5867953000000,i03-g000011-n000000294,i03-g000005-n000000146;i03-g000003-n000000084;i03-g000001-n000000049;i03-g000009-n000000237,de_trial,137.64161156009152,,,,,real_vector,5a2b734e38b7c6c2dacd7826945e4736,nrmB5kMJ3b8w/GCf4EgIwKqzFY6XlQdAPDfxF9ZX67/2vJk/anbmvywn4ZeFmv8/+fotpLdADcCCNRrxvkzhPzw5mwRPaxTAgCwmzezzib8=,compact,4,10,,
run-20260903T230838Z-4891f68f,3,315,295,11,1788476919.174460,5867953000000,i03-g000011-n000000295,i03-g000008-n000000225;i03-g000008-n000000224;i03-g000003-n000000084;i03-g000005-n000000146,de_trial,136.09889785775852,,,,,real_vector,4b317a2f4006d260bd22b646cb93d122,pj1Rwu7b2z+QzmuQLhvMP/e0D2hq6ABAcBTZhkjsCMCdisXQmmznvypEZp9/idm/kI++90tb/L/AODGvnz3KP0+eoofRJg7A1svLIKFMAkA=,compact,4,10,,
run-20260903T230838Z-4891f68f,2,503,472,19,1788476919.174460,5867953000000,i02-g000019-n000000472,i02-g000013-n000000324;i02-g000003-n000000087;i02-g000008-n000000213;i02-g000016-n000000416,de_trial,109.806182079287,,,,,real_vector,d910e372ebb88acf28aee53e6c79df87,OLPYKW3r7j+wFprEFYvzv0SoYdIySAjAOPi3pxwIBUD+UgH8Oo0IwGAJLM5GhQPAPHPDGite6b9OORES3bDoP1BgHmfW3wbA1iJaNKBq7z8=,compact,4,10,,
run-20260903T230838Z-4891f68f,2,504,473,19,1788476919.174460,5867953000000,i02-g000019-n000000473,i02-g000006-n000000170;i02-g000016-n000000412;i02-g000014-n000000355;i02-g000010-n000000253,de_trial,119.99144853058066,,,,,real_vector,6edf6322e63d3ab22fa5cebba963ae51,5DsvvQkn/r9kUve/JYfTP+08TA1mshFARo4kJYiQE8DgcELUt8mwPwDYnNcWt/4/gog++Ek/AsB1FkEe2oHnv4CNvQVK/Ju/WAY48wN88D8=,compact,4,10,,
run-20260903T230838Z-4891f68f,2,505,474,19,1788476919.174460,5867953000000,i02-g000019-n000000474,i02-g000016-n000000400;i02-g000016-n000000412;i02-g000018-n000000455;i02-g000010-n000000269,de_trial,97.71424734687797,,,,,real_vector,2affaccc4a950c6b2f45e8ec755b7d2e,Rbn54JBI8D/Utfj6Gh0AwAbDyRJYUAVAcDeMKfue67+MSAFHSY/0P7AGfzJyRfo/+C0NDaQFAcAXIxytYlv5v4Cr8t4gJbM/fr2G2Pkr7D8=,compact,4,10,,
run-20260903T230838Z-4891f68f,3,316,296,11,1788476919.175966,5867953000000,i03-g000011-n000000296,i03-g000001-n000000046;i03-g000001-n000000050;i03-g000002-n000000066;i03-g000009-n000000233,de_trial,131.6059029659988,,,,,real_vector,d794384c166d771de361a69aa1d55599,WgYMXcsqC8DEdFXuomAOQK469bWhD+u/3QxlSyau77+E28D9JVkLQJx5jvUlw+s/wWg5LdAZCsBNlJCwjvbwvxaIRBjoGAbAAF/kclu/hr8=,compact,4,10,,
run-20260903T230838Z-4891f68f,3,317,297,11,1788476919.175966,5867953000000,i03-g000011-n000000297,i03-g000009-n000000249;i03-g000001-n000000050;i03-g000005-n000000146;i03-g000002-n000000076,de_trial,88.77165315964471,,,,,real_vector,97c7c09562c37d78943ed41b022f0d91,xpNtBF+JAsDEtjgpGkn0P482zmMKMfQ/gd4smmcQ6r8fuYUWAvgHQBi+JvgYCO0/E8rnXpCsB8DL+HNfb0HxP5JHNUDRcdO/HF8MegjC7j8=,compact,4,10,,
run-20260903T230838Z-4891f68f,2,506,475,19,1788476919.175966,5867953000000,i02-g000019-n000000475,i02-g000010-n000000253;i02-g000018-n000000455;i02-g000013-n000000324;i02-g000016-n000000400,de_trial,143.96178894339988,,,,,real_vector,ee900589f87c93584b79b7c3a8cc5ff8,lBe+3fi79D+W1LGRSSUAQDJzI9EB9RBAwrogSiRg9T89K2ndFhPmv2r/SPslB8G/kTbT2GVzAkByPPWagzLXP1GOzAZOIva/TiKJOm0v/T8=,compact,4,10,,
run-20260903T230838Z-4891f68f,2,507,476,19,1788476919.175966,5867953000000,i02-g000019-n000000476,i02-g000018-n000000452;i02-g000016-n000000417;i02-g000010-n000000269;i02-g000014-n000000363,de_trial,144.18033201434525,,,,,real_vector,7b5594376a0e2abe7f54fa23d59ae91f,QriEnF+49b/8ESjyOFQLQGiAuGvprsM/IR46eNkXA8BIGP3m8hMBQHP4splqYdC/tom7n7RQAsAwcL4JXDSqv0Rs6qYr4fS/uxgfedQrAsA=,compact,4,10,,
run-20260903T230838Z-4891f68f,2,508,477,19,1788476919.175966,5867953000000,i02-g000019-n000000477,i02-g000014-n000000355;i02-g000018-n000000452;i02-g000010-n000000248;i02-g000006-n000000164,de_trial,149.32057620653254,,,,,real_vector,35b4b875dadd4490e3b8c2468be73547,3GXWZ8wSzT/U8Ubbf4b7v2JPKJMMbQLAerjRvRDO+z9cf/ydzH32v9QYhM66iQfAvacGGPq6+79rdvxnXqThvzzVo9T1gAXAWbjBtlIQCEA=,compact,4,10,,
run-20260903T230838Z-4891f68f,2,509,478,19,1788476919.175966,5867953000000,i02-g000019-n000000478,i02-g000012-n000000306;i02-g000018-n000000455;i02-g000001-n000000046;i02-g000017-n000000441,de_trial,119.9491732663796,,,,,real_vector,a1e5b9dd53cce385e45e03b4d8e97ab0,nKPxwntl0L/4/HxGCIUJQIF6MO3fF/Y/HNm3DYgd+z/sorQj5UoAQIfOQORjpvy/9Pr1js6Dxb+wWbM3dN/av8mKWMUfxwjAfjoydA/V8j8=,compact,4,10,,
run-20260903T230838Z-4891f68f,2,510,479,19,1788476919.175966,5867953000000,i02-g000019-n000000479,i02-g000018-n000000455;i02-g000010-n000000268;i02-g000001-n000000046;i02-g000014-n000000363,de_trial,140.66920677966118,,,,,real_vector,53c267d6061c06a215fc22065b96990f,ADstU4huCsBYmetClGoAQNAefNLb0vK/RkbbYZ2HBcBsHhzwDA0JQFrY4J504cW/7VoQngGs978evLEBSAz8v3ZPlec6PPi/WwpqehBU/b8=,compact,4,10,,
run-20260903T230838Z-4891f68f,3,318,298,11,1788476919.175966,5867953000000,i03-g000011-n000000298,i02-g000017-n000000439,migration_arrival,65.08873571431988,,,,1,real_vector,0f831f8f02451c3b6537bb37dd219796,"[1.4548214683101766,0.9528173906061081,2.208041041022967,-0.8988648585346398,-0.18397988758821665,0.14958346037650871,1.8523145262308989,2.072676625910222,0.02478975226065938,1.98161430157302]",full,4,10,2,i02-g000017-n000000439
run-20260903T230838Z-4891f68f,3,319,299,11,1788476919.175966,5867953000000,i03-g000011-n000000299,i02-g000014-n000000355,migration_arrival,71.60367570484057,,,,,real_vector,4e21d414080aa0485da11b824cac0cf5,oE4LtzFdyb/27TWO4ycBQBCSARFRsghAq1gXKleXAsAXTXzMmi3qP2x4X52e1MA/LLi68WgL77+A9EuZSFn/PybWTporsv6/BlTmcIpv/j8=,compact,4,10,2,i02-g000014-n000000355
run-20260903T230838Z-4891f68f,1,494,464,19,1788476919.175966,5867953000000,i01-g000019-n000000464,i01-g000010-n000000246;i01-g000004-n000000107;i01-g000017-n000000423;i01-g000003-n000000096,de_trial,141.33840242788767,,,,,real_vector,56267e629c26a38ac7f962ee3834d26d,LBlGoAgRBMApLLELUjvqv2sNMhCfC/W/3osMcbxs/7/VI3IMm0z5vxAZijPAGPQ/lTMcmckP87/G8LpjH4bjP6Pv7pzAbgJA/BXLpV265z8=,compact,4,10,,
run-20260903T230838Z-4891f68f,1,495,465,19,1788476919.175966,5867953000000,i01-g000019-n000000465,i01-g000005-n000000123;i01-g000017-n000000422;i01-g000011-n000000291;i01-g000013-n000000333,de_trial,213.7944040957257,,,,,real_vector,9f925f6e64d2ca7e36c020cf574ae06f,rMJfr4CRDsArR5m9RjMLQMSdFzoXZgJA1vBXQDGEC8BmqkmqklUMwDwDm8VPerc/AEKeDmWk9b+yB3A9TMn4P1oSD1gNyA5AqQTnv3NXDkA=,compact,4,10,,
run-20260903T230838Z-4891f68f,1,496,466,19,1788476919.175966,5867953000000,i01-g000019-n000000466,i01-g000010-n000000248;i01-g000015-n000000391;i01-g000007-n000000191;i01-g000006-n000000170,de_trial,117.32925686240227,,,,,real_vector,0b4c17bdbaf36f41a54a5b084f33b54a,SrVNJloD/z+eVXItIQb5P9QeqerGSea/6LKuh4eQAMDARg0qfYvRP72NguVee+W/iOE78vjm878qMUr+LRXjP3DNKy7qfMs/ZLHwh6cM878=,compact,4,10,,
run-20260903T230838Z-4891f68f,1,497,467,19,1788476919.175966,5867953000000,i01-g000019-n000000467,i01-g000009-n000000245;i01-g000012-n000000306;i01-g000004-n000000107;i01-g000016-n000000400,de_trial,138.75100798775296,,,,,real_vector,df804d29202f9a3b2d33687b64367f8c,Tp0GgQOt4z+sWhMQzgnNv3avwegR0vA/gNL/oKYYAMAwGgd4b0W9v/xFBvLeB+I/P5EwWJ9tBMCRBkdwllkAQJG5jMxsrPg/Syb+REd2DMA=,compact,4,10,,
run-20260903T230838Z-4891f68f,1,498,468,19,1788476919.176975,5867953000000,i01-g000019-n000000468,i01-g000012-n000000319;i01-g000012-n000000306;i01-g000004-n000000107;i01-g000006-n000000160,de_trial,131.9850375392707,,,,,real_vector,d2c029e3f720a23630eaa13905984f8f,wOIXjNU98z991OSge2oBwIQIgP5Lg+q/yk+TjVoC678vXinV5B8EQNCYXaMWUr6/z4rvsgz1A8AuajPqiyMHQCCvnJTxwLA/2ORHAQvGEsA=,compact,4,10,,
run-20260903T230838Z-4891f68f,1,499,469,19,1788476919.176975,5867953000000,i01-g000019-n000000469,i01-g000011-n000000275;i01-g000007-n000000191;i01-g000016-n000000400;i01-g000010-n000000246,de_trial,153.9284571442402,,,,,real_vector,d187e23c2d1cf070f5a4c3b3aa895791,IhyV8oLrAECerQv8bGcDwCtY14EIjhDAH+Twsy4IA8Bwb4z9gGfNP518cZKtWtw/IEvrQ56007+wRZjn/sPxPzvI+bqflwJAqCzwJAARCUA=,compact,4,10,,
run-20260903T230838Z-4891f68f,1,500,470,19,1788476919.176975,5867953000000,i01-g000019-n000000470,i01-g000017-n000000422;i01-g000016-n000000410;i01-g000012-n000000319;i01-g000010-n000000248,de_trial,157.1064895937926,,,,,real_vector,291d65ba0e9095397050ff3ce075b872,iCNHqXj1/79OAM4XpfEBQKDL9gZs58C/+nptg02OCMDsy4h24LX3v+KFr8MP3wJA+MIud5zy4b+2KoNM7dsCQNpK4tYEfvU/qmXU1Wa99z8=,compact,4,10,,
run-20260903T230838Z-4891f68f,1,501,471,19,1788476919.176975,5867953000000,i01-g000019-n000000471,i01-g000017-n000000423;i01-g000009-n000000230;i01-g000016-n000000414;i01-g000009-n000000245,de_trial,140.18750112031728,,,,,real_vector,182e079adf98e5c3a12c2d480c1be6dc,9AJj0A7vD8B4T5flR6YEQAcPaHuNM+a/fJyMHfPUDsCcrh3nJHzaPwCEqyj5LQHAqJWcrd2/97/Q4iGO10TKP04nHHXPVfG/Lu1Syz/96b8=,compact,4,10,,
run-20260903T230838Z-4891f68f,2,511,480,19,1788476919.175966,5867953000000,i02-g000019-n000000480,i02-g000010-n000000268;i02-g000010-n000000269;i02-g000004-n000000114;i02-g000003-n000000087,de_trial,223.25017658977282,,,,,real_vector,7cb71bfde1db43653ac412fdd4b156bf,HxwUCkqT+L8RMzLGnEcRQOQC0YRfzQ9AbhCeA4WoEsCeJATSlC7xP2rxIdUzxANA0FmHvCt207/o43G4lIL7PxBpXbe/4xFAIJSr9oNO2z8=,compact,4,10,,
run-20260903T230838Z-4891f68f,2,512,481,19,1788476919.175966,5867953000000,i02-g000019-n000000481,i02-g000003-n000000087;i02-g000006-n000000164;i02-g000016-n000000416;i02-g000010-n000000268,de_trial,86.51503142762577,,,,,real_vector,671cde0c604e21288f0e42da7c69cb76,xP1U2kaU5r+MqWLwbNfsvwCHRcrMRc6/8EqH66R7uj9AB37ROkTbP0SvdqtC69U/gBM2xb2FtD9kN3r5J6wIQORhzuwk8em/RHU/iinC6j8=,compact,4,10,,
run-20260903T230838Z-4891f68f,2,513,482,19,1788476919.175966,5867953000000,i02-g000019-n000000482,i02-g000004-n000000114;i02-g000018-n000000452;i02-g000016-n000000416;i02-g000014-n000000363,de_trial,142.77536087662878,,,,,real_vector,b4f290524ca1169813e9bce8164a1846,xGMuVitR5r/notNNCO7fv6jygasVjAvAsOcOnbm19b9QED/DoFW+P8olWzHoTQHAhP2pAF+g3D9GDI62LUHwvxBDbYd72wnA4kxUHyC+6b8=,compact,4,10,,
run-20260903T230838Z-4891f68f,2,514,483,19,1788476919.176975,5867953000000,i02-g000019-n000000483,i02-g000008-n000000213;i02-g000014-n000000355;i02-g000010-n000000268;i02-g000010-n000000248,de_trial,173.59821287801032,,,,,real_vector,13e6e31293600eba4599e72ea803653e,b875rwF9AcDRkzLyb0oGQJI3C/yYigtAMjyR+4NoCsBIAWXiNgT7PxkLvIZEiOY/XgbYMNj4AcD8LpmfEU3TP0RDcGiitQXACLAHwT1m1L8=,compact,4,10,,
run-20260903T230838Z-4891f68f,2,515,484,19,1788476919.176975,5867953000000,i02-g000019-n000000484,i02-g000006-n000000164;i02-g000014-n000000355;i02-g000010-n000000269;i02-g000016-n000000416,de_trial,125.76578449932092,,,,,real_vector,186df34cb40a6a99bd470213f2647940,UINET19iwb8GNaJPSVX0PytYD8mudw1A8iHZmRWjB8BklFO1V0Pxv9LATjUff90/Q3J0/zNa6r99pGtD0FEHQKATPLUvf7o/omoiMTvyC0A=,compact,4,10,,
run-20260903T230838Z-4891f68f,2,516,485,19,1788476919.176975,5867953000000,i02-g000019-n000000485,i02-g000014-n000000363;i02-g000016-n000000417;i02-g000012-n000000306;i02-g000008-n000000213,de_trial,155.85583679133703,,,,,real_vector,02bac0c1dfbd4c51e5b140dab4c623d3,PFbSI5HcAMDU5NjdJukLQGKeCvMkjfk/vIPM5Zu5/r/yd/9/J4YTQLLE65kM5f6/nbb2oeAgAsCVPKydYbv1v3QZoEv5JfG/aMPSzfcxA8A=,compact,4,10,,
run-20260903T230838Z-4891f68f,2,517,486,19,1788476919.176975,5867953000000,i02-g000019-n000000486,i02-g000016-n000000412;i02-g000008-n000000213;i02-g000010-n000000268;i02-g000012-n000000306,de_trial,141.19254802345856,,,,,real_vector,608e56d395f36d04b5956adf51744e7a,Zx/DjRDV+z9gj5MkV4rsvzsM+lqeOOW/7NJt/SnU4j8ObmraIQfmv01rCzSYK/s/PGek1yPC0L+4ZvjJeMXhP+rpOaj2Pg7ALJRP+U8G6r8=,compact,4,10,,
run-20260903T230838Z-4891f68f,2,518,487,19,1788476919.176975,5867953000000,i02-g000019-n000000487,i02-g000017-n000000439;i02-g000016-n000000400;i02-g000010-n000000268;i02-g000001-n000000046,de_trial,109.27507278978683,,,,,real_vector,fdd918caa9f197c289292bcdd6f20412,2ubVujL87r+3SsCCaur6v+x5lTPJJN+/aM0DHs2N+79GQjaDji7yP5B4KwONJcM/REzLwHUp9L+IdGaRHu3rv6gVMPZRKQDAvODF9jFxE8A=,compact,4,10,,
run-20260903T230838Z-4891f68f,1,502,472,19,1788476919.176975,5867953000000,i01-g000019-n000000472,i01-g000016-n000000400;i01-g000009-n000000245;i01-g000010-n000000246;i01-g000012-n000000318,de_trial,109.40683685844778,,,,,real_vector,49b7f0b6819857a93b4dfae2948b030e,qiT4LrHX/j/29JSfOXD7v8moKIQ25u6/f3R8o4ad+L/O9lQ2lXnwvyHsFfJj3+m/FH7rmwoI1793WQQ6pgPkv1YsiEyS3ghA3JCr9r4o578=,compact,4,10,,
run-20260903T230838Z-4891f68f,1,503,473,19,1788476919.176975,5867953000000,i01-g000019-n000000473,i01-g000004-n000000107;i01-g000012-n000000319;i01-g000009-n000000245;i01-g000012-n000000318,de_trial,137.46039777592028,,,,,real_vector,ad5241dbd03fd4c11d7ef5a5f52b03d1,cOZAd2WY6T8M6OpDO17tvy7D1/YE5wHASKM3a/mwyr8Es1AYjsrtv1A+AMleDxJANuViRr8h3r96zx3yvYvfP9z/WzWPQf0/6grwOyt4+78=,compact,4,10,,
run-20260903T230838Z-4891f68f,1,504,474,19,1788476919.176975,5867953000000,i01-g000019-n000000474,i01-g000009-n000000230;i01-g000006-n000000170;i01-g000017-n000000422;i01-g000017-n000000427,de_trial,146.64008292799372,,,,,real_vector,a6572c8792f20c86b1730aa7b018a610,unU/vGqhC8CsISdYM7r8P12hmuZ1dQpAH9LJs44BAcBj9oJAcgvwP6Ai7dmA8rO/3JdryiHKA8C7Ri/o7n/0v2SyZvtEYvi/YIT58K1zzT8=,compact,4,10,,
run-20260903T230838Z-4891f68f,2,519,488,19,1788476919.176975,5867953000000,i02-g000019-n000000488,i02-g000001-n000000046;i02-g000010-n000000248;i02-g000013-n000000342;i02-g000004-n000000114,de_trial,115.4052368689477,,,,,real_vector,5f1533c3ed74fe1186d22bdc85aca8de,Vj/apd3q7j+WyKXC/RPtvzIz9XryFwPA0ujcDTjK4b9w+KJi5t7/P8ISxcVfa/y/KpKZ3z1/0j+iVQl0WwTlP4VUcn+EAwXAsi+apV7Q7z8=,compact,4,10,,
run-20260903T230838Z-4891f68f,2,520,489,19,1788476919.176975,5867953000000,i02-g000019-n000000489,i02-g000017-n000000441;i02-g000016-n000000397;i02-g000003-n000000087;i02-g000008-n000000213,de_trial,120.64294778892256,,,,,real_vector,9e77390947fbc598ab160cf8e07de45f,4Jope0tkob++boPn118HQMTC+CuszwrA32/1zyhCAMBWLxFGA4DiP2JtLk7lyum/gyM/TwuM4z+cmHoMD630P7GQaiAo0wXA8P9IDqn07b8=,compact,4,10,,
run-20260903T230838Z-4891f68f,3,322,300,12,1788476919.176975,5867953000000,i03-g000012-n000000300,i03-g000001-n000000051;i03-g000007-n000000186;i03-g000001-n000000048;i03-g000011-n000000299,de_trial,160.94649179496201,,,,,real_vector,083716ff67aa5a9a712ab9c16adda7aa,LMZmnZl+/b/MFkZtV4gHQOyhdmNCtQHAZCf4WE8fEkDRWwgawsgEQLiXJWwcR8M/G2CnDi4l77+gDpRzSjfZPyzxCwAueNc/8AQZ+Q2DBEA=,compact,4,10,,
run-20260903T230838Z-4891f68f,3,323,301,12,1788476919.176975,5867953000000,i03-g000012-n000000301,i03-g000005-n000000127;i03-g000002-n000000066;i03-g000005-n000000150;i03-g000011-n000000297,de_trial,113.05546464679541,,,,,real_vector,badd1d275471484323cacb7305a26674,2pPMm3fY7r++9fWeHPoIQFbxtiFzBdM/QLIrxBKA7L/WRKMHu0L0v4pxnaZASAJAqNKm1KKeBUAvQVngyAIJwAGXEAjIoAXAABKe6nLoZT8=,compact,4,10,,
run-20260903T230838Z-4891f68f,3,324,302,12,1788476919.176975,5867953000000,i03-g000012-n000000302,i03-g000007-n000000178;i03-g000008-n000000225;i03-g000002-n000000077;i03-g000003-n000000084,de_trial,131.02995476561782,,,,,real_vector,1b35b6b50059dabe5df24ef42ce46c43,jK9NsRpr0r/aPG10e7MPQPQtcx8kFAZAmBHYr3zS4b93d/STyyT9v6u9Zv4OfgDAkFQFjFrb979Ui6KLYYv6P0G20u+XWPE//n+DT33I6D8=,compact,4,10,,
run-20260903T230838Z-4891f68f,3,325,303,12,1788476919.176975,5867953000000,i03-g000012-n000000303,i03-g000003-n000000081;i03-g000003-n000000084;i03-g000009-n000000233;i03-g000001-n000000050,de_trial,133.32662161644814,,,,,real_vector,f353434f8db38f57b63fc6aff9ca69aa,BQYWAKah+j90Vd8UTZwGwMSest0HowFAzJrqNda6/79XbOJQRAPyv+M6vOyJOgFAUMj74vPF5L940NKVYAj2v24VAmf4+AxAq2va39HxAEA=,compact,4,10,,
run-20260903T230838Z-4891f68f,3,326,304,12,1788476919.176975,5867953000000,i03-g000012-n000000304,i03-g000001-n000000048;i03-g000011-n000000298;i03-g000008-n000000225;i03-g000011-n000000285,de_trial,124.1153420131358,,,,,real_vector,46bd72e61cbdfb47beaed12fab990178,e5R7uM+i9T9IFWvq5ObsP7ujmy05BAFABog6tvnt9L9HeLkE7xXZv3gI+wlpQPk/P4RgEhsz87/DqV0lGcUHQH4pmP8njv6/QmWAo9CZ4j8=,compact,4,10,,
run-20260903T230838Z-4891f68f,1,505,475,19,1788476919.176975,5867953000000,i01-g000019-n000000475,i01-g000017-n000000427;i01-g000009-n000000230;i01-g000010-n000000248;i01-g000012-n000000311,de_trial,127.69917129747773,,,,,real_vector,bab8930e7681eccb9121dd752f8b14a3,jg1d/E/S6r8CuKZU4esFQG7Wq/NRH/4/k+kxNPzBA8AF3laP+GIBQPQfFs/EZLI/eI4Yd3zw/L/O77U/JKDov2AgXFGJvQvA/IrpFHZAB8A=,compact,4,10,,
run-20260903T230838Z-4891f68f,1,506,476,19,1788476919.176975,5867953000000,i01-g000019-n000000476,i01-g000012-n000000306;i01-g000010-n000000248;i01-g000004-n000000107;i01-g000013-n000000333,de_trial,131.11635809878084,,,,,real_vector,6a797eb44a13c383064fb93ca75b642f,VjG1G3eH/r/ZDDOEiEn2P9B1McyeJNC/qd5FdCIp8b8EnuVnCyD6P8YXiCOUxts/BENV1ORE+79dLgFAltD+PzAgWrlxed2/NMISX1DX5b8=,compact,4,10,,
run-20260903T230838Z-4891f68f,1,507,477,19,1788476919.176975,5867953000000,i01-g000019-n000000477,i01-g000013-n000000333;i01-g000012-n000000319;i01-g000006-n000000170;i01-g000005-n000000123,de_trial,150.77641464307308,,,,,real_vector,3e190e4ffedb64ec90fd98420ffe8e2c,rKwvNTK9AMA7bHU+Jg33P74dlW/FgeC/H149uIBZ47+A/8YkmKQJQC0eGluj5A9AvDackiqe5L+NLeRuRqcFQHZmv5Nqmuq/Hp/c7iMNCMA=,compact,4,10,,
run-20260903T230838Z-4891f68f,1,508,478,19,1788476919.177973,5867953000000,i01-g000019-n000000478,i01-g000006-n000000160;i01-g000016-n000000414;i01-g000011-n000000291;i01-g000009-n000000230,de_trial,194.4590358666943,,,,,real_vector,193a295e88a9831fc86b4a7b38cc6602,5DsvvQkn/r9kySO1WnH7Pyb40lnWTfS/BRrtW/xMEsD4wzIptBYLwAsGzprfxOE/0+w52cVN7r8CWo4TMMcEQIEpnrjByhNAH3QtUfyo+T8=,compact,4,10,,
run-20260903T230838Z-4891f68f,2,521,490,19,1788476919.177973,5867953000000,i02-g000019-n000000490,i01-g000009-n000000230,migration_arrival,85.54949468721891,,,,,real_vector,bb4ed121a1c00a6be69fa2d955238f95,XHeQK98SAMB8oVsRz6jsP4CRepQ2U8e/H9LJs44BAcDk6wzbcB37P4j0h16Cf7q/tihxpr3C9b8WW0u+CgPxvzLTEP5CAgHARruaYyODAsA=,compact,4,10,1,i01-g000009-n000000230
run-20260903T230838Z-4891f68f,2,522,491,19,1788476919.177973,5867953000000,i02-g000019-n000000491,i01-g000010-n000000248,migration_arrival,87.07559323946921,,,,,real_vector,b32d514328b191c9a36cb80afa1fad4b,ALbdNVmLn7+SeZH2DCwAQBBmxWCaavA/xLqLOMVk5L9o0BVUDvMFQJdyogSCNOK/Ssw5/q6iAMDo1XkgmSrAv9JOVyWvXAfAU1widgY8AcA=,compact,4,10,1,i01-g000010-n000000248
run-20260903T230838Z-4891f68f,1,509,479,19,1788476919.177973,5867953000000,i01-g000019-n000000479,i01-g000012-n000000318;i01-g000016-n000000400;i01-g000011-n000000291;i01-g000009-n000000245,de_trial,143.5999007299544,,,,,real_vector,45e747a70600050e469788f941b2e990,6Mt5Gsz2BMDYajizuHz8PzwxtcHuKf2/4a50p7gBBMBN86gzNTH5P8ylAJtEF+0/Ynxo5RdPAMDxRBpdNhDyP7hj2PyYy9+/tJVSyXrX4D8=,compact,4,10,,
run-20260903T230838Z-4891f68f,1,510,480,19,1788476919.177973,5867953000000,i01-g000019-n000000480,i01-g000003-n000000096;i01-g000012-n000000319;i01-g000010-n000000246;i01-g000017-n000000427,de_trial,169.648561564891,,,,,real_vector,c1b46640f5a6c0b87d97c3193430282b,LDoiZaQUBcA0nP/CRJ4DQOiGrRevqMQ/H9+I8yrv+L+Gdl2hd4cCQApI1ZcDUwBAsAVop6cp8r+n4gnRAE35P+TjQOxKUQNAO75GWxZN9j8=,compact,4,10,,
run-20260903T230838Z-4891f68f,1,511,481,19,1788476919.177973,5867953000000,i01-g000019-n000000481,i01-g000012-n000000311;i01-g000016-n000000400;i01-g000017-n000000423;i01-g000006-n000000170,de_trial,107.72937059032812,,,,,real_vector,49e3990eb89d2b68af54559a32452a06,y1iYpueb87/lAk1Krtfsv7p2ADhu8AXA4PKPWW3Gtb/aA6PzCRUEQLb3CdCTbe2/1HT7y+OE7b9q6w7DiffXP1hHC+wnYs6/uKTxfCav2r8=,compact,4,10,,
run-20260903T230838Z-4891f68f,1,512,482,19,1788476919.177973,5867953000000,i01-g000019-n000000482,i01-g000016-n000000410;i01-g000010-n000000248;i01-g000006-n000000170;i01-g000015-n000000391,de_trial,110.17697645109672,,,,,real_vector,30e402463a00e82c1333413ccf63ad72,Rnk8AqDq979mGSnT1DLuPzrT92cNIfE/sBtUyLfH1r+k9KH8Ud0GQGxmvCyFxcU/ViTRceN4AMCK2wwUwG/Qvy69Kq2d9gTAJd2BY9t1/L8=,compact,4,10,,
run-20260903T230838Z-4891f68f,1,513,483,19,1788476919.177973,5867953000000,i01-g000019-n000000483,i01-g000007-n000000191;i01-g000009-n000000245;i01-g000010-n000000246;i01-g000013-n000000333,de_trial,131.92253615906552,,,,,real_vector,95405a794db1b05a73262ea873929f64,QHTl3m+3278eDofE3jn/vyKXCu2LZ/C/qqAJF2mHB8DAn8VaaivIvwEQYff2YQ5A7JSJ7FlJ2b9eZ7ogusjlv2gh3lJp8wtAUKikQkicxT8=,compact,4,10,,
run-20260903T230838Z-4891f68f,1,514,484,19,1788476919.177973,5867953000000,i01-g000019-n000000484,i01-g000006-n000000170;i01-g000016-n000000400;i01-g000009-n000000230;i01-g000012-n000000319,de_trial,103.01339457343953,,,,,real_vector,2e0858962d6c47fe3dd85c506b86d82b,2r3QT4mrB8Cfqp3Jf/Dsv9Kuv2ZxrwHA+cLKWtjnAMDBXLmNDCYAQOdQZ6IeCQPAcBK5bCiG8b9jYesNT4f7vwAfv4YNhAXAJx1CQU7KAMA=,compact,4,10,,
run-20260903T230838Z-4891f68f,1,515,485,19,1788476919.177973,5867953000000,i01-g000019-n000000485,i01-g000011-n000000291;i01-g000017-n000000427;i01-g000003-n000000096;i01-g000012-n000000319,de_trial,119.78929986648913,,,,,real_vector,f040518c74c48094278937a6d96fbce0,e+kZZfiY+r+pio9yIUcBwPZ47KwdI+m/oCXJ9nHX7D9jx+aStW75P3IRrBHlo+Q/xop/keCy9r/m8arWrifyP16IIy+3r/4/hP1F4oHg+78=,compact,4,10,,
run-20260903T230838Z-4891f68f,1,516,486,19,1788476919.177973,5867953000000,i01-g000019-n000000486,i01-g000016-n000000414;i01-g000006-n000000160;i01-g000016-n000000400;i01-g000004-n000000107,de_trial,107.24773001814849,,,,,real_vector,efaa7c6dc4b24c15ba5915bbd8878a4a,kHLyJKT4sj8aE1IXjOEGQNxYAXfFAdM/gIFwLPaUA8AAh05HPHCrv5sTpRL8v+i/b0w3tbnV7b823nz4HF7nPwB4EeO1Gd8/cEfaiVN80j8=,compact,4,10,,
run-20260903T230838Z-4891f68f,1,517,487,19,1788476919.177973,5867953000000,i01-g000019-n000000487,i01-g000015-n000000391;i01-g000013-n000000333;i01-g000016-n000000400;i01-g000006-n000000170,de_trial,128.4338202254342,,,,,real_vector,bfdb451be990277cf49e57196e90153e,4J1H9a8ZB0AwpKY74t+3v9xVWKccU+a/dOea1k3m9b84fP3C+Sf2P2D/Q4VMQPC/fdWsTA/G9r+w8Sku0lWnPx+VAzU1lgPASN4Jcb2BCcA=,compact,4,10,,
run-20260903T230838Z-4891f68f,3,327,305,12,1788476919.177973,5867953000000,i03-g000012-n000000305,i03-g000011-n000000298;i03-g000005-n000000151;i03-g000005-n000000127;i03-g000011-n000000297,de_trial,152.88331794222654,,,,,real_vector,f767ee67b9395642b61eff7b9b04c7d3,yC8hDgct7L9ClZmfaRH1P75BzBrRX9W/yYU+zeuZAsCYvin9uu/bv9xCT2tvotA/2HagSVfF0D+yTGp5Ajvkv/2mH7KiAve/b37YxWZ+AsA=,compact,4,10,,
run-20260903T230838Z-4891f68f,3,328,306,12,1788476919.177973,5867953000000,i03-g000012-n000000306,i03-g000003-n000000084;i03-g000009-n000000238;i03-g000011-n000000285;i03-g000011-n000000297,de_trial,168.44704985090397,,,,,real_vector,7bad166d9d9be6934fb3cf4dc041ac0a,wgx0HjaSAkDFj3ZK/gLoP3GxcY1XWhNAbInhiPWsCEDC8M0qBzPzv1H/uq/HmATAAFH2rvwo5T/0W25r0yHtv5i3D5qly/Y/AqXX9tj0A0A=,compact,4,10,,
run-20260903T230838Z-4891f68f,3,329,307,12,1788476919.177973,5867953000000,i03-g000012-n000000307,i03-g000009-n000000233;i03-g000003-n000000081;i03-g000005-n000000127;i03-g000003-n000000084,de_trial,134.25612155437065,,,,,real_vector,ebd3f82eda45f0e69841cc73ddeb1d6e,MtyIDhYU+b/CpkP4H2IHQFB3KZVPPABAR9K/lWYI+b8AsRL/3n3xP+sYgC15QgLAPI1bZt/Q8T/CNBPT13/kP7gg/oAw7gtAKxl9FA+G6z8=,compact,4,10,,
run-20260903T230838Z-4891f68f,3,330,308,12,1788476919.177973,5867953000000,i03-g000012-n000000308,i03-g000001-n000000049;i03-g000003-n000000084;i03-g000002-n000000077;i03-g000007-n000000178,de_trial,183.1643247611836,,,,,real_vector,aaa160e1d76d797acd10a0be8368765d,IOmJZRXZ5b90gkPWreQNwFPkD0NkSeI/FQmsMkAq8z/CBka6tSb3vyDGxuaHEwpAz/onOtrKCMCs96KLJKLYP2eMrHjCqfe/ASmNdVgy+D8=,compact,4,10,,
run-20260903T230838Z-4891f68f,3,331,309,12,1788476919.177973,5867953000000,i03-g000012-n000000309,i03-g000008-n000000224;i03-g000007-n000000186;i03-g000005-n000000146;i03-g000011-n000000285,de_trial,147.06211459481062,,,,,real_vector,b55f1a82f85df9c24bd89479f890399d,2m6N1U5OAMB6KF43hMMBQE0SrRhimvC/8lABvu9vCUBtnjJdankNQOuU6arMXA5A39YZnhcNBcA3D0+TntkLQCbWTporsv6/OiGEJGgP7T8=,compact,4,10,,
run-20260903T230838Z-4891f68f,3,332,310,12,1788476919.177973,5867953000000,i03-g000012-n000000310,i03-g000007-n000000186;i03-g000001-n000000048;i03-g000003-n000000084;i03-g000010-n000000268,de_trial,150.96178767720937,,,,,real_vector,48ee12436170afa4d8c4b1432e5448c8,R5ezwseD8L/oJVn0ES7jv3rPrF0n3vM/QOXEUt7I9L8E8I8jhQIEQIYTCpp/o/I/qeahb6omE8Cz0TwArfr6v8ATcDYSrNk/yGA4A8yq/T8=,compact,4,10,,
run-20260903T230838Z-4891f68f,3,333,311,12,1788476919.177973,5867953000000,i03-g000012-n000000311,i03-g000011-n000000285;i03-g000002-n000000066;i03-g000005-n000000146;i03-g000001-n000000050,de_trial,163.46580141738792,,,,,real_vector,9821eca441c171d5d0b5afac6192c9c6,0VnD+GlW+79ywFuMXjH2P6nIgq97pfA/Y2vjh5qp4r/MOKVq+88LQOSVlbBcifE/0NociuGKCkDAJPocZxzfvwZzoVANMgjAkGqbDFZu+r8=,compact,4,10,,
run-20260903T230838Z-4891f68f,3,334,312,12,1788476919.177973,5867953000000,i03-g000012-n000000312,i03-g000009-n000000238;i03-g000008-n000000225;i03-g000003-n000000081;i03-g000001-n000000049,de_trial,162.36922857544312,,,,,real_vector,04f486cbb7856616a140086fcaf99977,ygR57gY/2j+4ipvGC/LSP2mR+FnuQhJAiV2JsgGq979EZ5+9mVvhPxR4S4VGBuW/YUdMPe4/BsAomMXbnGmyP1zjjMWPMgBAl1/EY+4O9D8=,compact,4,10,,
run-20260903T230838Z-4891f68f,3,335,313,12,1788476919.177973,5867953000000,i03-g000012-n000000313,i03-g000005-n000000150;i03-g000002-n000000066;i03-g000009-n000000238;i03-g000010-n000000268,de_trial,183.73067403851425,,,,,real_vector,2d2db540ead09fee72518c7d657ecae7,+qST6JHv+793ETIwGroIQC6bOOFn4P4/MI/YTvbC7z80fODI2FQPQCNc+CYfvxFAwpD8YxpOEkAy3WIQimADwMB+I8rSDPQ/aCNt6I9N978=,compact,4,10,,
run-20260903T230838Z-4891f68f,3,336,314,12,1788476919.177973,5867953000000,i03-g000012-n000000314,i03-g000002-n000000066;i03-g000001-n000000048;i03-g000007-n000000186;i03-g000008-n000000225,de_trial,146.84883384685722,,,,,real_vector,431e13795d3472044fd1c492350cc854,XZtbk+3EBcCgpw1C5ScOQEPvx72mM/K/LoZB5tKl6z9C+rUIbIELQBazGw7/oui/RzPEL5X1+b/4FQ9YejDGv55RnMj/utI/0C0xKXoJBkA=,compact,4,10,,
run-20260903T230838Z-4891f68f,3,337,315,12,1788476919.177973,5867953000000,i03-g000012-n000000315,i03-g000001-n000000050;i03-g000011-n000000298;i03-g000011-n000000285;i03-g000003-n000000081,de_trial,138.22853783746473,,,,,real_vector,37caf094f64da46dc11ea4b754d9b864,LL0cBzc6BUC3J5yynzH1PwSy1ehAh+g/CRtmq1LY4T8sakK9+5nzv1x6a66AJ9C/XtkaeKWFD0AkZDXGnU3/P4DIwvR+Abe/dFI6hJfoCkA=,compact,4,10,,
run-20260903T230838Z-4891f68f,3,338,316,12,1788476919.178973,5867953000000,i03-g000012-n000000316,i03-g000002-n000000076;i03-g000005-n000000146;i03-g000003-n000000084;i03-g000002-n000000077,de_trial,160.9717223288287,,,,,real_vector,200f5a54b586a6324de0cd277b2c994b,AIda2KMFkz+SV+09XTUTwNe+xKi4iwdAmOqwyy64yT/Y2/YCPpEOQCQ5gnYurg1AhJTlp+x3DMDqhImAd5H3P8B+I8rSDPQ/Xz1P+cBL8T8=,compact,4,10,,
run-20260903T230838Z-4891f68f,3,339,317,12,1788476919.178973,5867953000000,i03-g000012-n000000317,i03-g000002-n000000077;i03-g000009-n000000233;i03-g000010-n000000268;i03-g000007-n000000178,de_trial,121.40488921051355,,,,,real_vector,d99e9f28c54e7669e4fef3eb4f471763,EG5Y/fcL8T+1TzhdlyTiP6fG1ve3HQJABHC8WddUCMAsbcrNnsfjv3p0KoWtB/O/cjo+DJLB8D/Q2rduVJXLP3Dt/SKzx9c/jGVX0es8DkA=,compact,4,10,,
run-20260903T230838Z-4891f68f,3,340,318,12,1788476919.178973,5867953000000,i03-g000012-n000000318,i03-g000010-n000000268;i03-g000008-n000000224;i03-g000001-n000000048;i03-g000007-n000000186,de_trial,156.1666321576682,,,,,real_vector,b8302cc00f440eb81dfc263c44fc8364,/wNXl8704r8iv1eVVPPzP+KPJCq6+Q9API59llkXE8DX9kB5Cd/pP08d2z+Pe+y/itHjzOJ/BMAc58ZeyVvoPyjANWe4CPu/i7pgLAIW+z8=,compact,4,10,,
run-20260903T230838Z-4891f68f,3,341,319,12,1788476919.178973,5867953000000,i03-g000012-n000000319,i03-g000005-n000000151;i03-g000005-n000000146;i03-g000009-n000000233;i03-g000002-n000000077,de_trial,127.02601943707018,,,,,real_vector,0d966063ea286e745dca548583d85ab0,tDZ5Zgh92z9cePNP9eQBwNSOo6R8HhBAMKpwJRKM6D/k6wzbcB37P2iX7szKnwJAgPq1xfhGrr8SItEp2931P6YQX8e5hek/CzUXcQYi/z8=,compact,4,10,,
run-20260903T230838Z-4891f68f,3,342,320,12,1788476919.178973,5867953000000,i03-g000012-n000000320,i03-g000005-n000000146;i03-g000001-n000000051;i03-g000010-n000000268;i03-g000001-n000000049,de_trial,145.54990329225416,,,,,real_vector,8af2a08775cd10a45ae164b3efcab7c3,lgcl5quZ17+oPZe9+m/uv3dnHZtAmfi/GM9CILTHwr/ZdNYMDgwHQJ5Yh/rPxgbAFPW4bt3Z578pZOcsDx3lP85EBRWupAvAClblLUc99j8=,compact,4,10,,
run-20260903T230838Z-4891f68f,3,343,321,12,1788476919.178973,5867953000000,i03-g000012-n000000321,i03-g000008-n000000225;i03-g000005-n000000150;i03-g000001-n000000050;i03-g000002-n000000066,de_trial,147.6970760374896,,,,,real_vector,13e4115f7f40aaa5f7999914118e4973,UP8dedMruD99B/qX4pfwPyE5IjpFCgZA65uR/eWj7r9M1yrllo7WPxi8ErIsNQzAgP46y8Cmz7+2N1aYRurZv9MZjVDwlwdA1B2p5Xf1EUA=,compact,4,10,,
run-20260903T230838Z-4891f68f,3,344,322,12,1788476919.178973,5867953000000,i03-g000012-n000000322,i03-g000011-n000000299;i03-g000005-n000000150;i03-g000011-n000000285;i03-g000003-n000000084,de_trial,140.96163532154958,,,,,real_vector,2a153183d48b0b59d379b4bec7a8ab91,TBHsq0X01D/ELkbBHfIOQDgt6ltDUgdAtp3yfgqc4z8XTXzMmi3qP4HguRW1aw3Adr12KXSZAEDb9/fLzJPxvwBmUQ/MwA9AUIA1+pyYEEA=,compact,4,10,,
run-20260903T230838Z-4891f68f,3,345,323,12,1788476919.178973,5867953000000,i03-g000012-n000000323,i03-g000011-n000000297;i03-g000009-n000000238;i03-g000002-n000000077;i03-g000005-n000000151,de_trial,169.3736034256152,,,,,real_vector,54a2dca6d775c9451d8623417c88577a,LHo1CS6f5z9cBpS3ckACQGTxSUiqbRJAf6fH8tVN+T9CeSk429v1v4zr9yO999S/D0hpWXs5CUCsmW3whiXyP50S6ZEXIgBAbJV1RPnqBEA=,compact,4,10,,
run-20260903T230838Z-4891f68f,3,348,324,13,1788476919.180977,5867953000000,i03-g000013-n000000324,i03-g000001-n000000051;i03-g000009-n000000238;i03-g000002-n000000077;i03-g000005-n000000127,de_trial,100.02522907992984,,,,,real_vector,3b383cd33d58a8126a5cb4c5e8855965,oOrDlB9Jzr8x1fYHisn6P9wvh36fJRBAVHRyWBsB8j+o8emSq0O9P/i4WC+pCQfAUZnnyeM/8b8EFCGA/ojXv07uFw8Mudo/N7yRlqcx7z8=,compact,4,10,,
run-20260903T230838Z-4891f68f,3,349,325,13,1788476919.180977,5867953000000,i03-g000013-n000000325,i03-g000005-n000000127;i03-g000009-n000000238;i03-g000005-n000000151;i03-g000003-n000000084,de_trial,154.07761816409396,,,,,real_vector,68bbd314fba2a4b82e1391bb0b87e65c,SKJWz/tc3L9CIJ1UJYIQQGZLyQV4WgtAs2cQ7INlAUCgLrkSD873Pzei08kD8/q/yOKLzxg80j9FYqBiggz/P24cEgPgpNc/1kUeaO3n7j8=,compact,4,10,,
run-20260903T230838Z-4891f68f,3,350,326,13,1788476919.180977,5867953000000,i03-g000013-n000000326,i03-g000007-n000000178;i03-g000005-n000000151;i03-g000001-n000000050;i03-g000010-n000000268,de_trial,134.0493981041965,,,,,real_vector,263ccd736ae875ba6ca1ffd887da0970,CWgoBYU6B8A9sCPjPcD3P4i6sKUwgcY/6jN3Zd88/r9b41JZCnoKQLFmtZ+hO+Y/bg9IAHmcBcB4BtJdUvH9v+D1zTFYAM+/JSIBWbQHAsA=,compact,4,10,,
run-20260903T230838Z-4891f68f,3,351,327,13,1788476919.180977,5867953000000,i03-g000013-n000000327,i03-g000003-n000000081;i03-g000001-n000000049;i03-g000011-n000000298;i03-g000008-n000000224,de_trial,118.25579754491514,,,,,real_vector,bc530fbe411465dbfe411221ac24bb7f,KPlX5pHyvj/qjQlNO/T3v/6FoMCjhAzAOfGrTbeQ/j9mco5xcrb7v/dYKrwh9wbAKN/t1s+v7b9MUU85pEPcPwbly9nnpgDASc0BTFAH7D8=,compact,4,10,,
run-20260903T230838Z-4891f68f,3,352,328,13,1788476919.180977,5867953000000,i03-g000013-n000000328,i03-g000001-n000000048;i03-g000005-n000000146;i03-g000008-n000000224;i03-g000008-n000000225,de_trial,141.2479470625949,,,,,real_vector,cac702790ea70e7ea0590bd16e6dd5a6,GqGjQ4tY+L8wIB93aLKwPyJghXmd6QhAvjIw6132+r/a6FJQXNgNQDqfQl/U5whAM9aFeUYA9L9SBQjja9Dlv0tsWI+2tuA/BmtMHpdz8j8=,compact,4,10,,
run-20260903T230838Z-4891f68f,3,353,329,13,1788476919.180977,5867953000000,i03-g000013-n000000329,i03-g000011-n000000298;i03-g000005-n000000151;i03-g000005-n000000146;i03-g000002-n000000066,de_trial,123.56259854529864,,,,,real_vector,94b04538906e91d19c6697d4f0eac61f,FZM+4PJG9z8ipikXBuHxv7ogtY1WEvU/QLoj+Nvg/r9CpADr0Of5PzYPoseusNG/fvLk18QeD8DOZt/6ftDyP4Cy77I1KJw/6Db7VQAH978=,compact,4,10,,
run-20260903T230838Z-4891f68f,3,354,330,13,1788476919.180977,5867953000000,i03-g000013-n000000330,i03-g000003-n000000084;i03-g000008-n000000224;i03-g000010-n000000268;i03-g000007-n000000178,de_trial,171.61242901063588,,,,,real_vector,4952723c4dbf841c432d54b6d035a677,GE5x/sdJzT/WxXkH3w0DQJ6hoYu9awFAfky7AffJEcDgCz3UTZuVP2RcGp2fWs+/kAkMiG7+CMDB/z1S4LELQHTMpXBqAQfAVxSGhBhuA0A=,compact,4,10,,
run-20260903T230838Z-4891f68f,3,355,331,13,1788476919.180977,5867953000000,i03-g000013-n000000331,i03-g000009-n000000233;i03-g000010-n000000268;i03-g000007-n000000178;i03-g000001-n000000048,de_trial,151.29976253433225,,,,,real_vector,32a99a31b1336c9434793cdac174f145,jr5uiGIg6z+Ov2ghHe7aP8f6tJJBQuM/wE2V1wlb2T/VMp16UnIAwEj071zn4wnAtyhEprGpCEDko/8OR8HOP3rLIC2OABHAh+pR6fS19T8=,compact,4,10,,
run-20260903T230838Z-4891f68f,3,356,332,13,1788476919.180977,5867953000000,i03-g000013-n000000332,i03-g000001-n000000049;i03-g000010-n000000268;i03-g000002-n000000077;i03-g000005-n000000146,de_trial,125.14267634849172,,,,,real_vector,c8cf5198274e3c3f0d3d44a285423865,/PnD88cg3b8/jvFxNWIJQBiVw8IRY+2/zBj35uubB8CGO7gD7tINwGrlHXXjKxDAmP7H0HVHwz8EleoDDR/CP9Zo7aOffQrAwrvRc1MCAEA=,compact,4,10,,
run-20260903T230838Z-4891f68f,3,357,333,13,1788476919.182487,5867953000000,i03-g000013-n000000333,i03-g000008-n000000224;i03-g000003-n000000084;i03-g000007-n000000178;i03-g000001-n000000051,de_trial,188.92927540404793,,,,,real_vector,93a6ba5fb17ac8e18fef10b8396c7ff8,KtO9FBOh4T9qxKWvmLYPwKagEGJB/AtASrE0d5BY9L9NqQ5WbWDiPzCksoyx4QJAGiv8xWr49L96WQGSnWoCwItV3HU2l/y/182Y6zHQ+D8=,compact,4,10,,
run-20260903T230838Z-4891f68f,3,358,334,13,1788476919.182487,5867953000000,i03-g000013-n000000334,i03-g000007-n000000186;i03-g000009-n000000238;i03-g000001-n000000049;i03-g000011-n000000297,de_trial,145.17549722825387,,,,,real_vector,0b645226890f3de92c8be4c2fa23a9fa,ATh6BYq09z8ACyMdytzIP56zF5HkEv0/HDsWaUa/CUBY5hPZ2FL5v0QSBFhpZwTASrXRWX2TD0BoeUXpbYnFv+RURoaKFPa/RN4ytx3C7j8=,compact,4,10,,
run-20260903T230838Z-4891f68f,3,359,335,13,1788476919.182487,5867953000000,i03-g000013-n000000335,i03-g000011-n000000285;i03-g000005-n000000150;i03-g000008-n000000225;i03-g000001-n000000048,de_trial,149.9415507555181,,,,,real_vector,904acf5e16022cb2b3c8a1330456e588,av5CuS/+8z+QbwQxf1jKP228qB5onAdA7EW/233207++tZ4AkQ3iv9x2Y/tAQ+W/3DKMLV7TBkAiFJme413Zv6VPLmsPieQ/NLBwmrHTA0A=,compact,4,10,,
run-20260903T230838Z-4891f68f,3,360,336,13,1788476919.182487,5867953000000,i03-g000013-n000000336,i03-g000009-n000000238;i03-g000011-n000000285;i03-g000011-n000000299;i03-g000007-n000000178,de_trial,134.09109906323923,,,,,real_vector,0a2bcfb62c9ff00efc086a5814b3caed,tB2KJB777D/HbBwCi7TsP8V+ShDpNAxAhTiejXHB+b/6mD0nNgPOvxR4S4VGBuW/WCxjrf0W6j9O26Q+W0ztP2xvzGVrRwBAlr2je4KiEUA=,compact,4,10,,
run-20260903T230838Z-4891f68f,3,361,337,13,1788476919.182487,5867953000000,i03-g000013-n000000337,i03-g000005-n000000150;i03-g000005-n000000127;i03-g000003-n000000081;i03-g000011-n000000285,de_trial,125.26879236875797,,,,,real_vector,09700148bf6e79dc15c19397c47c5f29,JmG1lsMh9L+6gS8XPND7P9KvizJlz+A/PZZl08hbBcCA6i57odLMv1omxiTjSQBAyKXRLTDZ/L+WPdHJSXQAQIxBH8fvrPk/TGbWwMysB0A=,compact,4,10,,
run-20260903T230838Z-4891f68f,3,362,338,13,1788476919.182487,5867953000000,i03-g000013-n000000338,i03-g000002-n000000066;i03-g000011-n000000299;i03-g000002-n000000076;i03-g000008-n000000225,de_trial,146.4612804491375,,,,,real_vector,22333c00c45ab5617af490318366c4e4,d6Pktcld479gOwzzdygGQI6gSUNFgQVAN4RMv+iLBsBU9oV88x77P+Zrc4028dy/eq/H7fQy/T/EQSE5yxPxPyhTFVLWVuS/xL3/TnmlBkA=,compact,4,10,,
run-20260903T230838Z-4891f68f,3,363,339,13,1788476919.182487,5867953000000,i03-g000013-n000000339,i03-g000001-n000000050;i03-g000002-n000000066;i03-g000009-n000000233;i03-g000005-n000000150,de_trial,156.46477556508722,,,,,real_vector,a9edf1f9d5c37997078fc586b6bcaa2a,Ylw5MrDU+L+ESaTmD3gEQPjETXSk2+E/WA3X600l7L/nva0NWnsFQIc+ZUJikAxAyd5Y4O/NCEBSBQjja9Dlv4DIwvR+Abe/INXfSBUv678=,compact,4,10,,
run-20260903T230838Z-4891f68f,3,364,340,13,1788476919.182487,5867953000000,i03-g000013-n000000340,i03-g000002-n000000076;i03-g000008-n000000225;i03-g000003-n000000084;i03-g000008-n000000224,de_trial,118.95852718398272,,,,,real_vector,4e171f404eef2ac7dbfc20d78979558a,eSEGm5Rv7z/j70nj0Mv1P6rZdJ8DZPs/yCzPkefEzz/BM50c32b2v1R3A0B72uo/g81QGZEUEcCov6I+VDXqv8Q747sCqfy/Nq4H+a027T8=,compact,4,10,,
run-20260903T230838Z-4891f68f,3,365,341,13,1788476919.182487,5867953000000,i03-g000013-n000000341,i03-g000002-n000000077;i03-g000001-n000000050;i03-g000009-n000000238;i03-g000011-n000000285,de_trial,128.44144945922037,,,,,real_vector,d8eeca48002c299a6252dca22a96c6b3,2ndPEfyD/7/K+ni3+6oHQAFOT5ahA/U/aoErmRg22L9MyQMmresDQLBjHSd2GLW/FFwYVLu6CcAwKW3mrOelv2fmDYxq7vW/GuVjMBf94z8=,compact,4,10,,
run-20260903T230838Z-4891f68f,3,366,342,13,1788476919.182487,5867953000000,i03-g000013-n000000342,i03-g000010-n000000268;i03-g000011-n000000285;i03-g000002-n000000066;i03-g000005-n000000151,de_trial,151.56792935797057,,,,,real_vector,c96989b6929d89ed101b9ab266478775,vt0q0/a37T9WNxd3UM/0P5scLoL83AdAiDoX9ugC+T8wn9r/vALKP1q72e7DJ/O/ir153mLUAkB6WVIwfG/5v6AJJ/feDf4//ModxjQ/EkA=,compact,4,10,,
run-20260903T230838Z-4891f68f,3,367,343,13,1788476919.184018,5867953000000,i03-g000013-n000000343,i03-g000005-n000000151;i03-g000001-n000000050;i03-g000009-n000000233;i03-g000007-n000000186,de_trial,121.68392051285852,,,,,real_vector,47b020e6e766cf331159fe7b0aacbfce,EAeUATzv6L98oVsRz6jsP58P2fR2CgdAtFKzkGhXC8D7zrfrcjbxPyTwPBG2SwDAR3K1++Sg+L8OhavQsnUBwDUYE64F2PE/XMajkFWYA0A=,compact,4,10,,
run-20260903T230838Z-4891f68f,3,368,344,13,1788476919.184018,5867953000000,i03-g000013-n000000344,i03-g000005-n000000146;i03-g000003-n000000084;i03-g000011-n000000298;i03-g000009-n000000238,de_trial,171.27366326040436,,,,,real_vector,6b13c2d9fe98af08ef4edb44bd00d20f,7wI5KCjJ4z9y2BWBGNsTwEAUk7vwerk/QO69dQjZDMBYIJfPEXTiv1Bx/KzZ1QJAWEtWEYt/EcBgcO2tpkrAv8q+FBiM4gbAKYRDtD0FAEA=,compact,4,10,,
run-20260903T230838Z-4891f68f,3,369,345,13,1788476919.184018,5867953000000,i03-g000013-n000000345,i03-g000008-n000000225;i03-g000005-n000000151;i03-g000009-n000000238;i03-g000001-n000000051,de_trial,147.80528304156388,,,,,real_vector,8d14c814d0ca22387ab25ef16f2d8179,cb26RI4Y9b+0LvOOQ8X/P3oaAvoJFgtAwgvEF5Tl+b/QvVs525oEQKpbHWgfIPA/ELW0tsTU5T+EQIkszqnyv5CnGvFQReO/iH//7ibDAcA=,compact,4,10,,
run-20260903T230838Z-4891f68f,3,370,346,13,1788476919.184018,5867953000000,i03-g000013-n000000346,i03-g000011-n000000299;i03-g000011-n000000298;i03-g000005-n000000150;i03-g000003-n000000084,de_trial,153.47269650976568,,,,,real_vector,39f1c01d808d0e6783095930da7c89d3,xDlcFcUV9T/HJIl3QSMQQFSJGx1DfQVAq1gXKleXAsCXvc18oCnXP2x4X52e1MA/nqsHPsV4FECAp9Ikz4gAQCqoFeOutgBAZkcBc5WYBUA=,compact,4,10,,
run-20260903T230838Z-4891f68f,3,371,347,13,1788476919.184018,5867953000000,i03-g000013-n000000347,i03-g000011-n000000297;i03-g000003-n000000084;i03-g000011-n000000285;i03-g000009-n000000238,de_trial,154.99434396260267,,,,,real_vector,034d2396b2e847ce54846f3552e29a10,/mdXk6wv2D+Uzb96NdH+v8T3/VlNDt0/ZuW7QVmIBcBUEPPZGvXmvwow/1XpGeo/aEhQELppDcBY4zhajWn7vwnfiUSChPm/QDXsIai0B0A=,compact,4,10,,
run-20260903T230838Z-4891f68f,3,373,348,14,1788476919.185031,5867953000000,i03-g000014-n000000348,i03-g000001-n000000051;i03-g000009-n000000233;i03-g000001-n000000050;i03-g000003-n000000084,de_trial,170.28704525715776,,,,,real_vector,9d6a0a88b89e28016b50370c62b7d938,gA0+j6eTmj9YNH2tGooPQJ5wOHxOdAhAKphziVfE2b//7iO7EI30PwfTAwHsLQPA9iZp12ZrDEAA7CYOnnPxv5PzH69NCwpA747KbjwwDEA=,compact,4,10,,
run-20260903T230838Z-4891f68f,3,374,349,14,1788476919.185031,5867953000000,i03-g000014-n000000349,i03-g000005-n000000127;i03-g000003-n000000084;i03-g000002-n000000077;i03-g000011-n000000298,de_trial,133.1152306701503,,,,,real_vector,ce3744eb456807b2f965dc93c47eb86b,ub3oTsUN97/mH4grj+EAQDDscU0svNk/jGG6e1lbCsCtsR2/u9Tyv4YLev9TOwFATla1uh9XA8CQYR69mfz6v/m280G+3f6/F+7QHizw7j8=,compact,4,10,,
run-20260903T230838Z-4891f68f,3,375,350,14,1788476919.185031,5867953000000,i03-g000014-n000000350,i03-g000007-n000000178;i03-g000008-n000000225;i03-g000011-n000000299;i03-g000003-n000000084,de_trial,125.51259485903823,,,,,real_vector,4375fbfb1d02690414d53ce8addd15d3,sOcfAUtwr7/cbPVr4awMQG0FiqSIYg5AwDJ/rXvimb/MfCjL4DfXv7REi+nuX++/NZFebnAV979Sb/GkmbcBQATyzOmysOq/CSRxUjuq9D8=,compact,4,10,,
run-20260903T230838Z-4891f68f,3,376,351,14,1788476919.186043,5867953000000,i03-g000014-n000000351,i03-g000003-n000000081;i03-g000009-n000000233;i03-g000007-n000000178;i03-g000005-n000000150,de_trial,75.53165367827364,,,,,real_vector,60c4afe46b1d1bc54653f51965754d56,trU+M2Cu8D9g/3VS9MOhP/19tdxpCglAWj9e/Oi+7D8wuAIc/1K0v9gzCNBEmPO/cjBHGxVCDkB8d3VfP73rv4hSQl45i+k/GhpxPj3AAUA=,compact,4,10,,
run-20260903T230838Z-4891f68f,3,377,352,14,1788476919.186043,5867953000000,i03-g000014-n000000352,i03-g000001-n000000048;i03-g000007-n000000186;i03-g000003-n000000081;i03-g000002-n000000077,de_trial,156.52582006114625,,,,,real_vector,653dc7c1f0e7bfa433911d8afa175a8b,nsdH7Ekh/b+aTBiKIlvxP7x3KEWmD+G/ktJY01dSEkDyQDsi/vMOQJStWGRhdeC/WPz5aIJUxD/b9BP43mzrP+zix+d5eNM/JEGZrZbyBEA=,compact,4,10,,
run-20260903T230838Z-4891f68f,3,378,353,14,1788476919.186043,5867953000000,i03-g000014-n000000353,i03-g000011-n000000298;i03-g000001-n000000051;i03-g000002-n000000076;i03-g000009-n000000233,de_trial,138.3653577515109,,,,,real_vector,338162c68adf6d838211c3517301fa06,FZM+4PJG9z+IY1qS4aPYv/WaT92S3g3A5dt/SaJ98z9KwQXbMkvsv1nM/rX/vAjAT3jn6YT99L9iExEiBhHfPyAg8Rx8Ypk/bEtjAZIO5j8=,compact,4,10,,
run-20260903T230838Z-4891f68f,3,379,354,14,1788476919.186043,5867953000000,i03-g000014-n000000354,i03-g000003-n000000084;i03-g000010-n000000268;i03-g000005-n000000150;i03-g000011-n000000285,de_trial,174.35549091345422,,,,,real_vector,7aba6adccb2dd97631f00d441e8dfeaa,1dZ3oyhU4b/0en5hMin9P0guPcgFfdu/dl2Z/sQoA8CvkeAkRDTivysh35gXg/+/ZdEbvv9u5b+078SBvh7uP1HveNZ/CRLAip/b4hiN9z8=,compact,4,10,,
run-20260903T230838Z-4891f68f,3,380,355,14,1788476919.186043,5867953000000,i03-g000014-n000000355,i03-g000009-n000000233;i03-g000011-n000000297;i03-g000005-n000000151;i03-g000002-n000000077,de_trial,152.58905238838898,,,,,real_vector,2a383ac85a9ce131809dc99fa17fe3b6,ewDqKgwJA8DERKg52fjQP7JUZeedTOU/nOWWbLeFx79MSydSipITQMo71wSxfeI/jVt5m93YCMAIRYoed3G/P6L013JJmwLAYqOwaM8n5L8=,compact,4,10,,
run-20260903T230838Z-4891f68f,3,381,356,14,1788476919.186043,5867953000000,i03-g000014-n000000356,i03-g000001-n000000049;i03-g000005-n000000146;i03-g000011-n000000285;i03-g000009-n000000238,de_trial,96.2205839166563,,,,,real_vector,34e246d147eeabe652f440f443cbdc8d,9zArVLFy7L+MqWLwbNfsvyp5I/2WNQNAuttwEO288b/FJyQY1A8DQDWYCiLcBv4/7hRvkSKUAMB2t5Lsm7n8P/N2sVI22QBAmvE6UfCKAUA=,compact,4,10,,
run-20260903T230838Z-4891f68f,3,382,357,14,1788476919.186043,5867953000000,i03-g000014-n000000357,i03-g000008-n000000224;i03-g000003-n000000081;i03-g000011-n000000285;i03-g000001-n000000049,de_trial,135.5738142633533,,,,,real_vector,46775f13b3dd9c655a76d9adde55ff59,t1GtReaq4r9gp3g0qw2YP04nXNN6SRRAq1gXKleXAsD/0V9vAf7/P3YyfWoyLwHAxAN2ZUzE8z+A9EuZSFn/P+O9NMKsnPk/x6zkJwFhBUA=,compact,4,10,,
run-20260903T230838Z-4891f68f,3,383,358,14,1788476919.186043,5867953000000,i03-g000014-n000000358,i03-g000007-n000000186;i03-g000005-n000000150;i03-g000005-n000000127;i03-g000005-n000000151,de_trial,188.45565574145382,,,,,real_vector,f3ec4fdaa5c848da13699657cc2eeeb0,GGN5wjC/7T9qJ3tKLIP/Py3ZNzJDOARAeBr24gj02r+ORPjYanTjv/Ag5Romote/GqJRKC1zDEB04qSVQZzaPzTUF3Vf0QZAVcbTD65lEkA=,compact,4,10,,
run-20260903T230838Z-4891f68f,3,384,359,14,1788476919.186043,5867953000000,i03-g000014-n000000359,i03-g000011-n000000285;i03-g000007-n000000186;i03-g000010-n000000268;i03-g000011-n000000299,de_trial,171.1186985491209,,,,,real_vector,ee5392b58e3b11d1c738801c0e0b977b,o8lt1Jte7r8MJwtAbNICQKxWGdeIkgTATwtx2L8tEUCgue+4wHXvP1T/fNDKueS/YRgtS3WO1z8Kr2s8GjzzP13r5HVvRvi/0Gt/7p4HBEA=,compact,4,10,,
run-20260903T230838Z-4891f68f,3,385,360,14,1788476919.186043,5867953000000,i03-g000014-n000000360,i03-g000009-n000000238;i03-g000005-n000000146;i03-g000002-n000000066;i03-g000011-n000000285,de_trial,192.85066445689608,,,,,real_vector,21d4ab6258b7ad60e11196548dc0d8c9,thvRCbCZBMAIMp+wm8XeP2UAW5MTbvc/+lqwyOLK9b/gB5BDxoQSQHilBHcY2gFAr+jPRj4SA8AkrgkCtmP/P/iL6lQtjQHAJDh+L6Ik+78=,compact,4,10,,
run-20260903T230838Z-4891f68f,3,386,361,14,1788476919.187039,5867953000000,i03-g000014-n000000361,i03-g000005-n000000150;i03-g000001-n000000050;i03-g000009-n000000238;i03-g000010-n000000268,de_trial,138.99817248158274,,,,,real_vector,efea418353c32d90e91bbb0f9f274cad,VNOCTdJ3978RKeLkK4YDQFh5AP0p+QVAfj4AoB2i6j/wO0/9nQIHQECIE9yzz8G/mOPOaTcs9r8eitcWy/Twv8B+I8rSDPQ/CDKCQfyq+T8=,compact,4,10,,
run-20260903T230838Z-4891f68f,3,387,362,14,1788476919.187039,5867953000000,i03-g000014-n000000362,i03-g000002-n000000066;i03-g000005-n000000146;i03-g000001-n000000049;i03-g000005-n000000127,de_trial,132.84418073851356,,,,,real_vector,4c613a23315bafeaecbb44b4caf9eb4d,N0tVUfjG9b+ONDbjs6cDwKg/teBm/+w/PIclZWSe5z+bDsR7LDAHQIgpv+LZKug/fXFyOGf/BsC6J0I1roD6Px2u1lVkzPO/T5c9BIsH5j8=,compact,4,10,,
run-20260903T230838Z-4891f68f,3,388,363,14,1788476919.187039,5867953000000,i03-g000014-n000000363,i03-g000001-n000000050;i03-g000007-n000000186;i03-g000001-n000000051;i03-g000005-n000000146,de_trial,172.42586025184153,,,,,real_vector,db289995c1c51392a47a0137290e006e,uGR0I6i1678QvyGlgGUDQBoPEdsHXBDA30mf+w/YEkAAotKd3/amv7s35QsT9wDAhIyiefWy5D+wvRQtRRPmPxu/JUvw5APAKpPwtxoyBEA=,compact,4,10,,
run-20260903T230838Z-4891f68f,3,389,364,14,1788476919.187039,5867953000000,i03-g000014-n000000364,i03-g000002-n000000076;i03-g000001-n000000049;i03-g000005-n000000127;i03-g000005-n000000150,de_trial,146.79359070821002,,,,,real_vector,732c0445c873565d479763db9aeb0e49,yu4YrWzP5r+jWZx8H+DgvwLnhN4e/wzABsfAgkp68D+iPRaJR2cCwLiusTMoGfe/XFvZcI5rAsA4lDQmUl/+PyTAB141JgnApNF4DeWNxL8=,compact,4,10,,
run-20260903T230838Z-4891f68f,3,390,365,14,1788476919.187039,5867953000000,i03-g000014-n000000365,i03-g000002-n000000077;i03-g000005-n000000146;i03-g000009-n000000238;i03-g000005-n000000150,de_trial,92.87304585708215,,,,,real_vector,559e389d1ebc339da083f3aa45530c9c,5iSiULau5b9mxocMysXvvzzGpw0QK/A/Chp30sU88T+/h3lkKK4FQHiZMlXXawpAkj5yw3N0AMA8Y+2GQ4gIQKDcOVXHFck/oI3M25d4y78=,compact,4,10,,
run-20260903T230838Z-4891f68f,3,391,366,14,1788476919.187039,5867953000000,i03-g000014-n000000366,i03-g000010-n000000268;i03-g000003-n000000084;i03-g000001-n000000049;i03-g000001-n000000051,de_trial,113.8205288617611,,,,,real_vector,66f90491e91ac911ac2afe4a7770e691,GE5x/sdJzT/CGOL8LzQTwPDyY3iUA/A/eWefuUNnAMAQcKcczBDMvxJNc+jIN/8/dgDhN0RhDsD5SejPlDDxv3TMpXBqAQfAGAf5GqZg+D8=,compact,4,10,,
run-20260903T230838Z-4891f68f,3,392,367,14,1788476919.187039,5867953000000,i03-g000014-n000000367,i03-g000005-n000000151;i03-g000002-n000000077;i03-g000001-n000000050;i03-g000009-n000000233,de_trial,147.2440686958552,,,,,real_vector,bce63927cc88eba729def7e06461493e,E4y7XruPCsBzT7HCQpYPQOAizKpZu8i/38O/oNeAC8CnC8mOrhXzv0dph3GTlNY/5L+bzEXcEMBe1LXicGnyPz6zuokZIu4/0O4u202C0T8=,compact,4,10,,
run-20260903T230838Z-4891f68f,3,393,368,14,1788476919.187039,5867953000000,i03-g000014-n000000368,i03-g000005-n000000146;i03-g000011-n000000299;i03-g000003-n000000084;i03-g000003-n000000081,de_trial,106.80291620078053,,,,,real_vector,e84389f3f5c5f14b02b7cbc8a0161e8d,uEgdzwqc8L8ALRaFXh+FPwgs6sRZfwRAtGVseUPcAsCo6pPBc5W5v4DtVS0mWgFAYXKBXYI9A8BiLTUJTrD9P3nHhcXaLQHAHozE75bBAEA=,compact,4,10,,
run-20260903T230838Z-4891f68f,3,394,369,14,1788476919.187039,5867953000000,i03-g000014-n000000369,i03-g000008-n000000225;i03-g000008-n000000224;i03-g000011-n000000298;i03-g000001-n000000049,de_trial,158.85411303266523,,,,,real_vector,d84b5e84afda246ebc65049b54bafe98,UD6m38k57D+RHfGIgJIIQAwxv+QDgA9ANBNOPlf6CsD0UmdP1zTsv45fN9OVVvo/zOpbzR6v3z+AVZyS4mwGQNygYZZFSti/XWbVU6zMA0A=,compact,4,10,,
run-20260903T230838Z-4891f68f,3,395,370,14,1788476919.187039,5867953000000,i03-g000014-n000000370,i03-g000011-n000000299;i03-g000002-n000000076;i03-g000011-n000000298;i03-g000009-n000000238,de_trial,137.40130339655335,,,,,real_vector,85eb935cbd8d17a8c2a37dee02fed6b9,Wjtf+eEI1j/27TWO4ycBQBCSARFRsghAq1gXKleXAsDYp0pB4nvgP7Dj281qtuq/hgPxRupAAUAgURCHscvBvxSaRXuPSvQ/6WadZ7eBC0A=,compact,4,10,,
run-20260903T230838Z-4891f68f,3,396,371,14,1788476919.187039,5867953000000,i03-g000014-n000000371,i03-g000011-n000000297;i03-g000007-n000000178;i03-g000005-n000000150;i03-g000002-n000000076,de_trial,73.86678185666298,,,,,real_vector,0e8acf80039b97daf67322bb3f7465ac,sOcfAUtwr79Gv5BgzbboP8nHX7vU6P0/gd4smmcQ6r8Qni5FfMnWP6u9Zv4OfgDAKQnSxCsqD0D0YGtkS5AAwEghNUTbBOy/QJC+zFiA7D8=,compact,4,10,,
run-20260903T230838Z-4891f68f,3,398,372,15,1788476919.188039,5867953000000,i03-g000015-n000000372,i03-g000001-n000000051;i03-g000005-n000000146;i03-g000011-n000000299;i03-g000008-n000000225,de_trial,127.79277787901052,,,,,real_vector,36cc912859887b462c9cbe37bf4c3540,xP1U2kaU5r8wIB93aLKwPyJghXmd6QhAvjIw6132+r/a6FJQXNgNQDqfQl/U5whAM9aFeUYA9L+xdXI8C4UIQEtsWI+2tuA/RHU/iinC6j8=,compact,4,10,,
run-20260903T230838Z-4891f68f,3,399,373,15,1788476919.189040,5867953000000,i03-g000015-n000000373,i03-g000005-n000000127;i03-g000001-n000000049;i03-g000005-n000000146;i03-g000009-n000000233,de_trial,167.5256892127283,,,,,real_vector,a97063056d1bbf0633697f81585a6787,sRvd3vD/+78+YKGF36r4vy7sneXd5wnA2kjtsh/F9j+QklnORbi+P75cCaAu8+6/hu9R6vYzDsAmIL5s8/YBQOtKpPMdkwzAwAJmDaJ72r8=,compact,4,10,,
run-20260903T230838Z-4891f68f,3,400,374,15,1788476919.189040,5867953000000,i03-g000015-n000000374,i03-g000007-n000000178;i03-g000002-n000000077;i03-g000003-n000000084;i03-g000014-n000000371,de_trial,153.15362113839063,,,,,real_vector,d5608da41282d8c0eb11dc4976f6760b,ZKdDEazU+7/gqCvGvkG9P5+3U9jfcOI/TL5rPlAFEMBgakPTihgDwJ2zA6AxfgRAG3s3LD6nE8DWiUIZpon1P3gIFh8HX+0/bmvU9c3z8j8=,compact,4,10,,
run-20260903T230838Z-4891f68f,3,401,375,15,1788476919.189040,5867953000000,i03-g000015-n000000375,i03-g000014-n000000351;i03-g000011-n000000298;i03-g000002-n000000077;i03-g000001-n000000049,de_trial,124.67654034282126,,,,,real_vector,7c822abf3996c94d8fd3daaca3b53f69,KGl4cP+w6z/90Pwm2NQGQOYAJrOLGhFAIiVp5fWHCcB8sTPawcfjv42pcbaS3/0/g29fGUK6/T/6DfdKE28CQIhSQl45i+k/s5TcXe/1/z8=,compact,4,10,,
run-20260903T230838Z-4891f68f,3,402,376,15,1788476919.189040,5867953000000,i03-g000015-n000000376,i03-g000001-n000000048;i03-g000007-n000000186;i03-g000009-n000000233;i03-g000001-n000000050,de_trial,126.3238377748429,,,,,real_vector,402cab138f6e48ef3fde0144b1c25208,7BNR9pTS2T982Yh8uxD8P4BiAZe6Q8M/s/j3d6tuD0Bb0JDoTKzxP9aYUjimcfA/WbGEM6fmCUC8eGIcxpb2P+xYH1Owbts/lCxs96GeCEA=,compact,4,10,,
run-20260903T230838Z-4891f68f,3,403,377,15,1788476919.189040,5867953000000,i03-g000015-n000000377,i03-g000011-n000000298;i03-g000011-n000000285;i03-g000014-n000000371;i03-g000014-n000000351,de_trial,157.755985069953,,,,,real_vector,c9482b48ed701941b62e8a4af1f43d05,rKY18L4C2z8moK2jcY3iP6PaHvf1SgJAAK5nw4jSsj/8SNhus7bPv/Lk9ylcxQrADJO+wE1wCkCGvpt715QAQKQkFZ+wgvs/Lv0E7xnpCUA=,compact,4,10,,
run-20260903T230838Z-4891f68f,3,404,378,15,1788476919.189040,5867953000000,i03-g000015-n000000378,i03-g000003-n000000084;i03-g000014-n000000351;i03-g000011-n000000299;i03-g000002-n000000077,de_trial,161.69097288194732,,,,,real_vector,e1870947c22f33b5cab53cf479f726d8,vp5l9hEs/j8EwG+5UfzVv7sq5jBnrBBAritl5yjh9j/BLGpvoxH2P9S95cwy/Pa/IJIaKgqlDkC2oenFN+vTv/4FmLVU6/G/H8zIkzvjBUA=,compact,4,10,,
run-20260903T230838Z-4891f68f,3,405,379,15,1788476919.189040,5867953000000,i03-g000015-n000000379,i03-g000009-n000000233;i03-g000011-n000000285;i03-g000001-n000000050;i03-g000001-n000000049,de_trial,160.27207918278154,,,,,real_vector,e21e22996c0da479c5b9421decfa085e,HH+KCDeo2j+y4TYscfv9P5aJYeWPcxNAcIL1FeDfxr97+Obn9VXyP2iZEy+oxgDAATsvyKLqAUDo9i/6Nx/6v8FdIsPfJhBAhA/R2VoREkA=,compact,4,10,,
run-20260903T230838Z-4891f68f,3,406,380,15,1788476919.189040,5867953000000,i03-g000015-n000000380,i03-g000001-n000000049;i03-g000007-n000000186;i03-g000001-n000000050;i03-g000001-n000000048,de_trial,122.61361443772348,,,,,real_vector,3f8cc59174b41f86311551224c0e4adb,R5ezwseD8L8/LtDhiGkGQHdqDe6DAAnAgJmFat8GD0BYJ+/auxYAQETgmo62aOo/UZnnyeM/8b80QHh916LYPwix/Kr8heG/dUQOJSPdA0A=,compact,4,10,,
run-20260903T230838Z-4891f68f,3,407,381,15,1788476919.190038,5867968000000,i03-g000015-n000000381,i03-g000008-n000000224;i03-g000002-n000000077;i03-g000001-n000000050;i03-g000005-n000000151,de_trial,95.9966706582101,,,,,real_vector,f872d05ab20983d37a1878873edbbfb1,V6jCh8+k/L9K+YoPvlINQNXbJLETwvc/qnIJhzCsBsC2g0uYHjb/vwDqC16+B1+/LLi68WgL778W+i6DD5/wP6Yixxr3fAdABlTmcIpv/j8=,compact,4,10,,
run-20260903T230838Z-4891f68f,3,408,382,15,1788476919.190038,5867968000000,i03-g000015-n000000382,i03-g000007-n000000186;i03-g000002-n000000076;i03-g000001-n000000049;i03-g000007-n000000178,de_trial,109.40622685081007,,,,,real_vector,e1e9922f74feb9899486877689532e37,wSIdgsyB178/LtDhiGkGQEREsRwmSeG/cNccz7N/+r/YNvtjBTm0P7OCZQm6Wvq/6F5UjP7btj9IF25IgR/CPxjbofWiCcU/7IKG2AZ1B0A=,compact,4,10,,
run-20260903T230838Z-4891f68f,3,409,383,15,1788476919.190038,5867968000000,i03-g000015-n000000383,i03-g000011-n000000285;i03-g000014-n000000351;i03-g000003-n000000084;i03-g000007-n000000178,de_trial,133.66945065177336,,,,,real_vector,0f77b78a95182343088ece8c37f6a3f5,Nkoq370A8z+uWKrX+QMGwMeI9ssZkQVA/2nQUOYS+L+MyoO9d8rdv7hgMEVdA+k/wItKYlx0sL+N7b4Rwpbxv/DWuoO31Mm/2ImXq1tIBEA=,compact,4,10,,
run-20260903T230838Z-4891f68f,3,410,384,15,1788476919.190038,5867968000000,i03-g000015-n000000384,i03-g000009-n000000238;i03-g000008-n000000224;i03-g000014-n000000371;i03-g000005-n000000127,de_trial,127.17190237026402,,,,,real_vector,13ede6f095cca7b9fa180f77b818c48d,BmRFdBl6yb/Y6wdJ65v3P37V92AKVwxAAaWiEPr+AMBbg9DGk/zgPyLOgGkVdvu/dGEGZOi56j/AsvONf6inv3a6q8aFIwfAoGYOSqXV/T8=,compact,4,10,,
run-20260903T230838Z-4891f68f,3,411,385,15,1788476919.190038,5867968000000,i03-g000015-n000000385,i03-g000005-n000000150;i03-g000011-n000000299;i03-g000001-n000000050;i03-g000014-n000000371,de_trial,175.48621898842046,,,,,real_vector,638f295808bd83b7745607bf8350363a,BM4AAYo+8b+VtbQ0ysMHQF5WRP8DSQRA6LNyhDZpA8As7LcJwevrPynOPwTqtOE/wJm8MbzeBUAQqnqCvDoFQBik58AAafi/eK0fj4fpA0A=,compact,4,10,,
run-20260903T230838Z-4891f68f,3,412,386,15,1788476919.190038,5867968000000,i03-g000015-n000000386,i03-g000002-n000000066;i03-g000001-n000000048;i03-g000014-n000000351;i03-g000011-n000000299,de_trial,118.12344342721784,,,,,real_vector,c87b580034351b7fba07ff8e220972d6,2bc3t0Y08792p3HwbpkIQN6JPYByN+k/mhhWZcDu4j9pz6O257D4P7ucv/HHVf6/JNOyAuYC579krQMLFcIAwC3TazXMS/Q/BqOH49bHAUA=,compact,4,10,,
run-20260903T230838Z-4891f68f,3,413,387,15,1788476919.190038,5867968000000,i03-g000015-n000000387,i03-g000001-n000000050;i03-g000001-n000000051;i03-g000014-n000000351;i03-g000002-n000000076,de_trial,167.79350344782293,,,,,real_vector,5092947a5fa6d90e4f5aa19c2512f7d1,wPx+RBCzxL+6dIwYjwr5v4fWC89lTwTA6HqmbWyvAECa7jqHyU/7vxTkPW3y+wbAPgW6wBW54b/aFBx0BKffPw4hPcOiPgrAwLnpChXS3T8=,compact,4,10,,
run-20260903T230838Z-4891f68f,3,414,388,15,1788476919.190038,5867968000000,i03-g000015-n000000388,i03-g000002-n000000076;i03-g000005-n000000150;i03-g000007-n000000186;i03-g000008-n000000224,de_trial,132.59023746222036,,,,,real_vector,6ccc42fed96bcc6cbad86c28d46f682e,Xn5+b82U3b8sMOQ2dg37P6BP17p877y/MhzF4DzKAUAoCqysNYH3P7iNRT14hOy/QUIlSpkbCkCzIIyGEVbzv5G9i2xpBP8/hfMjt3v/CUA=,compact,4,10,,
run-20260903T230838Z-4891f68f,3,415,389,15,1788476919.190038,5867968000000,i03-g000015-n000000389,i03-g000002-n000000077;i03-g000007-n000000186;i03-g000011-n000000299;i03-g000009-n000000238,de_trial,161.2462055912781,,,,,real_vector,96dee39d32f57f2284e9fb3799475b08,Bz71ObmB979xy9RD+t8JQOaopbepPfi/UD3OQb7D+T+QoKS73DwBQK5FdtI2g/M/zeIqtIgR8b9y68BWz9YEQISKvWkcEfi/EK9kG8RgB0A=,compact,4,10,,
run-20260903T230838Z-4891f68f,3,416,390,15,1788476919.190038,5867968000000,i03-g000015-n000000390,i03-g000010-n000000268;i03-g000009-n000000238;i03-g000005-n000000150;i03-g000005-n000000127,de_trial,156.20408169881117,,,,,real_vector,9c505b3706516c9203aff7e4e3e8c14b,XrgHQp/b5T9hfuy0tfTsP5zMfuRIChJADj4bQaQKA0Ak36epl5r5P6G/0ramvgDApKJeVGXsEED5PvRDbVv1v0hsXxQNzbU/N78t/+spAEA=,compact,4,10,,
run-20260903T230838Z-4891f68f,3,417,391,15,1788476919.191037,5867968000000,i03-g000015-n000000391,i03-g000005-n000000151;i03-g000005-n000000146;i03-g000008-n000000224;i03-g000010-n000000268,de_trial,126.15509134649446,,,,,real_vector,b59c177ace8271d48922634b1615ff43,LvuZp4Tw8b98oVsRz6jsP5k9jzaP3RFAOrThGQVI7L/JrYm5WUUPQIj0h16Cf7q/Ec0CbpvGA8CEUGIOhpIHQODGBymLt/w/LWJozX1w5z8=,compact,4,10,,
run-20260903T230838Z-4891f68f,3,418,392,15,1788476919.191037,5867968000000,i03-g000015-n000000392,i03-g000005-n000000146;i03-g000009-n000000238;i03-g000003-n000000084;i03-g000001-n000000048,de_trial,135.54394383681418,,,,,real_vector,b989945eb2a75f8e9fb2b75229def237,XNysLX41+z+4REaF76sCwJUxwuz5ghBArsDts+cl+z8XY2cfbGTiv0ZgDQPere0//Mz/uKyLAcCAnfcTG0CSv1Yo0OpNX/a/mP8s82wa6D8=,compact,4,10,,
run-20260903T230838Z-4891f68f,3,419,393,15,1788476919.191037,5867968000000,i03-g000015-n000000393,i03-g000008-n000000225;i03-g000001-n000000048;i03-g000010-n000000268;i03-g000005-n000000127,de_trial,159.3725614167653,,,,,real_vector,e1fb40227e01522ace8ec941795e3382,II3e+n7o/L/LPWdpHOP/P+j7XSaw/9M/r5ttuvOI8r8gnhagiQwAQInBMFJ2iQvAJLm0InGNC8C+iQ98SvTyv3TAav8jcATAnJ4vmftsBEA=,compact,4,10,,
run-20260903T230838Z-4891f68f,3,420,394,15,1788476919.191037,5867968000000,i03-g000015-n000000394,i03-g000011-n000000299;i03-g000002-n000000076;i03-g000005-n000000151;i03-g000002-n000000066,de_trial,115.40077502325481,,,,,real_vector,d87f45ad5d55d888c3cb9f21cff2cf06,AACNqURgID8ww7zcVnLRP2LCS6ZNQv4/+rFQF6kr+L9ofP2rVxfKPxh5k9MTwAfAuF/Pf/TZ4z9IdPIY+A/jvybWTporsv6/iIhAqZBnAkA=,compact,4,10,,
run-20260903T230838Z-4891f68f,3,421,395,15,1788476919.191037,5867968000000,i03-g000015-n000000395,i03-g000014-n000000371;i03-g000001-n000000051;i03-g000009-n000000238;i03-g000001-n000000049,de_trial,106.78749853729384,,,,,real_vector,f1b306344b387900912ad8995db74539,gM0mYq15jr+ASaBwLCnIP9jI4qnLVdw/kKF7gslH+z9AOAnR7mfWv/2Wq9A6S/y/2tPHb3ja7j9+qoDEyQfSP8LEZPXMd/i/OmSsXBvC7T8=,compact,4,10,,
run-20260903T230838Z-4891f68f,3,424,396,16,1788476919.192543,5867968000000,i03-g000016-n000000396,i03-g000001-n000000051;i03-g000011-n000000299;i03-g000002-n000000077;i03-g000005-n000000146,de_trial,132.81497159658926,,,,,real_vector,8ab79f7743190f1f57f6caa9096e1bee,1MbUW0vi479Szr1aN0gQQMqpYE1J8gBACROwcyxFDsBMk6NUrcD6vxC2X3UMjfG/AgLMZzAL2r8E8z/s0KjyP/qrDQdd9PW/Gdrewbda/z8=,compact,4,10,,
run-20260903T230838Z-4891f68f,3,425,397,16,1788476919.192543,5867968000000,i03-g000016-n000000397,i03-g000005-n000000127;i03-g000014-n000000371;i03-g000005-n000000151;i03-g000008-n000000224,de_trial,127.68088908101154,,,,,real_vector,abf8e44ea45b807ab5528d1a64800df2,X4NR0Bzx7r9g0Eozt+3CPwhltAiCCs4/adGRrdbk5r/WRKMHu0L0vwv/i300Jfo/ARZteemaDUDaNFE6YKcMwIbxB6Y1V++/KJ2uNbx6878=,compact,4,10,,
run-20260903T230838Z-4891f68f,3,426,398,16,1788476919.192543,5867968000000,i03-g000016-n000000398,i03-g000007-n000000178;i03-g000001-n000000048;i03-g000005-n000000151;i03-g000002-n000000066,de_trial,126.5386140816099,,,,,real_vector,7e34a0922368d9f3a5b0f1b2c82f1448,WPIrVKRn/L9Gv5BgzbboP1Teo7ola+Y/ZtTBep1x+r/nsUbT8Cv1Pwl7TLexlgfAmj8UlS2X47/gtYSX3nvIv0ghNUTbBOy/bJrlkb189j8=,compact,4,10,,
run-20260903T230838Z-4891f68f,3,427,399,16,1788476919.192543,5867968000000,i03-g000016-n000000399,i03-g000014-n000000351;i03-g000009-n000000238;i03-g000014-n000000371;i03-g000005-n000000151,de_trial,183.55903421000258,,,,,real_vector,8ff5b62523205b5ff8ffefe696815b6e,adstt1pl+j+YriYogXnzP5bxAN5iJRRARurEz2PxBkAUBMML+LnBvxE6GC42Lfq/Wtao6vXNEUDcuI0JXM7Uv3MxZnY51uM/d4QrFyACBUA=,compact,4,10,,
run-20260903T230838Z-4891f68f,3,428,400,16,1788476919.192543,5867968000000,i03-g000016-n000000400,i03-g000001-n000000048;i03-g000001-n000000050;i03-g000008-n000000224;i03-g000009-n000000238,de_trial,136.82973072060884,,,,,real_vector,5cfa94f829d295a9d7047f205bb00b78,L7fEsZ0PAsBCXCYH8tsGQASy1ehAh+g/8mjg5NhMCsBw9QYSlBUBQHhreSkAW+q/LGuVrJpVFMDwp4bNtrbKP4heiwM2vvC/lhXf1jsHBEA=,compact,4,10,,
run-20260903T230838Z-4891f68f,3,429,401,16,1788476919.192543,5867968000000,i03-g000016-n000000401,i03-g000011-n000000298;i03-g000008-n000000225;i03-g000009-n000000238;i03-g000005-n000000146,de_trial,139.4573212133416,,,,,real_vector,01b32b97bb71c8dbf51dcc9215158b64,I92KdX4D+j86PYPJfqDzP6NtWt90SgpAXYED65M49z++/mphqnMAwP73c7vGe/6/QIDlT/5r0L+oGd+SuIXbv3qtndWypfu/eJJ1NrHM8z8=,compact,4,10,,
run-20260903T230838Z-4891f68f,3,430,402,16,1788476919.192543,5867968000000,i03-g000016-n000000402,i03-g000003-n000000084;i03-g000002-n000000076;i03-g000001-n000000051;i03-g000001-n000000048,de_trial,128.7168205220841,,,,,real_vector,437c1277700d2f07c3286be0cc04593d,ADcwU+Fk4D9A5sH3Kz7TvwCh6pCKA4c/eWefuUNnAMAQ6tekZqXnv1297JtNjQDAb4WG1VvwDUBsOTeFgLDhv1i1l9WzP82/eP/ZgUTDAkA=,compact,4,10,,
run-20260903T230838Z-4891f68f,3,431,403,16,1788476919.193548,5867968000000,i03-g000016-n000000403,i03-g000009-n000000233;i03-g000014-n000000371;i03-g000001-n000000051;i03-g000007-n000000178,de_trial,135.87220889111433,,,,,real_vector,b4aeb4d9e4c02696ac81e3fef62f68d0,P/xmikuL2L8YqUc/foKwvyYNuyAzGOS/6IwgySp++b+SbEJ1xP/bv1K73xbcwwPAgDze3zmK9j/csXjp4PfqvwHUiQ0Mbv+/wgJ/K0Gh6z8=,compact,4,10,,
run-20260903T230838Z-4891f68f,3,432,404,16,1788476919.193548,5867968000000,i03-g000016-n000000404,i03-g000001-n000000049;i03-g000001-n000000051;i03-g000001-n000000050;i03-g000009-n000000238,de_trial,139.34664752891422,,,,,real_vector,cee34e9f69cb6eaf8b0d7b613d06c5a2,h1Qfv+ZC/78iJfF02gTVv0fhmp5L/RLALAjuRgfB2r/YBJ8Y5gPgv/i4WC+pCQfA+7zRxBCEEMAQfKJakx+nv0d621tfwwjARHU/iinC6j8=,compact,4,10,,
run-20260903T230838Z-4891f68f,3,433,405,16,1788476919.193548,5867968000000,i03-g000016-n000000405,i03-g000008-n000000224;i03-g000003-n000000084;i03-g000007-n000000178;i03-g000014-n000000371,de_trial,83.02989385292298,,,,,real_vector,f4d8134f68e2a1238f45765294f82d85,GE5x/sdJzT/CGOL8LzQTwPDyY3iUA/A/gNRN3Vn90L8QcKcczBDMvxJNc+jIN/8/LLi68WgL77/5SejPlDDxv3TMpXBqAQfABlTmcIpv/j8=,compact,4,10,,
run-20260903T230838Z-4891f68f,3,434,406,16,1788476919.193548,5867968000000,i03-g000016-n000000406,i03-g000007-n000000186;i03-g000005-n000000146;i03-g000011-n000000298;i03-g000014-n000000371,de_trial,162.63874037943816,,,,,real_vector,5b891e62fc86646b351dd128dbc681b6,PP7ly0Dr0b+mMyT7o4zrvzlvKxVr8AhAjTGIURBP4L9OSkIPEeMEQJ7whQuGeBBA6F5UjP7btj8UnLrV7QUSQJle6NEVaPQ/wjG733jH9D8=,compact,4,10,,
run-20260903T230838Z-4891f68f,3,435,407,16,1788476919.193548,5867968000000,i03-g000016-n000000407,i03-g000011-n000000285;i03-g000009-n000000238;i03-g000002-n000000077;i03-g000014-n000000351,de_trial,123.25840448024182,,,,,real_vector,0842e4f16358e153676e3f4be2b619ca,QioqgfA06b+MjhqxBLIFQD5Ple2FmwdAoFhk/s/IsT86tgtHK6revyj7jmC40c0/pJaliAWf4j8ASiVpUZPwP816YZw7vuE/3FV9m0dK1j8=,compact,4,10,,
run-20260903T230838Z-4891f68f,3,436,408,16,1788476919.193548,5867968000000,i03-g000016-n000000408,i03-g000009-n000000238;i03-g000009-n000000233;i03-g000002-n000000077;i03-g000014-n000000371,de_trial,128.04290206695254,,,,,real_vector,0ed96c1f12ab5ffa54f79be0cd481fc2,mJSmDWPOwT8lZ1mUAXb0P7a2yFHa9AVAOka+VrmiAcD6HKluC8jwvzYV/JwEtt8/2O0iCZUL5z+QKRIXeNnGP7ye76YnEwpALIyOsnHvCUA=,compact,4,10,,
run-20260903T230838Z-4891f68f,3,437,409,16,1788476919.193548,5867968000000,i03-g000016-n000000409,i03-g000005-n000000150;i03-g000009-n000000238;i03-g000002-n000000077;i03-g000011-n000000298,de_trial,135.69390230374583,,,,,real_vector,e42473154b3bc1c9d365b7cba013383c,oAcqLoPN77/j70nj0Mv1P7xgAiaySwtAzosqnE767j/2B4JgYVHbv0HIk7AQEd2/o3FZmA3A+D8RpgwrtmDxv5HfDltOHu4/LmbwL9rh3T8=,compact,4,10,,
run-20260903T230838Z-4891f68f,3,438,410,16,1788476919.193548,5867968000000,i03-g000016-n000000410,i03-g000002-n000000066;i03-g000005-n000000151;i03-g000011-n000000285;i03-g000011-n000000299,de_trial,113.34260506653706,,,,,real_vector,eee5b40e846ab8a2fb684265c62328fe,vJfXuhrF9r+IEZ4AFjeyv0TyvLMIG9G/oKk+kh/t379NXz0wu9jwP+IJhe6nIfq/DFjtA7745z8OZugJiL0EwMBX9E2rfrw/+P670azi778=,compact,4,10,,
run-20260903T230838Z-4891f68f,3,439,411,16,1788476919.193548,5867968000000,i03-g000016-n000000411,i03-g000001-n000000050;i03-g000003-n000000084;i03-g000011-n000000299;i03-g000005-n000000150,de_trial,192.6904095818895,,,,,real_vector,a52bdf81d46a192ea07fc650d8a2ff17,QMrFerl/wz9B2701saMRwOMus+q3Dfk/XGXmGYAwBsA6rh6XGI3PvyaEQV9RFgVAP/P47jxuEMA8DRBJqrHcP9cw4QSV2BHAnpUrJT3X7z8=,compact,4,10,,
run-20260903T230838Z-4891f68f,3,440,412,16,1788476919.194548,5867968000000,i03-g000016-n000000412,i03-g000002-n000000076;i03-g000009-n000000238;i03-g000003-n000000084;i03-g000009-n000000233,de_trial,140.28072486124756,,,,,real_vector,fe431b35d73a9b649c820f1547a717a1,agCUtUT00D9tBnXDiJX0v969Azi2ZAdASAIJmU9W+j8mM2f20jvVP94OAyFIM+c/KDC4PxWN378moGpmLTvSP4sriyr8/gLAYI8l/ghWxD8=,compact,4,10,,
run-20260903T230838Z-4891f68f,3,441,413,16,1788476919.194548,5867968000000,i03-g000016-n000000413,i03-g000002-n000000077;i03-g000009-n000000238;i03-g000001-n000000050;i03-g000003-n000000084,de_trial,177.7042770694684,,,,,real_vector,d8625f4e77ed79d4a3b1482a85bb92d8,EFSk+RJU1r/u1c+M+JATQDLWh9f5JQ9AtVlU+F7SBUD+RAuubMsAwBwUacOa7gHAzGSEojfcCkBoo1HIef3XPwpELwdvM/Y/BtGYak609D8=,compact,4,10,,
run-20260903T230838Z-4891f68f,3,442,414,16,1788476919.194548,5867968000000,i03-g000016-n000000414,i03-g000010-n000000268;i03-g000014-n000000371;i03-g000007-n000000178;i03-g000011-n000000298,de_trial,123.20877982470958,,,,,real_vector,1718bc406a009829a7c815d1863ad396,zZBZ6Hk56r9EtR2edtPlP6xQNK0tM/s/eCNhV8Mz8D80vY5MYc7zv0V4s+VCVgnAVmTNQT6rE0A4qBKbsujtPza7YWtpNvW/qljqAKgX1j8=,compact,4,10,,
run-20260903T230838Z-4891f68f,3,443,415,16,1788476919.194548,5867968000000,i03-g000016-n000000415,i03-g000005-n000000151;i03-g000008-n000000224;i03-g000003-n000000084;i03-g000005-n000000150,de_trial,117.35068141041225,,,,,real_vector,6feec1bba9f43a9288b3d5c5556ab075,cBDifw1Pr78Um/qdAv3tv75jwV8f3wRA9V0i0olIB8D+0RaIQWvRP0pZHzQInvs/k72eOG3xEMCMIt5GWXH/P/0wA7j/3A/ARnGMvRDz8j8=,compact,4,10,,
run-20260903T230838Z-4891f68f,3,444,416,16,1788476919.194548,5867968000000,i03-g000016-n000000416,i03-g000005-n000000146;i03-g000001-n000000048;i03-g000014-n000000371;i03-g000002-n000000077,de_trial,138.35365962367004,,,,,real_vector,6b69d05eb8c9dce65f4135cfce00dc83,llJpcwwX7b8AIEIDncP1P8jZRsuCIvM/XEP52AEV0T+YCKpMwcEJQDvlf0LRNQTA/JpPdOSm479GhSryqSABwAk561cqyfe/Bpo+s8GaAEA=,compact,4,10,,
run-20260903T230838Z-4891f68f,3,445,417,16,1788476919.194548,5867968000000,i03-g000016-n000000417,i03-g000008-n000000225;i03-g000014-n000000351;i03-g000014-n000000371;i03-g000010-n000000268,de_trial,114.14689110720724,,,,,real_vector,307683ef2815e07e2dec6092c7a22813,jDguSvhx8D8k/p9/uu7Jvzi3CrF+KBBAe0YCNXHJ8z+yDVp6YPbmP3zycRG6JOu/JrdzWtUb8j9gY3Xdi/QCwG/v0GV2UAJAjF+85NMT+z8=,compact,4,10,,
run-20260903T230838Z-4891f68f,3,446,418,16,1788476919.194548,5867968000000,i03-g000016-n000000418,i03-g000011-n000000299;i03-g000001-n000000051;i03-g000005-n000000146;i03-g000001-n000000048,de_trial,136.20629939487193,,,,,real_vector,5171aabfcce967479c93bb64b89f8452,vP1Ueg8e1L+gcVzmmrYEwOJGHUSgRgDAQAfSzbeU9z9Yys/gTCvpv1gL/72YeOi/jIS/rL4Q5L/NuZETGxb/P4szgb7IwwTAcHwSC6kgxz8=,compact,4,10,,
run-20260903T230838Z-4891f68f,3,447,419,16,1788476919.194548,5867968000000,i03-g000016-n000000419,i03-g000014-n000000371;i03-g000011-n000000298;i03-g000002-n000000066;i03-g000005-n000000150,de_trial,115.64871120995309,,,,,real_vector,c2ac7453eaafe41ab596539328a7f6b7,iCs2nv1b2z8qGYjxQ/L8P6eg1WbPRPM/LrxiSAh57L+Ufd+qUarsP/UuL6SmlANAy2kdrXez/j+ctgSPyn/5PwVjnaH8vQLAAAKMxnpybj8=,compact,4,10,,
run-20260903T230838Z-4891f68f,3,449,420,17,1788476919.194548,5867968000000,i03-g000017-n000000420,i03-g000001-n000000051;i03-g000003-n000000084;i03-g000008-n000000225;i03-g000007-n000000186,de_trial,128.31164095642276,,,,,real_vector,9cdfbcbc12aa1fa4fcbcdeb83821a3c5,35g9OsoR8j+sabrlzhUIwJpdS9VtPQdAH7dxDpF4D8AX6l0yC6b6v1Wbm8/sDPg/z/onOtrKCMDjaWp2u1L5v6+LfDzVbAjA2AJQE8+p6j8=,compact,4,10,,
run-20260903T230838Z-4891f68f,3,450,421,17,1788476919.196055,5867968000000,i03-g000017-n000000421,i03-g000005-n000000127;i03-g000005-n000000146;i03-g000002-n000000066;i03-g000001-n000000049,de_trial,157.63232715933646,,,,,real_vector,80e2f4f554482e721772736add7eb64a,6VU03H3D+78Fs77NTJfwP6OEAk4j8RFAWL4ZiYTv979FhSGvugwUQAv/i300Jfo/MPCW5UFCzL9FYqBiggz/PxjpAe2qi+M/GOpC6/jfxL8=,compact,4,10,,
run-20260903T230838Z-4891f68f,3,451,422,17,1788476919.196055,5867968000000,i03-g000017-n000000422,i03-g000007-n000000178;i03-g000002-n000000076;i03-g000010-n000000268;i03-g000009-n000000238,de_trial,108.0796612215389,,,,,real_vector,7c4d8bf356fd8f643aac0a04a1d3fa57,sOcfAUtwr79Gv5BgzbboPwBdWwwSlpe/nlrLbD7VBcCArcSPiTqIv9NQa37CiALACs84dE1j8D84PXILQqjmvzKMBNV4ieW/QvidgOlaC0A=,compact,4,10,,
run-20260903T230838Z-4891f68f,3,452,423,17,1788476919.196055,5867968000000,i03-g000017-n000000423,i03-g000014-n000000351;i03-g000001-n000000048;i03-g000005-n000000151;i03-g000008-n000000224,de_trial,127.52983812306579,,,,,real_vector,759236371230b72824b94ba51c40103c,CMUz/irPBcCJeGSAUc38P/19tdxpCglAUqtsgNFz7b+OLYUOHHEDQHPCr5yhXfW/L5fsd3NSCsA61afOL4sBwDilrAEpysi/gOqRX1t2pr8=,compact,4,10,,
run-20260903T230838Z-4891f68f,3,453,424,17,1788476919.196055,5867968000000,i03-g000017-n000000424,i03-g000001-n000000048;i03-g000002-n000000077;i03-g000005-n000000146;i03-g000005-n000000127,de_trial,106.13053350872914,,,,,real_vector,ef0dea208ed69982e9ae332e91934b91,p1EweHX9AsCULF1joez1P28O/e7XCgBAKg2hBlIdCMAArpzbcluav0iL5Z9bfPO/ERaOQ1xyAsAoxewmroTxP+zLeBEbtvw/xXSW/GFg6D8=,compact,4,10,,
run-20260903T230838Z-4891f68f,3,454,425,17,1788476919.196055,5867968000000,i03-g000017-n000000425,i03-g000011-n000000298;i03-g000005-n000000146;i03-g000001-n000000051;i03-g000008-n000000224,de_trial,133.62501714025285,,,,,real_vector,f6a266f227c765869326cf45166b2277,P9NBakmr9L+WG40U3soDwKCpHBcvPcS/Vn01Q7Wx9D+GZ5fAlLP9P8OcT0a9Gvg/QRSBjhSj/T+cXuwZS1r6P6xNMGVqgdA/0JiZHd0vzD8=,compact,4,10,,
run-20260903T230838Z-4891f68f,3,455,426,17,1788476919.196055,5867968000000,i03-g000017-n000000426,i03-g000003-n000000084;i03-g000014-n000000351;i03-g000010-n000000268;i03-g000005-n000000127,de_trial,164.48096429845475,,,,,real_vector,5f1adf2a59568f618aa21f99dad8188f,NPCnJCvn8D9oQSL5FGfZv/nQS6ePaAVAZsCK9GNM6D8ge15DMbCwv9EVQupqlwvAVRsaJdV3C0DSQkY6tOr1v3TMpXBqAQfAvA0Y952pBUA=,compact,4,10,,
run-20260903T230838Z-4891f68f,3,456,427,17,1788476919.196055,5867968000000,i03-g000017-n000000427,i03-g000009-n000000233;i03-g000010-n000000268;i03-g000014-n000000351;i03-g000005-n000000151,de_trial,121.29302224345474,,,,,real_vector,9daa012d496087e544104f51a02b9e31,Ts1Hv1zn9z+BXZVEYSDqPxm3Nn1LZAlAgEYpCe5GlT8w3j9AhuTGP2nlPfAJAAvAhTTXJL1EAUDIo9HUjobwP/YwQOU8zf0/tLEtjjbXEEA=,compact,4,10,,
run-20260903T230838Z-4891f68f,3,457,428,17,1788476919.196055,5867968000000,i03-g000017-n000000428,i03-g000001-n000000049;i03-g000007-n000000186;i03-g000001-n000000048;i03-g000009-n000000233,de_trial,146.84125432853108,,,,,real_vector,8dd4f45605e22bf65d8a2c2e147cb09e,xLl9YRq+A8DA71sFtMoOQHdqDe6DAAnATToTXROfDkCC5pVBUVcHQNyOkKwg7uM/a2u/Sud4CMDewhvULiMAQEOHxL+oYfi/RHU/iinC6j8=,compact,4,10,,
run-20260903T230838Z-4891f68f,3,458,429,17,1788476919.196055,5867968000000,i03-g000017-n000000429,i03-g000008-n000000224;i03-g000009-n000000233;i03-g000008-n000000225;i03-g000002-n000000076,de_trial,183.48747358098228,,,,,real_vector,9f388c4827d9ebbe683ac887850e2552,zthYuM5S9z/gimA2UOvSv5uo7kpXlQxARCFAWXcd278EqH+cKlfmv8x+kzYiV82/sJdP80QA2j+uc7l0QEnZv8gI+Of4jOI/due3buSYAkA=,compact,4,10,,
run-20260903T230838Z-4891f68f,3,459,430,17,1788476919.196055,5867968000000,i03-g000017-n000000430,i03-g000007-n000000186;i03-g000001-n000000051;i03-g000011-n000000299;i03-g000008-n000000224,de_trial,93.59559861222615,,,,,real_vector,709fcd03efb257ce787dd22ee0601f29,xP1U2kaU5r+MqWLwbNfsv3dqDe6DAAnAFQmsMkAq8z/N3exLQbLzv/i4WC+pCQfAUZnnyeM/8b80QHh916LYP6+LfDzVbAjARHU/iinC6j8=,compact,4,10,,
run-20260903T230838Z-4891f68f,3,460,431,17,1788476919.197064,5867968000000,i03-g000017-n000000431,i03-g000011-n000000285;i03-g000001-n000000048;i03-g000002-n000000077;i03-g000005-n000000127,de_trial,133.04420925413427,,,,,real_vector,7d7af1b6ab5e198f55f7a43546a46750,TxRBS1XdBcAWdvDeRI8GQDC+9nphXOk/9lAuWPTZAMDdVWk41zT5P0sJ+Pe9Hfy/5xqL5lQrDsDcjG6UpKXzv8gEKRlqUNU/PMVmeoEfAEA=,compact,4,10,,
run-20260903T230838Z-4891f68f,3,461,432,17,1788476919.197064,5867968000000,i03-g000017-n000000432,i03-g000009-n000000238;i03-g000011-n000000299;i03-g000005-n000000151;i03-g000014-n000000351,de_trial,166.51826076046098,,,,,real_vector,ffd1d2f4766c1ab85be607215a622bf7,CzwRfLWV+78ndryHdZkEQAv9BdwE5fY/pgmIo/uvDsA/sqTMHUj7P6uSd1F0JeY/cZCuM5RUDMDUpAMSE8f9P4AmctBx73W/aAWWxFhP178=,compact,4,10,,
run-20260903T230838Z-4891f68f,3,462,433,17,1788476919.197064,5867968000000,i03-g000017-n000000433,i03-g000005-n000000150;i03-g000005-n000000151;i03-g000009-n000000238;i03-g000001-n000000051,de_trial,162.16062075544028,,,,,real_vector,90348854ef4d3b896661ff88266bb149,cb26RI4Y9b/j70nj0Mv1P3oaAvoJFgtAwgvEF5Tl+b/QvVs525oEQKpbHWgfIPA/ELW0tsTU5T+EQIkszqnyv5CnGvFQReO/iH//7ibDAcA=,compact,4,10,,
run-20260903T230838Z-4891f68f,3,463,434,17,1788476919.197064,5867968000000,i03-g000017-n000000434,i03-g000002-n000000066;i03-g000005-n000000127;i03-g000011-n000000298;i03-g000009-n000000233,de_trial,153.13547478544436,,,,,real_vector,1182facf53aec16388d6f3e266db83d4,nLkG6kc7wj9I3DFZqV8DQOR3rajVbt4/un6jwUdC878MxCnezSn3v8IpVhY47ABArtdjWjPv2L9QVHROoPYMQHi1g0zGm8M/4vZ7INse1T8=,compact,4,10,,
run-20260903T230838Z-4891f68f,3,464,435,17,1788476919.197064,5867968000000,i03-g000017-n000000435,i03-g000001-n000000050;i03-g000001-n000000048;i03-g000002-n000000076;i03-g000009-n000000233,de_trial,135.3797083068793,,,,,real_vector,ae2ddab2fae95e0c2de1c75c32a55420,QIKzoNHyAsACHe+u34YHQASy1ehAh+g/yhJgP574779w+KJi5t7/PwuyMa0I4/a/hpOHvAGiCsC7m7uQVJniv4wWavMzQdm/+qqI4JqDAEA=,compact,4,10,,
run-20260903T230838Z-4891f68f,3,465,436,17,1788476919.197064,5867968000000,i03-g000017-n000000436,i03-g000002-n000000076;i03-g000001-n000000049;i03-g000010-n000000268;i03-g000011-n000000285,de_trial,130.29702868476514,,,,,real_vector,4d38afce7d36f47d21a2e242be36276f,wBvRvlIkp79SxQ5MW4jYv2ce84/uOxLAgEJ7z2Eqir8Ww4P6IuD5v5Jr0KJxlQbA8bYkhJFEB8DhMAKPQ272P5ZpSipZ7/6/xCaEId9awr8=,compact,4,10,,
run-20260903T230838Z-4891f68f,3,466,437,17,1788476919.197064,5867968000000,i03-g000017-n000000437,i03-g000002-n000000077;i03-g000001-n000000050;i03-g000001-n000000049;i03-g000005-n000000127,de_trial,123.1336935939985,,,,,real_vector,a74869f0446f37ccf91179da2ab452a8,DuU/txsmAcCuZ0XFLWftP37uZTfbZ/S/SDo24hfSxz/6FT+gkRMAQOMhAodPzAvAiEj6q+s2DsDFKyUzHFr3v1YH4iZLOAHA0KGZycT9/z8=,compact,4,10,,
run-20260903T230838Z-4891f68f,3,467,438,17,1788476919.197064,5867968000000,i03-g000017-n000000438,i03-g000010-n000000268;i03-g000001-n000000050;i03-g000002-n000000077;i03-g000011-n000000299,de_trial,146.26284738166171,,,,,real_vector,43cc2b609cfc78e832de117beadfc3b6,U1i3131PBcAOj5mtGmwGQMBXC1eiZNG/Nui5n2XR+L9YQPECJhDhP0wBCKNtGPC/tQVbOyYmCcD6VcSvB8zzv7oCbXXZQP0/6vFhFjnB+D8=,compact,4,10,,
run-20260903T230838Z-4891f68f,3,468,439,17,1788476919.198062,5867968000000,i03-g000017-n000000439,i03-g000005-n000000151;i03-g000011-n000000299;i03-g000011-n000000285;i03-g000009-n000000238,de_trial,101.55667820794343,,,,,real_vector,510a9b961b21c3f6947142f07efea7f7,8DI3O4Ieqb98oVsRz6jsP5BXD4BQUgRAmNYzsmy4B8CNMWbzZXnUPwDGx2lAEPC/9td3U0At678gW/sOUCD1PzLTEP5CAgHARruaYyODAsA=,compact,4,10,,
run-20260903T230838Z-4891f68f,3,469,440,17,1788476919.198062,5867968000000,i03-g000017-n000000440,i03-g000005-n000000146;i03-g000003-n000000084;i03-g000007-n000000178;i03-g000008-n000000224,de_trial,137.23321369637586,,,,,real_vector,a360811f1ad9072ef24217703db765ca,OXzpvCsF0z8w/GCf4EgIwBITSRS3Ftk/qK/iMJtP3z8Xtji4QtHcv8AvbQDgWOs/uEmBboLV9b+W0nxAwrYIwBS7mPJ61QLAJYG1FfdI8D8=,compact,4,10,,
run-20260903T230838Z-4891f68f,3,470,441,17,1788476919.198062,5867968000000,i03-g000017-n000000441,i03-g000008-n000000225;i03-g000003-n000000084;i03-g000010-n000000268;i03-g000005-n000000151,de_trial,181.4361404174257,,,,,real_vector,a2094640a9a34bf14eab228274da2ef6,qp5q6L568z/22kxbUoASwAifmzQL4PE/QVvTXA+7+7+OwmKXAvj6v+IoY2ucD+M/OQ15NxOXCsAAJt+fLE6zv9FhZGiM7g3Ai530JEM4DUA=,compact,4,10,,
run-20260903T230838Z-4891f68f,3,471,442,17,1788476919.198062,5867968000000,i03-g000017-n000000442,i03-g000011-n000000299;i03-g000005-n000000150;i03-g000003-n000000084;i03-g000005-n000000146,de_trial,132.98126279360062,,,,,real_vector,7b9c27da6b33ee14eec0a9a6a843a62f,v2D+ov7S4j9u5CjOIAHivxDkAdcbee8/UjGWjJ+z+r+I64mTdK7lv34H+ZMTTPy/BgCY5ODn/j+8OTlnJbkGwCbWTporsv6/HwgvqajBCkA=,compact,4,10,,
run-20260903T230838Z-4891f68f,3,472,443,17,1788476919.198062,5867968000000,i03-g000017-n000000443,i03-g000014-n000000371;i03-g000011-n000000299;i03-g000014-n000000351;i03-g000001-n000000050,de_trial,129.61177606009443,,,,,real_vector,21f55f7030b6b47ee7740baf01ca6a08,1tTh2C688z+06SeRrGLuP2fNIPFOExFAZTPVeRvX9b90W5sf7tnLvyzW1Nz5ZMA/Mbx458i/A0D2lzC6E979P0ArGEtRl/e/JsPOziys/z8=,compact,4,10,,
run-20260903T230838Z-4891f68f,3,474,444,18,1788476919.199062,5867968000000,i03-g000018-n000000444,i03-g000001-n000000051;i03-g000008-n000000225;i03-g000010-n000000268;i03-g000003-n000000084,de_trial,157.86325883748037,,,,,real_vector,f1d34d75bc1510e37ab4160b1c40778d,Nl+g3slu5D+pZTDKxBUJQOU9gcUBPQJAyPULeNoG2T8TkTCMj0D2vxPJKBKcoAPAC5FYBJOf8r9yjgGkuzz7P9sLTZXK2/y/vnJT5TL/9D8=,compact,4,10,,
run-20260903T230838Z-4891f68f,3,475,445,18,1788476919.199062,5867968000000,i03-g000018-n000000445,i03-g000005-n000000127;i03-g000005-n000000150;i03-g000009-n000000233;i03-g000002-n000000066,de_trial,142.7852492771136,,,,,real_vector,6ca6de83f92eba5d43b9432c039da282,N7zZNyp7+D+Awr2O1zmFv0oRZUbmjQxAHx/Ix7UE7b8EkQUoCrvhv74nkDmHlgrAel5uMls1B0DaKADYuqTmvzIxsIVFZw9A1kUeaO3n7j8=,compact,4,10,,
run-20260903T230838Z-4891f68f,3,476,446,18,1788476919.199062,5867968000000,i03-g000018-n000000446,i03-g000007-n000000178;i03-g000001-n000000049;i03-g000002-n000000077;i03-g000011-n000000298,de_trial,135.6179570215084,,,,,real_vector,4629665bbb3e5eec48944780f393cf70,L7Pw3ZAAA8CYRWjZJqCyP2kmkaDIyg3AAGI9MWq9p7+80LrDcYIBwPtTGKQ5agXAbMqeNRlNBMBMPMBueBrNv7ia0OxJ2gDAVqo85hLi0T8=,compact,4,10,,
run-20260903T230838Z-4891f68f,3,477,447,18,1788476919.199062,5867968000000,i03-g000018-n000000447,i03-g000014-n000000351;i03-g000017-n000000430;i03-g000007-n000000178;i03-g000001-n000000051,de_trial,114.64097318196895,,,,,real_vector,d593df0cf7f335b39a3dcd1cdafe9f18,P/xmikuL2L8YqUc/foKwv/19tdxpCglAvCa2Ljeg/z+SbEJ1xP/bv1K73xbcwwPAgTze3zmK9j/asXjp4PfqvwHUiQ0Mbv+/wgJ/K0Gh6z8=,compact,4,10,,
run-20260903T230838Z-4891f68f,3,478,448,18,1788476919.199062,5867968000000,i03-g000018-n000000448,i03-g000001-n000000048;i03-g000001-n000000050;i03-g000002-n000000077;i03-g000011-n000000285,de_trial,159.79433968699541,,,,,real_vector,8acec5c36a2fff2063ae2d97fe73fb6f,0QPcpc//CcD5Z/UhBygOQHhcF9tp5se/BvFekZ1sCcBw+KJi5t7/P5oSKUuEwuA/P/P47jxuEMA0bASX9q/SP5SkT+5cLtq/dMdetKF/4T8=,compact,4,10,,
run-20260903T230838Z-4891f68f,3,479,449,18,1788476919.199062,5867968000000,i03-g000018-n000000449,i03-g000011-n000000298;i03-g000011-n000000299;i03-g000010-n000000268;i03-g000009-n000000233,de_trial,157.74187986501184,,,,,real_vector,bf2771ec3c9d265a6107fac003cb5fc1,d8nyB4+p57+4v4aEI9MEQAdwvPeZZ/g/CPCXOELiBMDooCy/RRW8P4/YOCYA0eu/WkGBToc3BsAxk17/rY8IQCQ7nz5UHRPAhlH3tq718z8=,compact,4,10,,
run-20260903T230838Z-4891f68f,3,480,450,18,1788476919.200062,5867968000000,i03-g000018-n000000450,i03-g000003-n000000084;i03-g000014-n000000371;i03-g000007-n000000178;i03-g000005-n000000150,de_trial,132.68379600376244,,,,,real_vector,5d829259c0a780fa59453b7a3856d40b,1KYjkSPLsb8MXh5bxozeP5BVXXoRNf0/1g/TscEH8D+wAzh45Qm5P6c6fYdOyQPAb2Aux/HnEUDq592LQ4AEwFaYOdgNCv+/4NA7OlFkwr8=,compact,4,10,,
run-20260903T230838Z-4891f68f,3,481,451,18,1788476919.200062,5867968000000,i03-g000018-n000000451,i03-g000009-n000000233;i03-g000011-n000000285;i03-g000014-n000000371;i03-g000017-n000000430,de_trial,161.23090058809822,,,,,real_vector,35efb6770e25fdba9e26a68b716074aa,9wNCjPG89D90Ujnfo8PwPwS4JIODlhBAQJ1/4NSDs78WQO38yP7UP2yVTcaYJgTAbShG+IekEECoD1l9zZf0v3oikRkqKQ1Akpv1XPNwD0A=,compact,4,10,,
run-20260903T230838Z-4891f68f,3,482,452,18,1788476919.200062,5867968000000,i03-g000018-n000000452,i03-g000001-n000000049;i03-g000001-n000000048;i03-g000011-n000000285;i03-g000011-n000000299,de_trial,138.02488734330453,,,,,real_vector,7f2974c878cf9976eee27c9077ca35f4,onD+T6bA879KzIthKFP3P0LdFTSKzuU/QjsAmUhw4z/Za9O3MJr1P/AKQbQF+wXApOZOYYuO7780QHh916LYP6xf2mAsLgFAEvKh/k6ECEA=,compact,4,10,,
run-20260903T230838Z-4891f68f,3,483,453,18,1788476919.200062,5867968000000,i03-g000018-n000000453,i03-g000008-n000000224;i03-g000010-n000000268;i03-g000005-n000000127;i03-g000001-n000000051,de_trial,125.2031001294859,,,,,real_vector,3cb39db15c26706c418828ec7875055d,WPY/8eug0j+2RHx+XwUGQMBm2CgBvQBALbDDthCTBcAXTXzMmi3qPxhwmjpU1+G//LRPaO010T84fSqPP2b7P7QZpHyPuPy/BlTmcIpv/j8=,compact,4,10,,
run-20260903T230838Z-4891f68f,3,484,454,18,1788476919.200062,5867968000000,i03-g000018-n000000454,i03-g000017-n000000430;i03-g000005-n000000150;i03-g000001-n000000049;i03-g000002-n000000066,de_trial,149.42348500837838,,,,,real_vector,72de4fbba37a400f6a6d9a61ecc97cae,pghB7qDc5D/sw4CS8gbkvwwEGIb029o/eCV5ri1Ywz9MNf0d7iT0v+Ha4jB1bRHAUZnnyeM/8b9o29sSIm/APzu+Q1wXe/c/1NRVjGcBD0A=,compact,4,10,,
run-20260903T230838Z-4891f68f,3,485,455,18,1788476919.200062,5867968000000,i03-g000018-n000000455,i03-g000011-n000000285;i03-g000001-n000000050;i03-g000005-n000000151;i03-g000011-n000000298,de_trial,179.02131418591333,,,,,real_vector,51512584c332b78e1ecb9c32f042ec25,QsT7Q9FrDMDWWJ4q6yoDQGCs4IKRbtu/zT02218g+r/a91WhNHMHQHWCDIOwgvW/ohni3FLOEsBdtyJmSf8BwPrhluUfpfK/gLXbvWNktb8=,compact,4,10,,
run-20260903T230838Z-4891f68f,3,486,456,18,1788476919.200062,5867968000000,i03-g000018-n000000456,i03-g000009-n000000238;i03-g000001-n000000049;i03-g000001-n000000051;i03-g000017-n000000430,de_trial,104.35674302355288,,,,,real_vector,9c78ac26859da3c6f42e603870190043,xP1U2kaU5r8lZ1mUAXb0P3dqDe6DAAnAFQmsMkAq8z/N3exLQbLzv/i4WC+pCQfAUZnnyeM/8b80QHh916LYP6+LfDzVbAjARHU/iinC6j8=,compact,4,10,,
run-20260903T230838Z-4891f68f,3,487,457,18,1788476919.200062,5867968000000,i03-g000018-n000000457,i03-g000005-n000000150;i03-g000005-n000000127;i03-g000001-n000000051;i03-g000005-n000000146,de_trial,84.73654653346219,,,,,real_vector,23830996dba4d0c2766ec62fa3e8c7a2,wBvRvlIkp79qsi7loBQBQAgyTgAWoADAtiXdZZxc2L9LFDjd9JMKwI3gi+FM/fS/C/LdD4L16j/Cg7stJk/tP5DxrPkfv+u/VsDT2eUd8D8=,compact,4,10,,
run-20260903T230838Z-4891f68f,3,488,458,18,1788476919.200062,5867968000000,i03-g000018-n000000458,i03-g000002-n000000066;i03-g000017-n000000430;i03-g000014-n000000351;i03-g000005-n000000151,de_trial,174.53236841440938,,,,,real_vector,d30db8767926e125bb61a843ea67b346,qqYKsNc/6j8oZT5r2k71v9mtHZZqgfe/hrXGksStBUDAtCnZyPEAwCYrv7sL3QpAeyuYJJDj9z/kfpmareveP4qvVyOZdPm/AciVszrSCEA=,compact,4,10,,
run-20260903T230838Z-4891f68f,3,489,459,18,1788476919.201062,5867968000000,i03-g000018-n000000459,i03-g000001-n000000050;i03-g000009-n000000233;i03-g000014-n000000371;i03-g000017-n000000430,de_trial,117.15828718374334,,,,,real_vector,f947c9614ef1fd285b948921573fd573,uLDYnuD29T9QUlFQ46nyP7zKyGTJiwdANdyDNrFP8L9w+KJi5t7/P076pDOu2Nm/74TUYpEy8D9RvLnoOR4EwCq6V6htnAdAmF6UbV4+CkA=,compact,4,10,,
run-20260903T230838Z-4891f68f,3,490,460,18,1788476919.201062,5867968000000,i03-g000018-n000000460,i03-g000002-n000000076;i03-g000005-n000000146;i03-g000009-n000000238;i03-g000002-n000000077,de_trial,149.98281208924914,,,,,real_vector,a698e0afd52ea461d04a61c7b9cee798,gDhaWsP8zj80ecQzFDL8vzlod3vnyhFA6ZAdfnmoAkDiE1tuq8gQQN32u2tzPwNA4I+T2DcLxL9AZve0rMsAQNhJxj7KdcG/Ph0yb+KX6j8=,compact,4,10,,
run-20260903T230838Z-4891f68f,3,491,461,18,1788476919.201062,5867968000000,i03-g000018-n000000461,i03-g000002-n000000077;i03-g000017-n000000430;i03-g000005-n000000127;i03-g000014-n000000351,de_trial,123.32751181899864,,,,,real_vector,53365ff80843b3593de8bc8f94d9c2c7,rxYnu3cb9L/yjSWfFzUHQHk9w34e2BDAWNL+0I4twj92at7WBjH9v35Y57eVNPe/taae5TqdBsAPn4voRp78P8YqR9dnVAfA7I+xBZfWyj8=,compact,4,10,,
run-20260903T230838Z-4891f68f,3,492,462,18,1788476919.201062,5867968000000,i03-g000018-n000000462,i03-g000010-n000000268;i03-g000001-n000000050;i03-g000002-n000000076;i03-g000011-n000000298,de_trial,145.3769102165833,,,,,real_vector,315a67b944ba780b21f997bbe8e9f565,IJ0AvVBWoL8iv1eVVPPzPzqog055g+Q/k8j1kK8j8L9nusmLUCkEQIQGUlxElv6/N5xJN5g8BcAcClNBtBYCwDBhF/sYx+A/HbNJ9NRsBEA=,compact,4,10,,
run-20260903T230838Z-4891f68f,3,493,463,18,1788476919.201062,5867968000000,i03-g000018-n000000463,i03-g000005-n000000151;i03-g000003-n000000084;i03-g000001-n000000049;i03-g000002-n000000066,de_trial,127.19748645266891,,,,,real_vector,3fef81b85f2f95e9b96fefe9750fe934,6G3KGVih7T9MoIJlx+UAwI5w9UaTK+G/evBc6sRZ8L+yDDcTdM4CwAyXpALsrvK/qF5KsZDrCcAWW0u+CgPxv7aslSdISgXAFPL72O2EA0A=,compact,4,10,,
run-20260903T230838Z-4891f68f,3,494,464,18,1788476919.201062,5867968000000,i03-g000018-n000000464,i03-g000005-n000000146;i03-g000011-n000000298;i03-g000011-n000000299;i03-g000002-n000000076,de_trial,144.8302065741583,,,,,real_vector,0011267d28e7258ecb5a49bdfa4e444d,miLJD7EN9j+qX0yPuID1P/z4AiUjLwZA1Ny83jj0+b9cU5+i8wjLv5hU6uwWs+o/AGDHXAXiNz8q5bEsV8MMQA5oQhE0aOo/wm9Fqqk/9z8=,compact,4,10,,
run-20260903T230838Z-4891f68f,3,495,465,18,1788476919.201062,5867968000000,i03-g000018-n000000465,i03-g000008-n000000225;i03-g000005-n000000151;i03-g000017-n000000430;i03-g000009-n000000238,de_trial,168.3164918528073,,,,,real_vector,05fe564e6363bcde097d7d233aae1d85,AJDDNHeZBcDAabzso+PIvyE5IjpFCgZAXZ6xW1MQBcBOuMSGVgrqPzxa7rMPcPO/+lUe1O43C8BR6xqgjrjuv4D82r8xMw3ABPc12B9DA8A=,compact,4,10,,
run-20260903T230838Z-4891f68f,3,496,466,18,1788476919.201062,5867968000000,i03-g000018-n000000466,i03-g000011-n000000299;i03-g000007-n000000178;i03-g000017-n000000430;i03-g000011-n000000298,de_trial,124.68606980436903,,,,,real_vector,7146323a3f204360147efca929d088d3,Ooi9fg1E8r+U/G8pms7Dv177ET2Bg+m/utyWKRduDkB8MEIRuW/Fv+x1LP4PnAzALLi68WgL7780vGGqiVAHwEp/aOsDUQPArj1rvnhZ1D8=,compact,4,10,,
run-20260903T230838Z-4891f68f,3,497,467,18,1788476919.201062,5867968000000,i03-g000018-n000000467,i03-g000014-n000000371;i03-g000008-n000000224;i03-g000003-n000000084;i03-g000005-n000000151,de_trial,123.79103754410653,,,,,real_vector,35a4d7e28cf265dc14470332697b916f,1EQs6ap37T/we15DmYXmv1hjvuPPbQ1AWCMCrTFKAsA8M5ZIvsfBvzrV2Vp0ivI/GOTC7syCAcAOfX2Qg0L/P7TncYapWALAbMn+cICRDkA=,compact,4,10,,
run-20260903T230838Z-4891f68f,3,500,468,19,1788476919.202568,5867968000000,i03-g000019-n000000468,i03-g000001-n000000051;i03-g000007-n000000178;i03-g000017-n000000430;i03-g000002-n000000066,de_trial,126.0112352464106,,,,,real_vector,7c9f05277316536105e80b9081123e48,5xscauFX5D828kF843Pzv0hyBH7aPdU/bhHRWXhFDkDeg42Rb2j8v/dwWt+1/w/AYFZXVEbF/j/UQN22+GPrv1Ki9B9SKOW/LyVe/WHp/D8=,compact,4,10,,
run-20260903T230838Z-4891f68f,3,501,469,19,1788476919.203574,5867968000000,i03-g000019-n000000469,i03-g000005-n000000127;i03-g000005-n000000151;i03-g000008-n000000225;i03-g000018-n000000456,de_trial,132.00010197103433,,,,,real_vector,30c7b0097130884c28038623cc343392,zgt2R/9Z9L8o6eWZmfjTP7Qo0CoxEAZASlcEYPxZBcAOhimtW+n9Pwv/i300Jfo/7+Yye1z+AcDRBqzGhgTtv+aH18sHGPS/igoES7ZyAcA=,compact,4,10,,
run-20260903T230838Z-4891f68f,3,502,470,19,1788476919.203574,5867968000000,i03-g000019-n000000470,i03-g000007-n000000178;i03-g000014-n000000351;i03-g000001-n000000048;i03-g000011-n000000298,de_trial,120.71596888415174,,,,,real_vector,b65619fec12dac0ec5171eb72cfa4fd6,SO8IZnwL479xdK8cg6joP7yG4kNJRgNAMkQJ5PfQ6j8I0hOyDSPwPwWxLXDLiP6/vDLGwm7v9D/MPQwSyfMBwIBhgn6Xtec/lEQLYt4UAkA=,compact,4,10,,
run-20260903T230838Z-4891f68f,3,503,471,19,1788476919.203574,5867968000000,i03-g000019-n000000471,i03-g000014-n000000351;i03-g000002-n000000077;i03-g000005-n000000151;i03-g000014-n000000371,de_trial,142.77102412173664,,,,,real_vector,b103b6afc1277a2a1bc4ef67e8029cd9,0Jld3hPeBsBg/3VS9MOhPwBg46fcRo+/9lj2/OIrEMDM5zV3UOH2vwyB2biCjPg/KMAapomODcBIAREia6D1P379HwKrrvQ/yKaF9lB/578=,compact,4,10,,
run-20260903T230838Z-4891f68f,3,504,472,19,1788476919.203574,5867968000000,i03-g000019-n000000472,i03-g000001-n000000048;i03-g000002-n000000077;i03-g000010-n000000268;i03-g000005-n000000146,de_trial,169.66215356954916,,,,,real_vector,b3f0718865cc5998cf2de96e8948716c,/JmUmF0a9r9wZS4c7P8PQLip97UQDdy/65vuYWYxD8BcF80DhqIQwPANB5Qv3QLAB6SHLDHDCMAg+OSBeCi5P0g+7ApzG9u/xMQRqrJp9z8=,compact,4,10,,
run-20260903T230838Z-4891f68f,3,505,473,19,1788476919.203574,5867968000000,i03-g000019-n000000473,i03-g000011-n000000298;i03-g000009-n000000233;i03-g000005-n000000150;i03-g000014-n000000371,de_trial,149.04646607053226,,,,,real_vector,a22141a557383ecdd88d68b8fabafb2e,FixR9b/w8D92gCqrE/3jPzXwtx0tvglAWglxB4ti7r88jEAHRvnbP6L/uK4ardm/CsExiKX2BEB5A+hcum/pv1Scr41uagdAK+4L5nkmEUA=,compact,4,10,,
run-20260903T230838Z-4891f68f,3,506,474,19,1788476919.203574,5867968000000,i03-g000019-n000000474,i03-g000003-n000000084;i03-g000017-n000000430;i03-g000009-n000000233;i03-g000011-n000000299,de_trial,136.74526659863466,,,,,real_vector,3132cc9cefc4f4522cf5080eaa7ec73f,UBhdeYTItL/CGOL8LzQTwPLX8reGpwjADDJm3FZp/j8w8webX8/4vzSDupO/0ArAd41DxFMf8D8HcvQr1c/zv9CTMTn2mfK/GAf5GqZg+D8=,compact,4,10,,
run-20260903T230838Z-4891f68f,3,507,475,19,1788476919.203574,5867968000000,i03-g000019-n000000475,i03-g000009-n000000233;i03-g000005-n000000127;i03-g000005-n000000151;i03-g000011-n000000285,de_trial,136.11313727055608,,,,,real_vector,3f5298da433ccf90cbb637309023e515,UpMjFfjR+L8GdvS6o54DQBm3Nn1LZAlAmdjPn9rtBcCQrGITndXHvzwpryTPXghALWGnhU0nAMCoD1l9zZf0vxSn851LTvS/RqgYEi0kAcA=,compact,4,10,,
run-20260903T230838Z-4891f68f,3,508,476,19,1788476919.203574,5867968000000,i03-g000019-n000000476,i03-g000001-n000000049;i03-g000010-n000000268;i03-g000018-n000000456;i03-g000014-n000000371,de_trial,156.96466850593436,,,,,real_vector,baa9215e13d45629cba0db46f6bf0bae,7RLjQQyo1r/jQmAHogD4Py6k7tIzkwPAxAJu68wL37/uf5W9WEAAwOz1Lt7DyQnAyphLpwsyB8CL3tHQf0wBQM3PohEryRPAsioLxu2p/j8=,compact,4,10,,
run-20260903T230838Z-4891f68f,3,509,477,19,1788476919.203574,5867968000000,i03-g000019-n000000477,i03-g000008-n000000224;i03-g000014-n000000351;i03-g000007-n000000178;i03-g000011-n000000299,de_trial,158.20019845683154,,,,,real_vector,a8caba47712d28b4479fd1fdbef2df4a,AeuqInLG8T9THPwmIdjkv+emDIN2KwRARE3TXvGAC0AbrOVwnN3Tv4V0ItzOkQLAdr12KXSZAEB5C2awxw0HwAVMO6t7HfU/Qa6ed8to+z8=,compact,4,10,,
run-20260903T230838Z-4891f68f,3,510,478,19,1788476919.203574,5867968000000,i03-g000019-n000000478,i03-g000017-n000000430;i03-g000009-n000000233;i03-g000018-n000000456;i03-g000003-n000000084,de_trial,139.71524713441312,,,,,real_vector,13acb7001a63274df4cba404628f870a,JzmXu8Or4j+YrgLA2vQKQEIKLtBIxvE/Nhl2pMWX5j9+8I9wDO7Uv7DMtrCp0wnAUZnnyeM/8b9KxWtLUNbhv6+LfDzVbAjAGijOL7RGB0A=,compact,4,10,,
run-20260903T230838Z-4891f68f,3,511,479,19,1788476919.204574,5867968000000,i03-g000019-n000000479,i03-g000011-n000000285;i03-g000011-n000000298;i03-g000009-n000000233;i03-g000005-n000000150,de_trial,108.15745699492004,,,,,real_vector,b0776c06761b48f121b6bea8f9910042,/OeuGqYFAEAEt4J8/e/bP4CLHVsgiAZAroSyY/nB7T+c/92Gefzgv1NXxrZ6Ldc/oHlA11qwAEBASBFOI47/P252CPj7FtU/fGCLez4HAUA=,compact,4,10,,
run-20260903T230838Z-4891f68f,3,512,480,19,1788476919.204574,5867968000000,i03-g000019-n000000480,i03-g000018-n000000456;i03-g000002-n000000066;i03-g000011-n000000285;i03-g000002-n000000076,de_trial,156.74508112195508,,,,,real_vector,0989bd5089dae85781924f7cc33f3bd9,wrKEu6dx+b+NSV4KgP4DQEhMR87xfds/gEbJa/zCpj/N3exLQbLzv3bDeMKgGgRAUZnnyeM/8b80QHh916LYP3TqOA+hpAbAKlsdauvJ4L8=,compact,4,10,,
run-20260903T230838Z-4891f68f,3,513,481,19,1788476919.204574,5867968000000,i03-g000019-n000000481,i03-g000005-n000000150;i03-g000009-n000000233;i03-g000005-n000000146;i03-g000005-n000000127,de_trial,137.17745923623278,,,,,real_vector,0acd68a96fab45facc03fc78f8c834bc,+BItwl334T81d9keOTfzvzXxr7LNrBBAymDDzhty4b+FCVgs/gQCQFAsIc58uL+/wJm8MbzeBUARpgwrtmDxv4R0lceg0/s/cFKmdugsCUA=,compact,4,10,,
run-20260903T230838Z-4891f68f,3,514,482,19,1788476919.204574,5867968000000,i03-g000019-n000000482,i03-g000002-n000000066;i03-g000001-n000000048;i03-g000011-n000000298;i03-g000001-n000000049,de_trial,183.04468585582902,,,,,real_vector,3294356d9459f6f77f03ed0d4a7c7e57,RH0mi32x57+r7tyfHdAKQD3PKecadwtAo6h4r9iKAMACcwtLnh8EQOSUl36Z/tI/RfHaLOYU+r+0nkXTNMLEP2dBakWCL/c/VOfq+4EYBUA=,compact,4,10,,
run-20260903T230838Z-4891f68f,3,515,483,19,1788476919.204574,5867968000000,i03-g000019-n000000483,i03-g000001-n000000050;i03-g000001-n000000051;i03-g000008-n000000225;i03-g000011-n000000285,de_trial,144.34571079036053,,,,,real_vector,89630117dbc3546ce195f6635ba52729,+PraKY3c6b+OZ27rAm7uv74hTSxcpgnAOsRANQ086T84ORYoKAb3v0iL5Z9bfPO/dEyy2oSFEMBSBQjja9Dlv1dBQRpX8xPAkH2RN2gN4r8=,compact,4,10,,
run-20260903T230838Z-4891f68f,3,516,484,19,1788476919.204574,5867968000000,i03-g000019-n000000484,i03-g000002-n000000076;i03-g000002-n000000066;i03-g000005-n000000146;i03-g000010-n000000268,de_trial,93.10000414144405,,,,,real_vector,5c487196f1108efbe9780ffda7440a7c,lp351drSBMDxn9HmNJ3/PyoyyJYIYPY/knMlpnkT7L8s7LcJwevrP0NlIqMyDv8/eb8auo6f/z8RpgwrtmDxv2T+WqufP/K/Tjho93d3+b8=,compact,4,10,,
run-20260903T230838Z-4891f68f,3,517,485,19,1788476919.205576,5867984000000,i03-g000019-n000000485,i03-g000002-n000000077;i03-g000005-n000000146;i03-g000001-n000000051;i03-g000005-n000000151,de_trial,116.35885301303973,,,,,real_vector,07fcac32bdd89660fccdf814e39a6258,NEOIaPW42L+WMTtfDJj9vzzGpw0QK/A/yvbnzOwb8z/+RAuubMsAwO7TGUMD/Pk/I2ndQfZqAMA0A9xiOkQJQCju1SgfJtc/MozgH3KgAkA=,compact,4,10,,
run-20260903T230838Z-4891f68f,3,518,486,19,1788476919.205576,5867984000000,i03-g000019-n000000486,i03-g000010-n000000268;i03-g000011-n000000285;i03-g000011-n000000298;i03-g000001-n000000050,de_trial,199.21912088893993,,,,,real_vector,d3c86be5a1634c8b2b93eacb0ecd746e,wDj6s9/kBED9I49BGczgv/CedE8WGg1A3Ly8Oi3c978u8DST29r4v3zUs44i9AHAir153mLUAkA4qBKbsujtPw59yVvD6ARAuY0LUYzkDkA=,compact,4,10,,
run-20260903T230838Z-4891f68f,3,519,487,19,1788476919.205576,5867984000000,i03-g000019-n000000487,i03-g000005-n000000151;i03-g000002-n000000077;i03-g000001-n000000048;i03-g000011-n000000299,de_trial,119.91909113030097,,,,,real_vector,cf70cc4ae22a8e47889f756679942787,ZDXxy+2QBcB/dpsq5lMIQJj6IkmGK8O/ZK/iS0zhBcAKIeTdzDL4v1iiG8Z+kL6/ZOwh0u8IAcDUtnKiaDzev5ZuUoJgqAZA0hk6h81e7j8=,compact,4,10,,
run-20260903T230838Z-4891f68f,3,520,488,19,1788476919.205576,5867984000000,i03-g000019-n000000488,i03-g000005-n000000146;i03-g000002-n000000076;i03-g000011-n000000285;i03-g000001-n000000049,de_trial,154.94330275656645,,,,,real_vector,5c8dbca259f05991f8fd8a94d5ec0bab,S7HuQn9t6T9m1uDEtrH+P5jvhDi16RNAKB18k14u8L+r6yEzshX0P4Bh4YfcMfS/tokZLWuWE0DeJJsjckD9v89inrpAOxBA3qnwJI/4EUA=,compact,4,10,,
run-20260903T230838Z-4891f68f,3,521,489,19,1788476919.205576,5867984000000,i03-g000019-n000000489,i03-g000008-n000000225;i03-g000011-n000000299;i03-g000011-n000000285;i03-g000010-n000000268,de_trial,117.72817056771616,,,,,real_vector,554e374070270832c6d52e12520603b8,zOqsMw6C0z96OD53Jwb6PzQybSHVFBJAvLHjXRnQ8b/UC9UUr0TzPwhEtalLIrM/9vAIixWH6z9Yp0/TdSfuP5KoGDe2nfQ/wEkbjf0NB0A=,compact,4,10,,
run-20260903T230838Z-4891f68f,3,522,490,19,1788476919.205576,5867984000000,i03-g000019-n000000490,i03-g000011-n000000299;i03-g000005-n000000151;i03-g000018-n000000456;i03-g000014-n000000371,de_trial,109.60503364275698,,,,,real_vector,f7a67aa4174e0a918b6d7b6324b2d647,RdfYcIemAsB/VLb6tGHyPxCSARFRsghAE2iyZ+Pp8b93UuFYQdbsP2x4X52e1MA/RH8bqG3GDsAgb3iu3AzFP+B0yDMSuAnApp7qS+m6AsA=,compact,4,10,,
run-20260903T230838Z-4891f68f,3,523,491,19,1788476919.205576,5867984000000,i03-g000019-n000000491,i03-g000014-n000000371;i03-g000018-n000000456;i03-g000011-n000000285;i03-g000005-n000000151,de_trial,153.56918531216834,,,,,real_vector,470cdd8e068530e9882f0c6415ee5d19,GDV9fhgn6T/LdQHrsPftPyeEMbzeNfm/MD6xnybOBUAQni5FfMnWP1jxoArvKhHAuyFKdb2d8z9GG5HWaHvXP8CGHS4ZyOa/DRewzrKOD0A=,compact,4,10,,
